timestamp,price_dollar,sells
1385600400000,1.944,17
1385686800000,0.777,58
1385773200000,0.634,70
1385859600000,0.589,79
1385946000000,0.553,62
1386032400000,0.499,71
1386118800000,0.577,65
1386205200000,0.523,69
1386291600000,0.528,73
1386378000000,0.531,103
1386464400000,0.504,85
1386550800000,0.47,75
1386637200000,0.432,73
1386723600000,0.443,70
1386810000000,0.399,77
1386896400000,0.364,96
1386982800000,0.391,101
1387069200000,0.373,113
1387155600000,0.353,98
1387242000000,0.374,87
1387328400000,0.359,65
1387414800000,0.31,105
1387501200000,0.238,136
1387587600000,0.237,183
1387674000000,0.287,182
1387760400000,0.32,164
1387846800000,0.346,143
1387933200000,0.332,111
1388019600000,0.348,166
1388106000000,0.337,166
1388192400000,0.35,161
1388278800000,0.323,172
1388365200000,0.335,195
1388451600000,0.321,182
1388538000000,0.319,170
1388624400000,0.323,175
1388710800000,0.315,139
1388797200000,0.368,248
1388883600000,0.352,234
1388970000000,0.367,173
1389056400000,0.314,181
1389142800000,0.326,176
1389229200000,0.329,169
1389315600000,0.338,204
1389402000000,0.341,200
1389488400000,0.3,246
1389574800000,0.234,232
1389661200000,0.295,205
1389747600000,0.278,185
1389834000000,0.283,187
1389920400000,0.274,187
1390006800000,0.295,219
1390093200000,0.291,258
1390179600000,0.261,202
1390266000000,0.266,214
1390352400000,0.265,210
1390438800000,0.249,208
1390525200000,0.234,202
1390611600000,0.266,224
1390698000000,0.244,248
1390784400000,0.222,218
1390870800000,0.231,239
1390957200000,0.217,270
1391043600000,0.203,210
1391130000000,0.196,247
1391216400000,0.205,303
1391302800000,0.206,291
1391389200000,0.202,256
1391475600000,0.192,224
1391562000000,0.185,219
1391648400000,0.18,231
1391734800000,0.172,261
1391821200000,0.166,305
1391907600000,0.173,385
1391994000000,0.191,245
1392080400000,0.176,236
1392166800000,0.166,245
1392253200000,0.142,183
1392339600000,0.115,272
1392426000000,0.109,355
1392512400000,0.112,337
1392598800000,0.102,271
1392685200000,0.109,226
1392771600000,0.102,216
1392858000000,0.113,210
1392944400000,0.089,236
1393030800000,0.084,346
1393117200000,0.091,300
1393203600000,0.099,282
1393290000000,0.102,256
1393376400000,0.1,265
1393462800000,0.101,309
1393549200000,0.097,299
1393635600000,0.095,387
1393722000000,0.1,388
1393808400000,0.099,225
1393894800000,0.081,243
1393981200000,0.091,278
1394067600000,0.098,242
1394154000000,0.091,325
1394240400000,0.091,340
1394326800000,0.091,384
1394413200000,0.09,349
1394499600000,0.086,269
1394586000000,0.089,264
1394672400000,0.092,194
1394758800000,0.101,215
1394845200000,0.084,475
1394931600000,0.087,533
1395018000000,0.091,320
1395104400000,0.098,329
1395190800000,0.103,339
1395277200000,0.101,334
1395363600000,0.107,334
1395450000000,0.11,415
1395536400000,0.105,409
1395622800000,0.1,341
1395709200000,0.109,273
1395795600000,0.108,356
1395882000000,0.115,352
1395968400000,0.111,340
1396054800000,0.107,422
1396141200000,0.1,443
1396227600000,0.101,451
1396314000000,0.114,220
1396400400000,0.101,356
1396486800000,0.107,302
1396573200000,0.103,399
1396659600000,0.107,393
1396746000000,0.11,410
1396832400000,0.108,305
1396918800000,0.109,280
1397005200000,0.108,302
1397091600000,0.107,310
1397178000000,0.108,320
1397264400000,0.108,393
1397350800000,0.1,392
1397437200000,0.102,398
1397523600000,0.107,452
1397610000000,0.107,382
1397696400000,0.103,344
1397782800000,0.101,375
1397869200000,0.104,420
1397955600000,0.097,443
1398042000000,0.098,456
1398128400000,0.104,383
1398214800000,0.098,355
1398301200000,0.098,351
1398387600000,0.105,422
1398474000000,0.107,460
1398560400000,0.103,439
1398646800000,0.095,386
1398733200000,0.1,316
1398819600000,0.097,386
1398906000000,0.1,391
1398992400000,0.096,294
1399078800000,0.082,427
1399165200000,0.068,497
1399251600000,0.071,485
1399338000000,0.071,508
1399424400000,0.07,509
1399510800000,0.074,642
1399597200000,0.073,513
1399683600000,0.066,591
1399770000000,0.067,646
1399856400000,0.07,395
1399942800000,0.06,417
1400029200000,0.057,467
1400115600000,0.072,681
1400202000000,0.08,624
1400288400000,0.074,579
1400374800000,0.075,653
1400461200000,0.074,603
1400547600000,0.076,548
1400634000000,0.078,610
1400720400000,0.072,434
1400806800000,0.073,580
1400893200000,0.073,627
1400979600000,0.075,614
1401066000000,0.074,638
1401152400000,0.074,500
1401238800000,0.071,522
1401325200000,0.069,465
1401411600000,0.067,517
1401498000000,0.065,545
1401584400000,0.064,575
1401670800000,0.058,519
1401757200000,0.07,530
1401843600000,0.068,493
1401930000000,0.067,617
1402016400000,0.062,565
1402102800000,0.069,611
1402189200000,0.066,627
1402275600000,0.068,532
1402362000000,0.07,561
1402448400000,0.07,443
1402534800000,0.069,517
1402621200000,0.064,538
1402707600000,0.074,615
1402794000000,0.068,634
1402880400000,0.067,675
1402966800000,0.058,637
1403053200000,0.061,585
1403139600000,0.062,599
1403226000000,0.052,628
1403312400000,0.054,630
1403398800000,0.05,657
1403485200000,0.048,665
1403571600000,0.048,677
1403658000000,0.048,658
1403744400000,0.052,682
1403830800000,0.06,724
1403917200000,0.058,715
1404003600000,0.054,775
1404090000000,0.063,730
1404176400000,0.066,725
1404262800000,0.051,749
1404349200000,0.058,715
1404435600000,0.062,581
1404522000000,0.066,680
1404608400000,0.068,582
1404694800000,0.068,680
1404781200000,0.07,554
1404867600000,0.071,667
1404954000000,0.067,695
1405040400000,0.066,724
1405126800000,0.071,699
1405213200000,0.073,772
1405299600000,0.076,743
1405386000000,0.073,782
1405472400000,0.07,752
1405558800000,0.069,629
1405645200000,0.066,703
1405731600000,0.067,702
1405818000000,0.065,750
1405904400000,0.069,662
1405990800000,0.072,640
1406077200000,0.073,617
1406163600000,0.07,583
1406250000000,0.068,717
1406336400000,0.071,689
1406422800000,0.075,725
1406509200000,0.075,712
1406595600000,0.076,713
1406682000000,0.078,775
1406768400000,0.076,743
1406854800000,0.074,772
1406941200000,0.079,810
1407027600000,0.08,982
1407114000000,0.08,744
1407200400000,0.066,798
1407286800000,0.065,730
1407373200000,0.067,717
1407459600000,0.071,751
1407546000000,0.073,801
1407632400000,0.073,747
1407718800000,0.073,733
1407805200000,0.071,689
1407891600000,0.075,737
1407978000000,0.074,655
1408064400000,0.072,857
1408150800000,0.07,769
1408237200000,0.048,1101
1408323600000,0.054,1027
1408410000000,0.069,810
1408496400000,0.074,816
1408582800000,0.078,830
1408669200000,0.078,812
1408755600000,0.079,863
1408842000000,0.084,796
1408928400000,0.081,858
1409014800000,0.082,832
1409101200000,0.078,854
1409187600000,0.08,750
1409274000000,0.081,882
1409360400000,0.084,949
1409446800000,0.081,842
1409533200000,0.085,876
1409619600000,0.083,739
1409706000000,0.085,674
1409792400000,0.083,715
1409878800000,0.075,860
1409965200000,0.08,1023
1410051600000,0.084,853
1410138000000,0.085,670
1410224400000,0.084,696
1410310800000,0.083,626
1410397200000,0.077,884
1410483600000,0.071,938
1410570000000,0.073,1030
1410656400000,0.075,916
1410742800000,0.075,813
1410829200000,0.073,771
1410915600000,0.072,645
1411002000000,0.072,755
1411088400000,0.073,887
1411174800000,0.072,959
1411261200000,0.076,890
1411347600000,0.071,746
1411434000000,0.07,753
1411520400000,0.068,679
1411606800000,0.077,651
1411693200000,0.072,825
1411779600000,0.068,971
1411866000000,0.071,921
1411952400000,0.071,727
1412038800000,0.068,663
1412125200000,0.067,820
1412211600000,0.073,821
1412298000000,0.074,901
1412384400000,0.071,1044
1412470800000,0.074,1005
1412557200000,0.074,647
1412643600000,0.076,713
1412730000000,0.073,772
1412816400000,0.074,837
1412902800000,0.072,788
1412989200000,0.074,1298
1413075600000,0.074,1097
1413162000000,0.073,775
1413248400000,0.077,707
1413334800000,0.073,681
1413421200000,0.073,706
1413507600000,0.07,872
1413594000000,0.068,1353
1413680400000,0.069,959
1413766800000,0.067,837
1413853200000,0.069,699
1413939600000,0.068,733
1414026000000,0.069,734
1414112400000,0.074,870
1414198800000,0.07,900
1414285200000,0.064,1061
1414371600000,0.067,778
1414458000000,0.068,787
1414544400000,0.07,782
1414630800000,0.073,787
1414717200000,0.064,1010
1414803600000,0.062,1031
1414890000000,0.064,1229
1414976400000,0.066,860
1415062800000,0.071,934
1415149200000,0.07,844
1415235600000,0.068,870
1415322000000,0.071,818
1415408400000,0.074,1117
1415494800000,0.069,987
1415581200000,0.066,779
1415667600000,0.065,835
1415754000000,0.051,824
1415840400000,0.045,846
1415926800000,0.051,957
1416013200000,0.054,1161
1416099600000,0.056,1139
1416186000000,0.057,823
1416272400000,0.06,852
1416358800000,0.059,821
1416445200000,0.059,795
1416531600000,0.053,837
1416618000000,0.049,897
1416704400000,0.051,924
1416790800000,0.049,662
1416877200000,0.053,762
1416963600000,0.057,792
1417050000000,0.053,956
1417136400000,0.049,923
1417222800000,0.064,297
1417309200000,0.046,1441
1417395600000,0.043,999
1417482000000,0.048,944
1417568400000,0.057,993
1417654800000,0.061,960
1417741200000,0.067,947
1417827600000,0.068,1368
1417914000000,0.064,1230
1418000400000,0.064,1024
1418086800000,0.063,970
1418173200000,0.062,1089
1418259600000,0.064,986
1418346000000,0.059,1148
1418432400000,0.055,1445
1418518800000,0.057,1570
1418605200000,0.056,1169
1418691600000,0.048,1045
1418778000000,0.062,1180
1418864400000,0.061,1091
1418950800000,0.057,1062
1419037200000,0.051,1253
1419123600000,0.051,1240
1419210000000,0.05,1247
1419296400000,0.054,1034
1419382800000,0.052,1103
1419469200000,0.061,1171
1419555600000,0.061,1338
1419642000000,0.063,1564
1419728400000,0.066,1628
1419814800000,0.066,1531
1419901200000,0.065,1641
1419987600000,0.065,1445
1420074000000,0.068,1275
1420160400000,0.068,1747
1420246800000,0.071,1603
1420333200000,0.071,1592
1420419600000,0.069,1516
1420506000000,0.069,1697
1420592400000,0.07,1422
1420678800000,0.072,1530
1420765200000,0.068,1794
1420851600000,0.069,2069
1420938000000,0.07,2208
1421024400000,0.071,1541
1421110800000,0.071,1827
1421197200000,0.07,1715
1421283600000,0.07,1739
1421370000000,0.068,1870
1421456400000,0.069,2073
1421542800000,0.07,2213
1421629200000,0.068,1901
1421715600000,0.072,1804
1421802000000,0.072,1787
1421888400000,0.072,1742
1421974800000,0.074,2004
1422061200000,0.073,2223
1422147600000,0.069,2523
1422234000000,0.069,2166
1422320400000,0.069,1887
1422406800000,0.072,1853
1422493200000,0.067,1975
1422579600000,0.068,2161
1422666000000,0.068,2557
1422752400000,0.066,2702
1422838800000,0.068,2049
1422925200000,0.068,1947
1423011600000,0.072,1906
1423098000000,0.067,1875
1423184400000,0.066,2282
1423270800000,0.071,2532
1423357200000,0.066,2398
1423443600000,0.069,1966
1423530000000,0.07,1723
1423616400000,0.069,1883
1423702800000,0.068,1812
1423789200000,0.068,2231
1423875600000,0.072,2499
1423962000000,0.069,2349
1424048400000,0.067,2041
1424134800000,0.07,1851
1424221200000,0.072,1878
1424307600000,0.072,2002
1424394000000,0.072,2220
1424480400000,0.073,2256
1424566800000,0.074,2180
1424653200000,0.072,1927
1424739600000,0.073,1984
1424826000000,0.072,1739
1424912400000,0.075,1796
1424998800000,0.072,2042
1425085200000,0.069,2287
1425171600000,0.068,2372
1425258000000,0.065,1787
1425344400000,0.068,1650
1425430800000,0.069,1939
1425517200000,0.069,1816
1425603600000,0.069,2056
1425690000000,0.067,2306
1425776400000,0.065,2239
1425862800000,0.063,2053
1425949200000,0.062,1675
1426035600000,0.061,1628
1426122000000,0.067,1515
1426208400000,0.057,2088
1426294800000,0.058,2560
1426381200000,0.051,2503
1426467600000,0.049,1990
1426554000000,0.057,1942
1426640400000,0.061,1817
1426726800000,0.064,1894
1426813200000,0.066,2070
1426899600000,0.065,2732
1426986000000,0.066,2477
1427072400000,0.063,2188
1427158800000,0.065,2176
1427245200000,0.067,2212
1427331600000,0.069,2209
1427418000000,0.068,2411
1427504400000,0.067,2871
1427590800000,0.064,2670
1427677200000,0.062,2171
1427763600000,0.063,2212
1427850000000,0.063,2573
1427936400000,0.068,2528
1428022800000,0.073,2646
1428109200000,0.065,3009
1428195600000,0.066,2894
1428282000000,0.069,2479
1428368400000,0.071,2543
1428454800000,0.071,2384
1428541200000,0.073,2328
1428627600000,0.074,2083
1428714000000,0.073,2741
1428800400000,0.073,2747
1428886800000,0.073,2256
1428973200000,0.071,2039
1429059600000,0.072,2007
1429146000000,0.059,2340
1429232400000,0.055,2695
1429318800000,0.055,3313
1429405200000,0.059,3044
1429491600000,0.057,2723
1429578000000,0.053,2422
1429664400000,0.056,2371
1429750800000,0.059,2401
1429837200000,0.059,2732
1429923600000,0.057,3386
1430010000000,0.057,3221
1430096400000,0.058,2610
1430182800000,0.059,2376
1430269200000,0.06,2334
1430355600000,0.06,2796
1430442000000,0.06,2478
1430528400000,0.061,3441
1430614800000,0.062,3205
1430701200000,0.063,2759
1430787600000,0.061,2425
1430874000000,0.061,2234
1430960400000,0.062,2400
1431046800000,0.059,3192
1431133200000,0.061,3229
1431219600000,0.061,3194
1431306000000,0.059,2760
1431392400000,0.06,2525
1431478800000,0.063,2419
1431565200000,0.063,2564
1431651600000,0.063,2412
1431738000000,0.063,3312
1431824400000,0.062,3291
1431910800000,0.064,2319
1431997200000,0.064,2417
1432083600000,0.064,2318
1432170000000,0.065,2377
1432256400000,0.066,2489
1432342800000,0.065,2905
1432429200000,0.066,2705
1432515600000,0.065,2339
1432602000000,0.064,2337
1432688400000,0.034,2608
1432774800000,0.035,2859
1432861200000,0.041,2796
1432947600000,0.048,3243
1433034000000,0.049,2984
1433120400000,0.053,2496
1433206800000,0.055,2458
1433293200000,0.054,2665
1433379600000,0.05,2567
1433466000000,0.046,2606
1433552400000,0.048,2463
1433638800000,0.049,2832
1433725200000,0.05,2281
1433811600000,0.048,2044
1433898000000,0.047,2684
1433984400000,0.044,2092
1434070800000,0.037,2104
1434157200000,0.037,2446
1434243600000,0.035,2411
1434330000000,0.036,2299
1434416400000,0.038,2063
1434502800000,0.037,2271
1434589200000,0.037,2098
1434675600000,0.039,2176
1434762000000,0.037,2096
1434848400000,0.036,2218
1434934800000,0.038,2177
1435021200000,0.042,1875
1435107600000,0.044,2107
1435194000000,0.042,2089
1435280400000,0.043,2307
1435366800000,0.045,2332
1435453200000,0.047,2218
1435539600000,0.047,2195
1435626000000,0.047,2169
1435712400000,0.047,2278
1435798800000,0.048,2066
1435885200000,0.048,2173
1435971600000,0.052,1973
1436058000000,0.049,2015
1436144400000,0.05,2201
1436230800000,0.051,1763
1436317200000,0.049,2013
1436403600000,0.05,2158
1436490000000,0.053,1841
1436576400000,0.052,1725
1436662800000,0.051,1868
1436749200000,0.051,2029
1436835600000,0.053,1656
1436922000000,0.053,2092
1437008400000,0.053,1948
1437094800000,0.049,1989
1437181200000,0.053,1861
1437267600000,0.052,1770
1437354000000,0.054,1961
1437440400000,0.053,1834
1437526800000,0.053,2029
1437613200000,0.052,2200
1437699600000,0.053,2046
1437786000000,0.05,1710
1437872400000,0.048,1548
1437958800000,0.048,2036
1438045200000,0.046,1957
1438131600000,0.048,2017
1438218000000,0.047,1942
1438304400000,0.045,1943
1438390800000,0.046,1823
1438477200000,0.045,1847
1438563600000,0.045,1851
1438650000000,0.045,1908
1438736400000,0.045,2363
1438822800000,0.047,2016
1438909200000,0.045,1767
1438995600000,0.046,1869
1439082000000,0.047,1779
1439168400000,0.049,1898
1439254800000,0.046,1965
1439341200000,0.044,1980
1439427600000,0.044,1904
1439514000000,0.045,2342
1439600400000,0.041,1508
1439686800000,0.037,1690
1439773200000,0.037,1707
1439859600000,0.038,1749
1439946000000,0.039,1984
1440032400000,0.035,1820
1440118800000,0.034,1915
1440205200000,0.037,1923
1440291600000,0.032,1932
1440378000000,0.033,2289
1440464400000,0.041,1917
1440550800000,0.041,2353
1440637200000,0.045,2395
1440723600000,0.045,2168
1440810000000,0.046,2040
1440896400000,0.047,2300
1440982800000,0.049,2108
1441069200000,0.05,1690
1441155600000,0.049,2260
1441242000000,0.047,2010
1441328400000,0.051,2421
1441414800000,0.048,2373
1441501200000,0.047,2530
1441587600000,0.051,1847
1441674000000,0.049,1815
1441760400000,0.051,1855
1441846800000,0.049,2139
1441933200000,0.05,2088
1442019600000,0.051,2348
1442106000000,0.051,2259
1442192400000,0.051,1763
1442278800000,0.05,1667
1442365200000,0.05,2145
1442451600000,0.049,1770
1442538000000,0.045,2456
1442624400000,0.045,2806
1442710800000,0.05,2718
1442797200000,0.047,2322
1442883600000,0.05,2357
1442970000000,0.048,2678
1443056400000,0.049,2584
1443142800000,0.049,2576
1443229200000,0.051,3011
1443315600000,0.05,2864
1443402000000,0.051,2132
1443488400000,0.053,1980
1443574800000,0.049,2292
1443661200000,0.051,2229
1443747600000,0.05,2510
1443834000000,0.051,2490
1443920400000,0.05,2312
1444006800000,0.051,1963
1444093200000,0.053,1785
1444179600000,0.049,2303
1444266000000,0.049,2076
1444352400000,0.05,2310
1444438800000,0.051,2415
1444525200000,0.052,2455
1444611600000,0.052,1759
1444698000000,0.05,1784
1444784400000,0.049,2145
1444870800000,0.044,2126
1444957200000,0.044,1806
1445043600000,0.045,2643
1445130000000,0.047,2349
1445216400000,0.045,1663
1445302800000,0.045,1681
1445389200000,0.043,2120
1445475600000,0.039,1630
1445562000000,0.036,2495
1445648400000,0.038,2776
1445734800000,0.039,2615
1445821200000,0.039,1836
1445907600000,0.042,1741
1445994000000,0.035,2218
1446080400000,0.035,2096
1446166800000,0.034,2423
1446253200000,0.032,2690
1446339600000,0.03,2698
1446426000000,0.03,2048
1446512400000,0.032,1977
1446598800000,0.034,2235
1446685200000,0.035,2114
1446771600000,0.036,2317
1446858000000,0.037,3047
1446944400000,0.037,2731
1447030800000,0.04,1781
1447117200000,0.039,1788
1447203600000,0.038,2068
1447290000000,0.038,1932
1447376400000,0.038,2132
1447462800000,0.039,2738
1447549200000,0.04,2750
1447635600000,0.041,2000
1447722000000,0.041,1905
1447808400000,0.037,2242
1447894800000,0.037,2079
1447981200000,0.036,2293
1448067600000,0.037,2703
1448154000000,0.034,2425
1448240400000,0.032,1776
1448326800000,0.037,2181
1448413200000,0.035,2380
1448499600000,0.031,2171
1448586000000,0.03,2588
1448672400000,0.031,2979
1448758800000,0.032,2401
1448845200000,0.03,1819
1448931600000,0.032,2127
1449018000000,0.035,2196
1449104400000,0.036,2860
1449190800000,0.037,2584
1449277200000,0.042,3115
1449363600000,0.044,3304
1449450000000,0.043,2389
1449536400000,0.044,2332
1449622800000,0.042,2631
1449709200000,0.037,2132
1449795600000,0.043,2622
1449882000000,0.043,3425
1449968400000,0.047,2890
1450054800000,0.046,2097
1450141200000,0.047,2612
1450227600000,0.045,2618
1450314000000,0.044,2522
1450400400000,0.047,2555
1450486800000,0.05,3302
1450573200000,0.05,2739
1450659600000,0.049,2470
1450746000000,0.049,2170
1450832400000,0.036,2612
1450918800000,0.03,2352
1451005200000,0.03,2198
1451091600000,0.031,2555
1451178000000,0.03,2899
1451264400000,0.03,2776
1451350800000,0.032,2746
1451437200000,0.031,3062
1451523600000,0.032,2833
1451610000000,0.03,2778
1451696400000,0.03,3147
1451782800000,0.031,2880
1451869200000,0.032,2553
1451955600000,0.034,2312
1452042000000,0.034,3211
1452128400000,0.034,2791
1452214800000,0.037,3348
1452301200000,0.038,2919
1452387600000,0.038,2420
1452474000000,0.039,1851
1452560400000,0.041,1916
1452646800000,0.043,1744
1452733200000,0.037,1929
1452819600000,0.034,2073
1452906000000,0.035,2583
1452992400000,0.038,2300
1453078800000,0.038,2244
1453165200000,0.037,1885
1453251600000,0.035,2076
1453338000000,0.034,2092
1453424400000,0.037,2140
1453510800000,0.037,2857
1453597200000,0.036,2597
1453683600000,0.036,2245
1453770000000,0.038,2312
1453856400000,0.036,2426
1453942800000,0.037,2684
1454029200000,0.036,2900
1454115600000,0.038,2935
1454202000000,0.038,2830
1454288400000,0.036,2568
1454374800000,0.036,2219
1454461200000,0.036,2555
1454547600000,0.036,2446
1454634000000,0.036,2796
1454720400000,0.034,2937
1454806800000,0.03,2565
1454893200000,0.03,1978
1454979600000,0.03,2206
1455066000000,0.03,2452
1455152400000,0.03,2754
1455238800000,0.03,2382
1455325200000,0.031,3085
1455411600000,0.03,3254
1455498000000,0.031,2621
1455584400000,0.032,2484
1455670800000,0.032,2737
1455757200000,0.03,2843
1455843600000,0.03,2681
1455930000000,0.03,3852
1456016400000,0.03,3614
1456102800000,0.03,3151
1456189200000,0.03,2536
1456275600000,0.03,3319
1456362000000,0.03,2637
1456448400000,0.03,2744
1456534800000,0.031,3383
1456621200000,0.035,2608
1456707600000,0.032,2764
1456794000000,0.032,2455
1456880400000,0.031,2909
1456966800000,0.032,2492
1457053200000,0.033,2898
1457139600000,0.033,3447
1457226000000,0.032,3079
1457312400000,0.032,2768
1457398800000,0.032,2400
1457485200000,0.033,2257
1457571600000,0.035,1556
1457658000000,0.036,2423
1457744400000,0.039,1886
1457830800000,0.04,2861
1457917200000,0.04,1649
1458003600000,0.041,1333
1458090000000,0.042,1268
1458176400000,0.042,1969
1458262800000,0.043,1493
1458349200000,0.045,1754
1458435600000,0.046,1749
1458522000000,0.046,1295
1458608400000,0.046,1424
1458694800000,0.046,1474
1458781200000,0.046,1799
1458867600000,0.045,1628
1458954000000,0.046,1677
1459040400000,0.046,1698
1459126800000,0.046,1637
1459213200000,0.045,1267
1459299600000,0.044,1475
1459386000000,0.04,1904
1459472400000,0.041,2092
1459558800000,0.04,2071
1459645200000,0.036,1874
1459731600000,0.037,1293
1459818000000,0.041,1230
1459904400000,0.041,1427
1459990800000,0.041,1372
1460077200000,0.044,1546
1460163600000,0.044,1766
1460250000000,0.045,1707
1460336400000,0.043,1357
1460422800000,0.044,1525
1460509200000,0.046,1191
1460595600000,0.045,1401
1460682000000,0.047,1441
1460768400000,0.046,1701
1460854800000,0.046,1897
1460941200000,0.045,1623
1461027600000,0.05,1377
1461114000000,0.05,1266
1461200400000,0.048,1390
1461286800000,0.049,1627
1461373200000,0.048,1624
1461459600000,0.048,1640
1461546000000,0.043,1428
1461632400000,0.047,1514
1461718800000,0.05,1332
1461805200000,0.048,1317
1461891600000,0.047,1398
1461978000000,0.046,1822
1462064400000,0.046,1966
1462150800000,0.048,1617
1462237200000,0.046,1658
1462323600000,0.044,1760
1462410000000,0.048,1613
1462496400000,0.046,1606
1462582800000,0.044,1690
1462669200000,0.046,1637
1462755600000,0.044,1446
1462842000000,0.045,1323
1462928400000,0.044,1562
1463014800000,0.044,1691
1463101200000,0.046,1593
1463187600000,0.047,1940
1463274000000,0.045,1853
1463360400000,0.045,1369
1463446800000,0.043,1374
1463533200000,0.043,1287
1463619600000,0.04,1323
1463706000000,0.041,1392
1463792400000,0.042,1524
1463878800000,0.043,1459
1463965200000,0.041,1086
1464051600000,0.039,1111
1464138000000,0.039,1435
1464224400000,0.038,1628
1464310800000,0.038,1583
1464397200000,0.037,1614
1464483600000,0.035,1607
1464570000000,0.036,1384
1464656400000,0.036,1219
1464742800000,0.035,1795
1464829200000,0.034,1631
1464915600000,0.033,1721
1465002000000,0.034,1764
1465088400000,0.034,1785
1465174800000,0.035,1604
1465261200000,0.034,1326
1465347600000,0.035,1589
1465434000000,0.035,1421
1465520400000,0.035,1356
1465606800000,0.036,1412
1465693200000,0.036,1478
1465779600000,0.035,1411
1465866000000,0.035,1249
1465952400000,0.036,1261
1466038800000,0.034,1536
1466125200000,0.035,1922
1466211600000,0.034,2002
1466298000000,0.034,1928
1466384400000,0.035,1490
1466470800000,0.038,1438
1466557200000,0.037,1457
1466643600000,0.034,1613
1466730000000,0.03,1564
1466816400000,0.03,1493
1466902800000,0.03,1609
1466989200000,0.03,1438
1467075600000,0.03,1480
1467162000000,0.03,1364
1467248400000,0.03,1390
1467334800000,0.03,1224
1467421200000,0.04,1535
1467507600000,0.031,1240
1467594000000,0.031,1444
1467680400000,0.031,1077
1467766800000,0.031,1350
1467853200000,0.033,1370
1467939600000,0.035,1318
1468026000000,0.038,1430
1468112400000,0.032,1508
1468198800000,0.032,1272
1468285200000,0.032,1031
1468371600000,0.036,1282
1468458000000,0.037,1567
1468544400000,0.035,1535
1468630800000,0.037,1381
1468717200000,0.036,1541
1468803600000,0.035,1404
1468890000000,0.035,1658
1468976400000,0.035,1562
1469062800000,0.035,1692
1469149200000,0.036,1689
1469235600000,0.036,1346
1469322000000,0.037,1470
1469408400000,0.038,1464
1469494800000,0.038,1520
1469581200000,0.038,2426
1469667600000,0.038,1845
1469754000000,0.037,1588
1469840400000,0.038,1773
1469926800000,0.037,1576
1470013200000,0.039,1897
1470099600000,0.039,1628
1470186000000,0.039,1801
1470272400000,0.041,1869
1470358800000,0.039,1551
1470445200000,0.038,1607
1470531600000,0.038,1502
1470618000000,0.038,1425
1470704400000,0.038,1366
1470790800000,0.037,1532
1470877200000,0.037,1626
1470963600000,0.038,1463
1471050000000,0.038,1387
1471136400000,0.038,1542
1471222800000,0.038,1464
1471309200000,0.036,1319
1471395600000,0.036,1671
1471482000000,0.036,1718
1471568400000,0.035,1689
1471654800000,0.036,1881
1471741200000,0.035,1764
1471827600000,0.033,1736
1471914000000,0.034,1914
1472000400000,0.034,1887
1472086800000,0.034,1715
1472173200000,0.036,1930
1472259600000,0.037,2786
1472346000000,0.038,2227
1472432400000,0.038,1868
1472518800000,0.038,1919
1472605200000,0.037,2051
1472691600000,0.037,1564
1472778000000,0.037,1822
1472864400000,0.037,3051
1472950800000,0.036,1940
1473037200000,0.037,1653
1473123600000,0.037,1737
1473210000000,0.037,1736
1473296400000,0.035,1487
1473382800000,0.037,1634
1473469200000,0.035,2213
1473555600000,0.036,2125
1473642000000,0.037,1507
1473728400000,0.035,1592
1473814800000,0.036,1443
1473901200000,0.035,1883
1473987600000,0.035,1790
1474074000000,0.036,2111
1474160400000,0.036,2016
1474246800000,0.035,1590
1474333200000,0.036,1518
1474419600000,0.037,1535
1474506000000,0.037,1649
1474592400000,0.036,1496
1474678800000,0.036,1835
1474765200000,0.036,1882
1474851600000,0.036,1344
1474938000000,0.035,1400
1475024400000,0.036,1501
1475110800000,0.035,1436
1475197200000,0.036,1506
1475283600000,0.036,1984
1475370000000,0.036,2050
1475456400000,0.036,1328
1475542800000,0.036,1443
1475629200000,0.035,1467
1475715600000,0.035,1431
1475802000000,0.034,1999
1475888400000,0.035,2063
1475974800000,0.035,1795
1476061200000,0.036,1149
1476147600000,0.032,1337
1476234000000,0.034,1879
1476320400000,0.034,1661
1476406800000,0.035,1673
1476493200000,0.036,1892
1476579600000,0.035,1827
1476666000000,0.036,1313
1476752400000,0.036,1307
1476838800000,0.035,1443
1476925200000,0.035,1639
1477011600000,0.035,1478
1477098000000,0.035,1537
1477184400000,0.034,1606
1477270800000,0.035,1273
1477357200000,0.035,944
1477443600000,0.035,1321
1477530000000,0.034,1201
1477616400000,0.034,1148
1477702800000,0.034,1683
1477789200000,0.033,1598
1477875600000,0.03,1652
1477962000000,0.03,1442
1478048400000,0.03,1626
1478134800000,0.031,1145
1478221200000,0.03,1525
1478307600000,0.033,1598
1478394000000,0.034,1500
1478480400000,0.034,1185
1478566800000,0.035,1220
1478653200000,0.036,1500
1478739600000,0.038,1934
1478826000000,0.035,1505
1478912400000,0.035,1956
1478998800000,0.035,1631
1479085200000,0.036,1236
1479171600000,0.035,1160
1479258000000,0.035,1131
1479344400000,0.035,1375
1479430800000,0.035,1348
1479517200000,0.036,1658
1479603600000,0.036,1603
1479690000000,0.035,1178
1479776400000,0.035,1066
1479862800000,0.035,1241
1479949200000,0.03,1879
1480035600000,0.03,1608
1480122000000,0.03,1769
1480208400000,0.03,1824
1480294800000,0.03,1376
1480381200000,0.03,1317
1480467600000,0.03,1507
1480554000000,0.03,1494
1480640400000,0.031,1676
1480726800000,0.035,1973
1480813200000,0.036,1889
1480899600000,0.036,1442
1480986000000,0.036,1402
1481072400000,0.038,1648
1481158800000,0.037,1659
1481245200000,0.038,2558
1481331600000,0.037,1959
1481418000000,0.037,1854
1481504400000,0.036,1622
1481590800000,0.037,1199
1481677200000,0.036,1605
1481763600000,0.035,1421
1481850000000,0.035,1476
1481936400000,0.033,1848
1482022800000,0.033,1971
1482109200000,0.033,1319
1482195600000,0.032,1192
1482282000000,0.034,1186
1482368400000,0.033,1255
1482454800000,0.031,998
1482541200000,0.033,1863
1482627600000,0.031,1615
1482714000000,0.032,1706
1482800400000,0.031,1744
1482886800000,0.033,1694
1482973200000,0.033,1596
1483059600000,0.033,1800
1483146000000,0.033,1621
1483232400000,0.033,1612
1483318800000,0.035,2051
1483405200000,0.035,1411
1483491600000,0.035,1506
1483578000000,0.036,1690
1483664400000,0.036,1692
1483750800000,0.037,1581
1483837200000,0.038,3054
1483923600000,0.039,1617
1484010000000,0.04,1645
1484096400000,0.042,1769
1484182800000,0.042,1573
1484269200000,0.044,1670
1484355600000,0.044,1923
1484442000000,0.043,1980
1484528400000,0.044,1601
1484614800000,0.043,1475
1484701200000,0.044,1478
1484787600000,0.042,1507
1484874000000,0.042,1466
1484960400000,0.042,1834
1485046800000,0.042,1707
1485133200000,0.043,1663
1485219600000,0.044,1602
1485306000000,0.044,1671
1485392400000,0.045,2023
1485478800000,0.044,1794
1485565200000,0.045,2108
1485651600000,0.045,2268
1485738000000,0.044,1863
1485824400000,0.045,1793
1485910800000,0.045,1658
1485997200000,0.045,1722
1486083600000,0.046,1755
1486170000000,0.046,2172
1486256400000,0.046,1831
1486342800000,0.048,1748
1486429200000,0.048,1437
1486515600000,0.047,1562
1486602000000,0.049,1619
1486688400000,0.048,1832
1486774800000,0.048,2040
1486861200000,0.048,2055
1486947600000,0.048,1539
1487034000000,0.048,2578
1487120400000,0.048,1386
1487206800000,0.048,1500
1487293200000,0.047,1628
1487379600000,0.047,2403
1487466000000,0.045,2018
1487552400000,0.043,1465
1487638800000,0.044,1339
1487725200000,0.044,1259
1487811600000,0.043,1357
1487898000000,0.042,1459
1487984400000,0.043,1783
1488070800000,0.044,1781
1488157200000,0.044,1537
1488243600000,0.045,1205
1488330000000,0.045,1411
1488416400000,0.044,1187
1488502800000,0.045,1223
1488589200000,0.045,1582
1488675600000,0.045,1444
1488762000000,0.045,1290
1488848400000,0.045,1264
1488934800000,0.044,1263
1489021200000,0.044,1100
1489107600000,0.043,1373
1489194000000,0.044,1757
1489280400000,0.046,1772
1489366800000,0.047,1225
1489453200000,0.048,1160
1489539600000,0.048,1278
1489626000000,0.049,1519
1489712400000,0.049,1842
1489798800000,0.048,2203
1489885200000,0.049,2308
1489971600000,0.049,1349
1490058000000,0.048,1442
1490144400000,0.049,1502
1490230800000,0.048,1523
1490317200000,0.049,1730
1490403600000,0.049,2119
1490490000000,0.048,1980
1490576400000,0.049,2353
1490662800000,0.049,1356
1490749200000,0.047,1435
1490835600000,0.048,1421
1490922000000,0.046,1569
1491008400000,0.046,2049
1491094800000,0.046,2065
1491181200000,0.047,1546
1491267600000,0.045,1570
1491354000000,0.045,1584
1491440400000,0.046,2067
1491526800000,0.046,1581
1491613200000,0.046,1959
1491699600000,0.047,1766
1491786000000,0.049,1445
1491872400000,0.047,1521
1491958800000,0.048,1452
1492045200000,0.048,1479
1492131600000,0.047,1784
1492218000000,0.046,1546
1492304400000,0.046,1776
1492390800000,0.048,2300
1492477200000,0.051,1456
1492563600000,0.051,1349
1492650000000,0.048,1406
1492736400000,0.047,1593
1492822800000,0.047,1932
1492909200000,0.049,1805
1492995600000,0.049,1377
1493082000000,0.048,1445
1493168400000,0.048,1843
1493254800000,0.05,1495
1493341200000,0.049,1432
1493427600000,0.05,1785
1493514000000,0.051,1809
1493600400000,0.05,1614
1493686800000,0.05,1518
1493773200000,0.049,1293
1493859600000,0.047,1323
1493946000000,0.046,1636
1494032400000,0.047,1895
1494118800000,0.046,1952
1494205200000,0.049,1774
1494291600000,0.047,1506
1494378000000,0.048,1385
1494464400000,0.05,1401
1494550800000,0.05,1700
1494637200000,0.051,1822
1494723600000,0.051,1532
1494810000000,0.05,1279
1494896400000,0.052,1377
1494982800000,0.052,1379
1495069200000,0.052,1314
1495155600000,0.052,1303
1495242000000,0.052,1391
1495328400000,0.053,1825
1495414800000,0.053,1168
1495501200000,0.053,1138
1495587600000,0.044,1802
1495674000000,0.04,1465
1495760400000,0.041,1605
1495846800000,0.044,1707
1495933200000,0.044,1718
1496019600000,0.044,1419
1496106000000,0.044,1350
1496192400000,0.044,1491
1496278800000,0.043,1390
1496365200000,0.044,1308
1496451600000,0.044,1589
1496538000000,0.043,1599
1496624400000,0.044,1383
1496710800000,0.043,1307
1496797200000,0.043,1516
1496883600000,0.044,2453
1496970000000,0.045,1462
1497056400000,0.046,1328
1497142800000,0.045,1378
1497229200000,0.045,1210
1497315600000,0.045,1129
1497402000000,0.046,1376
1497488400000,0.044,1232
1497574800000,0.044,1287
1497661200000,0.041,1320
1497747600000,0.039,1252
1497834000000,0.039,1112
1497920400000,0.039,1067
1498006800000,0.035,1275
1498093200000,0.034,1415
1498179600000,0.03,1483
1498266000000,0.03,1277
1498352400000,0.03,1326
1498438800000,0.03,1337
1498525200000,0.03,1412
1498611600000,0.03,1457
1498698000000,0.03,1468
1498784400000,0.03,1463
1498870800000,0.03,1267
1498957200000,0.03,1368
1499043600000,0.033,1567
1499130000000,0.033,2258
1499216400000,0.034,1483
1499302800000,0.035,1130
1499389200000,0.038,1367
1499475600000,0.037,1663
1499562000000,0.035,1231
1499648400000,0.035,1378
1499734800000,0.036,1609
1499821200000,0.038,1364
1499907600000,0.037,1261
1499994000000,0.036,1298
1500080400000,0.039,1212
1500166800000,0.039,1209
1500253200000,0.041,1298
1500339600000,0.04,1209
1500426000000,0.039,1489
1500512400000,0.039,1288
1500598800000,0.041,1222
1500685200000,0.04,1275
1500771600000,0.04,1578
1500858000000,0.039,1374
1500944400000,0.04,1427
1501030800000,0.039,1266
1501117200000,0.04,1446
1501203600000,0.042,1080
1501290000000,0.043,1170
1501376400000,0.045,1209
1501462800000,0.045,1284
1501549200000,0.045,1270
1501635600000,0.045,1336
1501722000000,0.047,1660
1501808400000,0.047,1257
1501894800000,0.045,1351
1501981200000,0.045,1382
1502067600000,0.045,1415
1502154000000,0.045,1267
1502240400000,0.044,1244
1502326800000,0.046,1233
1502413200000,0.045,1163
1502499600000,0.045,1199
1502586000000,0.044,1264
1502672400000,0.045,1219
1502758800000,0.045,1104
1502845200000,0.047,1504
1502931600000,0.045,1112
1503018000000,0.045,1173
1503104400000,0.044,1201
1503190800000,0.044,1175
1503277200000,0.044,1400
1503363600000,0.044,1185
1503450000000,0.044,1190
1503536400000,0.042,1127
1503622800000,0.043,1150
1503709200000,0.044,1220
1503795600000,0.044,1260
1503882000000,0.043,1506
1503968400000,0.044,1223
1504054800000,0.042,1250
1504141200000,0.044,895
1504227600000,0.044,1195
1504314000000,0.046,1182
1504400400000,0.044,1083
1504486800000,0.045,950
1504573200000,0.047,903
1504659600000,0.048,1039
1504746000000,0.045,927
1504832400000,0.046,1072
1504918800000,0.046,1256
1505005200000,0.046,1366
1505091600000,0.046,869
1505178000000,0.045,959
1505264400000,0.046,964
1505350800000,0.049,1094
1505437200000,0.048,1063
1505523600000,0.048,1351
1505610000000,0.049,1254
1505696400000,0.048,963
1505782800000,0.048,962
1505869200000,0.045,1037
1505955600000,0.045,1082
1506042000000,0.047,1617
1506128400000,0.05,1904
1506214800000,0.047,1363
1506301200000,0.045,1016
1506387600000,0.047,1184
1506474000000,0.047,957
1506560400000,0.047,951
1506646800000,0.046,1075
1506733200000,0.048,1375
1506819600000,0.047,1244
1506906000000,0.047,1090
1506992400000,0.047,985
1507078800000,0.046,971
1507165200000,0.045,979
1507251600000,0.046,1044
1507338000000,0.047,1474
1507424400000,0.046,1269
1507510800000,0.046,945
1507597200000,0.047,915
1507683600000,0.048,872
1507770000000,0.045,902
1507856400000,0.047,917
1507942800000,0.047,1184
1508029200000,0.047,1278
1508115600000,0.048,1017
1508202000000,0.048,907
1508288400000,0.047,847
1508374800000,0.045,982
1508461200000,0.048,1017
1508547600000,0.046,1230
1508634000000,0.043,1156
1508720400000,0.043,867
1508806800000,0.042,732
1508893200000,0.045,929
1508979600000,0.044,820
1509066000000,0.041,905
1509152400000,0.041,1106
1509238800000,0.041,1110
1509325200000,0.041,988
1509411600000,0.042,947
1509498000000,0.042,954
1509584400000,0.044,930
1509670800000,0.043,837
1509757200000,0.043,1031
1509843600000,0.042,1006
1509930000000,0.043,772
1510016400000,0.043,759
1510102800000,0.044,776
1510189200000,0.042,734
1510275600000,0.043,814
1510362000000,0.043,1018
1510448400000,0.042,928
1510534800000,0.042,704
1510621200000,0.04,851
1510707600000,0.041,792
1510794000000,0.042,1002
1510880400000,0.043,997
1510966800000,0.043,1045
1511053200000,0.043,992
1511139600000,0.043,772
1511226000000,0.042,732
1511312400000,0.042,853
1511398800000,0.038,914
1511485200000,0.035,1058
1511571600000,0.037,1159
1511658000000,0.037,10870
1511744400000,0.036,814
1511830800000,0.036,718
1511917200000,0.04,832
1512003600000,0.04,756
1512090000000,0.042,878
1512176400000,0.041,989
1512262800000,0.043,1033
1512349200000,0.043,765
1512435600000,0.044,756
1512522000000,0.043,736
1512608400000,0.043,780
1512694800000,0.042,852
1512781200000,0.044,1072
1512867600000,0.044,1042
1512954000000,0.043,820
1513040400000,0.044,809
1513126800000,0.042,766
1513213200000,0.044,807
1513299600000,0.043,870
1513386000000,0.042,985
1513472400000,0.043,1104
1513558800000,0.042,734
1513645200000,0.041,735
1513731600000,0.041,877
1513818000000,0.037,902
1513904400000,0.036,1035
1513990800000,0.036,1154
1514077200000,0.038,1057
1514163600000,0.039,1061
1514250000000,0.039,1039
1514336400000,0.04,1191
1514422800000,0.04,1191
1514509200000,0.04,1245
1514595600000,0.04,1274
1514682000000,0.041,1210
1514768400000,0.041,1157
1514854800000,0.04,1113
1514941200000,0.041,1253
1515027600000,0.043,1089
1515114000000,0.045,1159
1515200400000,0.044,1098
1515286800000,0.045,1231
1515373200000,0.046,1069
1515459600000,0.045,1003
1515546000000,0.044,1032
1515632400000,0.044,1025
1515718800000,0.045,1209
1515805200000,0.047,1399
1515891600000,0.049,1352
1515978000000,0.047,1270
1516064400000,0.047,1191
1516150800000,0.047,1112
1516237200000,0.049,1095
1516323600000,0.052,1264
1516410000000,0.053,1438
1516496400000,0.055,1375
1516582800000,0.052,1227
1516669200000,0.051,1293
1516755600000,0.052,1253
1516842000000,0.052,1229
1516928400000,0.052,1305
1517014800000,0.053,1550
1517101200000,0.051,1536
1517187600000,0.05,1284
1517274000000,0.054,1192
1517360400000,0.055,1230
1517446800000,0.055,1266
1517533200000,0.055,1334
1517619600000,0.056,1383
1517706000000,0.056,1306
1517792400000,0.056,1110
1517878800000,0.055,1005
1517965200000,0.055,1071
1518051600000,0.056,1071
1518138000000,0.056,1119
1518224400000,0.056,1351
1518310800000,0.057,1267
1518397200000,0.056,1072
1518483600000,0.055,1079
1518570000000,0.057,954
1518656400000,0.054,1226
1518742800000,0.052,1486
1518829200000,0.052,1743
1518915600000,0.054,1709
1519002000000,0.053,1382
1519088400000,0.056,1265
1519174800000,0.056,1264
1519261200000,0.054,1262
1519347600000,0.055,1405
1519434000000,0.057,1565
1519520400000,0.056,1513
1519606800000,0.056,1163
1519693200000,0.057,1128
1519779600000,0.058,1178
1519866000000,0.057,1172
1519952400000,0.056,1293
1520038800000,0.058,1551
1520125200000,0.058,1460
1520211600000,0.059,1091
1520298000000,0.057,948
1520384400000,0.058,1101
1520470800000,0.057,1129
1520557200000,0.056,1252
1520643600000,0.057,1391
1520730000000,0.057,1388
1520816400000,0.055,1004
1520902800000,0.057,983
1520989200000,0.058,1060
1521075600000,0.056,960
1521162000000,0.056,1127
1521248400000,0.058,1310
1521334800000,0.056,1324
1521421200000,0.056,1079
1521507600000,0.057,1020
1521594000000,0.056,968
1521680400000,0.057,929
1521766800000,0.055,1076
1521853200000,0.056,1136
1521939600000,0.057,1165
1522026000000,0.056,1008
1522112400000,0.057,1036
1522198800000,0.055,999
1522285200000,0.055,1053
1522371600000,0.055,1045
1522458000000,0.056,1152
1522544400000,0.057,1042
1522630800000,0.058,1010
1522717200000,0.057,927
1522803600000,0.057,910
1522890000000,0.058,884
1522976400000,0.06,891
1523062800000,0.06,1194
1523149200000,0.059,1069
1523235600000,0.061,897
1523322000000,0.061,838
1523408400000,0.061,924
1523494800000,0.062,900
1523581200000,0.064,893
1523667600000,0.066,1089
1523754000000,0.068,1029
1523840400000,0.066,969
1523926800000,0.068,770
1524013200000,0.066,844
1524099600000,0.066,827
1524186000000,0.068,856
1524272400000,0.069,991
1524358800000,0.067,993
1524445200000,0.066,791
1524531600000,0.066,768
1524618000000,0.066,757
1524704400000,0.066,738
1524790800000,0.066,857
1524877200000,0.066,1011
1524963600000,0.068,1044
1525050000000,0.067,896
1525136400000,0.066,991
1525222800000,0.066,812
1525309200000,0.066,713
1525395600000,0.068,819
1525482000000,0.069,884
1525568400000,0.066,865
1525654800000,0.068,666
1525741200000,0.067,755
1525827600000,0.065,886
1525914000000,0.067,775
1526000400000,0.067,729
1526086800000,0.066,871
1526173200000,0.066,893
1526259600000,0.065,699
1526346000000,0.064,704
1526432400000,0.063,676
1526518800000,0.063,688
1526605200000,0.065,764
1526691600000,0.063,818
1526778000000,0.064,863
1526864400000,0.066,854
1526950800000,0.064,691
1527037200000,0.066,774
1527123600000,0.063,675
1527210000000,0.064,722
1527296400000,0.066,811
1527382800000,0.064,757
1527469200000,0.064,738
1527555600000,0.065,750
1527642000000,0.065,686
1527728400000,0.064,774
1527814800000,0.063,824
1527901200000,0.063,812
1527987600000,0.063,830
1528074000000,0.063,765
1528160400000,0.064,743
1528246800000,0.064,804
1528333200000,0.064,711
1528419600000,0.063,688
1528506000000,0.063,859
1528592400000,0.063,791
1528678800000,0.063,742
1528765200000,0.062,663
1528851600000,0.061,805
1528938000000,0.061,759
1529024400000,0.061,762
1529110800000,0.062,792
1529197200000,0.06,760
1529283600000,0.061,747
1529370000000,0.061,815
1529456400000,0.061,846
1529542800000,0.056,977
1529629200000,0.052,1263
1529715600000,0.051,1035
1529802000000,0.047,1035
1529888400000,0.046,969
1529974800000,0.046,931
1530061200000,0.045,891
1530147600000,0.045,891
1530234000000,0.045,941
1530320400000,0.046,917
1530406800000,0.046,874
1530493200000,0.046,955
1530579600000,0.046,854
1530666000000,0.046,949
1530752400000,0.047,914
1530838800000,0.051,837
1530925200000,0.053,793
1531011600000,0.055,845
1531098000000,0.056,808
1531184400000,0.056,781
1531270800000,0.056,811
1531357200000,0.057,823
1531443600000,0.056,801
1531530000000,0.057,791
1531616400000,0.058,758
1531702800000,0.063,885
1531789200000,0.064,878
1531875600000,0.064,923
1531962000000,0.064,811
1532048400000,0.064,798
1532134800000,0.065,800
1532221200000,0.068,862
1532307600000,0.068,829
1532394000000,0.069,845
1532480400000,0.069,872
1532566800000,0.07,815
1532653200000,0.073,773
1532739600000,0.074,764
1532826000000,0.077,818
1532912400000,0.077,902
1532998800000,0.078,837
1533085200000,0.077,835
1533171600000,0.078,869
1533258000000,0.077,849
1533344400000,0.077,941
1533430800000,0.078,916
1533517200000,0.075,996
1533603600000,0.075,1039
1533690000000,0.073,1072
1533776400000,0.074,1037
1533862800000,0.073,1053
1533949200000,0.071,1070
1534035600000,0.075,1004
1534122000000,0.073,1090
1534208400000,0.076,1002
1534294800000,0.076,960
1534381200000,0.077,927
1534467600000,0.076,932
1534554000000,0.078,1030
1534640400000,0.078,1058
1534726800000,0.08,1000
1534813200000,0.08,986
1534899600000,0.081,1026
1534986000000,0.08,997
1535072400000,0.082,980
1535158800000,0.083,998
1535245200000,0.082,1103
1535331600000,0.082,1110
1535418000000,0.085,1054
1535504400000,0.085,931
1535590800000,0.083,1041
1535677200000,0.083,1091
1535763600000,0.083,1085
1535850000000,0.083,1003
1535936400000,0.083,903
1536022800000,0.083,863
1536109200000,0.081,854
1536195600000,0.082,856
1536282000000,0.082,1035
1536368400000,0.082,1055
1536454800000,0.081,1151
1536541200000,0.081,920
1536627600000,0.08,939
1536714000000,0.081,883
1536800400000,0.081,929
1536886800000,0.081,1028
1536973200000,0.082,1132
1537059600000,0.083,1268
1537146000000,0.083,904
1537232400000,0.083,852
1537318800000,0.083,829
1537405200000,0.085,852
1537491600000,0.085,950
1537578000000,0.082,1403
1537664400000,0.079,1414
1537750800000,0.078,1028
1537837200000,0.08,851
1537923600000,0.081,865
1538010000000,0.079,772
1538096400000,0.082,1049
1538182800000,0.083,1034
1538269200000,0.085,1029
1538355600000,0.083,759
1538442000000,0.083,795
1538528400000,0.084,937
1538614800000,0.085,993
1538701200000,0.083,1177
1538787600000,0.088,1382
1538874000000,0.088,1345
1538960400000,0.087,969
1539046800000,0.086,1026
1539133200000,0.087,1014
1539219600000,0.086,1038
1539306000000,0.088,1147
1539392400000,0.088,1357
1539478800000,0.086,1324
1539565200000,0.087,1028
1539651600000,0.089,934
1539738000000,0.086,1016
1539824400000,0.086,1044
1539910800000,0.085,992
1539997200000,0.085,1265
1540083600000,0.084,1291
1540170000000,0.083,977
1540256400000,0.081,877
1540342800000,0.078,921
1540429200000,0.076,930
1540515600000,0.074,983
1540602000000,0.073,1351
1540688400000,0.072,1222
1540774800000,0.069,1087
1540861200000,0.067,1105
1540947600000,0.067,1223
1541034000000,0.068,1177
1541120400000,0.069,1113
1541206800000,0.07,1201
1541293200000,0.07,1202
1541379600000,0.072,1040
1541466000000,0.071,854
1541552400000,0.072,917
1541638800000,0.072,1032
1541725200000,0.074,1122
1541811600000,0.075,1432
1541898000000,0.072,1393
1541984400000,0.072,1017
1542070800000,0.075,751
1542157200000,0.073,990
1542243600000,0.069,1040
1542330000000,0.073,1281
1542416400000,0.073,1464
1542502800000,0.076,1320
1542589200000,0.077,960
1542675600000,0.076,832
1542762000000,0.075,997
1542848400000,0.069,1204
1542934800000,0.067,1314
1543021200000,0.068,1627
1543107600000,0.068,1491
1543194000000,0.069,1088
1543280400000,0.07,982
1543366800000,0.074,972
1543453200000,0.072,984
1543539600000,0.073,1069
1543626000000,0.076,1350
1543712400000,0.077,1233
1543798800000,0.078,1075
1543885200000,0.077,969
1543971600000,0.077,1003
1544058000000,0.077,1043
1544144400000,0.075,1389
1544230800000,0.076,1704
1544317200000,0.078,1822
1544403600000,0.082,1456
1544490000000,0.082,1336
1544576400000,0.08,1347
1544662800000,0.083,1412
1544749200000,0.082,1535
1544835600000,0.084,1905
1544922000000,0.086,1882
1545008400000,0.083,1600
1545094800000,0.083,1483
1545181200000,0.083,1381
1545267600000,0.08,1462
1545354000000,0.077,1936
1545440400000,0.072,2069
1545526800000,0.072,1957
1545613200000,0.071,1798
1545699600000,0.072,1803
1545786000000,0.072,1757
1545872400000,0.079,1765
1545958800000,0.082,1601
1546045200000,0.077,1912
1546131600000,0.074,2157
1546218000000,0.074,1915
1546304400000,0.078,1783
1546390800000,0.078,1941
1546477200000,0.079,1784
1546563600000,0.083,1956
1546650000000,0.09,1777
1546736400000,0.093,1677
1546822800000,0.091,1712
1546909200000,0.095,1666
1546995600000,0.098,1722
1547082000000,0.099,1570
1547168400000,0.101,1828
1547254800000,0.103,2026
1547341200000,0.103,1714
1547427600000,0.109,1593
1547514000000,0.107,1500
1547600400000,0.106,1481
1547686800000,0.103,1687
1547773200000,0.103,1560
1547859600000,0.105,2005
1547946000000,0.104,1878
1548032400000,0.107,1549
1548118800000,0.105,1376
1548205200000,0.105,1568
1548291600000,0.106,1542
1548378000000,0.105,1751
1548464400000,0.109,2003
1548550800000,0.109,1785
1548637200000,0.107,1536
1548723600000,0.105,1466
1548810000000,0.105,1519
1548896400000,0.106,1554
1548982800000,0.107,1655
1549069200000,0.106,1993
1549155600000,0.107,1765
1549242000000,0.106,1484
1549328400000,0.102,1521
1549414800000,0.103,1598
1549501200000,0.1,1637
1549587600000,0.096,1712
1549674000000,0.1,1858
1549760400000,0.095,1822
1549846800000,0.095,1488
1549933200000,0.1,1331
1550019600000,0.103,1331
1550106000000,0.1,1298
1550192400000,0.1,1535
1550278800000,0.102,1662
1550365200000,0.104,1524
1550451600000,0.106,1476
1550538000000,0.107,1217
1550624400000,0.107,1325
1550710800000,0.107,1214
1550797200000,0.11,1423
1550883600000,0.107,1792
1550970000000,0.108,1634
1551056400000,0.105,1270
1551142800000,0.106,1228
1551229200000,0.105,1351
1551315600000,0.104,1123
1551402000000,0.106,1414
1551488400000,0.103,2155
1551574800000,0.096,1871
1551661200000,0.095,1400
1551747600000,0.094,1271
1551834000000,0.092,1384
1551920400000,0.092,1250
1552006800000,0.098,1644
1552093200000,0.099,1781
1552179600000,0.104,1535
1552266000000,0.102,1303
1552352400000,0.105,1341
1552438800000,0.107,1366
1552525200000,0.111,1713
1552611600000,0.116,1641
1552698000000,0.116,2076
1552784400000,0.116,2095
1552870800000,0.111,1628
1552957200000,0.114,1593
1553043600000,0.116,1622
1553130000000,0.115,1493
1553216400000,0.11,1715
1553302800000,0.119,2116
1553389200000,0.111,2005
1553475600000,0.114,1873
1553562000000,0.117,1557
1553648400000,0.112,1752
1553734800000,0.111,1671
1553821200000,0.107,1903
1553907600000,0.106,1940
1553994000000,0.105,1926
1554080400000,0.105,1521
1554166800000,0.1,1396
1554253200000,0.099,1489
1554339600000,0.101,1365
1554426000000,0.1,1620
1554512400000,0.099,1733
1554598800000,0.099,1770
1554685200000,0.1,1447
1554771600000,0.099,1378
1554858000000,0.1,1409
1554944400000,0.1,1520
1555030800000,0.1,1561
1555117200000,0.101,1903
1555203600000,0.1,1895
1555290000000,0.098,1478
1555376400000,0.098,1359
1555462800000,0.1,1477
1555549200000,0.1,1477
1555635600000,0.1,1466
1555722000000,0.1,1709
1555808400000,0.1,1744
1555894800000,0.101,1520
1555981200000,0.099,1460
1556067600000,0.1,1398
1556154000000,0.099,1303
1556240400000,0.096,1316
1556326800000,0.098,1680
1556413200000,0.097,1597
1556499600000,0.099,1348
1556586000000,0.099,1397
1556672400000,0.099,1777
1556758800000,0.097,1437
1556845200000,0.097,1439
1556931600000,0.096,1568
1557018000000,0.096,1464
1557104400000,0.096,1301
1557190800000,0.098,1249
1557277200000,0.093,1508
1557363600000,0.092,1338
1557450000000,0.093,1350
1557536400000,0.091,1536
1557622800000,0.092,1426
1557709200000,0.09,1193
1557795600000,0.091,1229
1557882000000,0.09,1261
1557968400000,0.092,1244
1558054800000,0.092,1488
1558141200000,0.09,1671
1558227600000,0.091,1576
1558314000000,0.09,1311
1558400400000,0.092,1201
1558486800000,0.092,1333
1558573200000,0.091,1347
1558659600000,0.092,1316
1558746000000,0.093,1609
1558832400000,0.092,1480
1558918800000,0.092,1417
1559005200000,0.092,1258
1559091600000,0.091,1367
1559178000000,0.091,1551
1559264400000,0.09,1634
1559350800000,0.089,1617
1559437200000,0.089,1758
1559523600000,0.09,1597
1559610000000,0.091,1472
1559696400000,0.092,1672
1559782800000,0.095,1460
1559869200000,0.096,1635
1559955600000,0.097,1814
1560042000000,0.103,1795
1560128400000,0.097,1555
1560214800000,0.097,1526
1560301200000,0.096,1584
1560387600000,0.097,1458
1560474000000,0.099,1518
1560560400000,0.093,1611
1560646800000,0.086,1954
1560733200000,0.091,1447
1560819600000,0.092,1385
1560906000000,0.094,1565
1560992400000,0.094,1397
1561078800000,0.095,1302
1561165200000,0.096,1406
1561251600000,0.098,1394
1561338000000,0.096,1383
1561424400000,0.092,1644
1561510800000,0.079,1982
1561597200000,0.077,1722
1561683600000,0.075,1725
1561770000000,0.076,1663
1561856400000,0.076,1922
1561942800000,0.078,1720
1562029200000,0.077,1587
1562115600000,0.078,1692
1562202000000,0.08,1620
1562288400000,0.08,1667
1562374800000,0.078,1522
1562461200000,0.081,1589
1562547600000,0.079,1795
1562634000000,0.08,1829
1562720400000,0.083,1515
1562806800000,0.085,1615
1562893200000,0.088,1772
1562979600000,0.087,1657
1563066000000,0.089,1558
1563152400000,0.092,1607
1563238800000,0.094,1566
1563325200000,0.093,1554
1563411600000,0.099,1738
1563498000000,0.099,1492
1563584400000,0.098,1513
1563670800000,0.099,1428
1563757200000,0.1,1492
1563843600000,0.102,1476
1563930000000,0.099,1501
1564016400000,0.097,1440
1564102800000,0.098,1414
1564189200000,0.099,1430
1564275600000,0.097,1495
1564362000000,0.099,1518
1564448400000,0.1,1560
1564534800000,0.1,1637
1564621200000,0.101,1548
1564707600000,0.1,1367
1564794000000,0.098,1479
1564880400000,0.099,1531
1564966800000,0.1,1490
1565053200000,0.101,1513
1565139600000,0.101,1575
1565226000000,0.099,1553
1565312400000,0.102,1529
1565398800000,0.099,1657
1565485200000,0.101,1698
1565571600000,0.101,1673
1565658000000,0.102,1672
1565744400000,0.101,1782
1565830800000,0.099,1611
1565917200000,0.096,1674
1566003600000,0.097,1627
1566090000000,0.097,1626
1566176400000,0.099,1651
1566262800000,0.099,1690
1566349200000,0.1,1631
1566435600000,0.101,1692
1566522000000,0.099,1566
1566608400000,0.098,1597
1566694800000,0.099,1691
1566781200000,0.101,1727
1566867600000,0.099,1743
1566954000000,0.1,1421
1567040400000,0.1,1722
1567126800000,0.1,1787
1567213200000,0.101,1730
1567299600000,0.099,1752
1567386000000,0.101,1526
1567472400000,0.1,1404
1567558800000,0.099,1425
1567645200000,0.101,1463
1567731600000,0.104,1456
1567818000000,0.102,2061
1567904400000,0.098,2414
1567990800000,0.099,1933
1568077200000,0.099,1392
1568163600000,0.098,1410
1568250000000,0.093,1325
1568336400000,0.092,1555
1568422800000,0.097,1982
1568509200000,0.097,1714
1568595600000,0.096,1252
1568682000000,0.098,1263
1568768400000,0.098,1310
1568854800000,0.096,1310
1568941200000,0.096,1607
1569027600000,0.097,1810
1569114000000,0.096,1772
1569200400000,0.096,1377
1569286800000,0.096,1319
1569373200000,0.095,1332
1569459600000,0.096,1282
1569546000000,0.098,1572
1569632400000,0.098,1916
1569718800000,0.099,1854
1569805200000,0.097,1365
1569891600000,0.101,1551
1569978000000,0.1,1462
1570064400000,0.096,1627
1570150800000,0.099,1827
1570237200000,0.099,2148
1570323600000,0.099,1945
1570410000000,0.098,1421
1570496400000,0.098,1390
1570582800000,0.1,1579
1570669200000,0.098,1461
1570755600000,0.099,1650
1570842000000,0.099,2042
1570928400000,0.1,1999
1571014800000,0.097,1639
1571101200000,0.097,1424
1571187600000,0.096,1513
1571274000000,0.096,1399
1571360400000,0.098,1669
1571446800000,0.091,2911
1571533200000,0.091,2734
1571619600000,0.092,1934
1571706000000,0.093,1864
1571792400000,0.091,1843
1571878800000,0.09,1648
1571965200000,0.089,1771
1572051600000,0.09,2038
1572138000000,0.09,1965
1572224400000,0.088,1535
1572310800000,0.086,1732
1572397200000,0.084,1750
1572483600000,0.083,1666
1572570000000,0.085,1692
1572656400000,0.089,1746
1572742800000,0.091,1755
1572829200000,0.094,1529
1572915600000,0.091,1430
1573002000000,0.092,1558
1573088400000,0.09,1510
1573174800000,0.09,1743
1573261200000,0.092,2066
1573347600000,0.091,1764
1573434000000,0.088,1424
1573520400000,0.09,1314
1573606800000,0.091,1328
1573693200000,0.091,1427
1573779600000,0.093,1507
1573866000000,0.091,1772
1573952400000,0.088,1772
1574038800000,0.086,2383
1574125200000,0.074,2500
1574211600000,0.07,1499
1574298000000,0.071,1350
1574384400000,0.07,1444
1574470800000,0.072,1962
1574557200000,0.074,1640
1574643600000,0.074,1225
1574730000000,0.074,1313
1574816400000,0.068,1801
1574902800000,0.067,1561
1574989200000,0.068,1758
1575075600000,0.068,2151
1575162000000,0.068,2026
1575248400000,0.069,1720
1575334800000,0.069,1559
1575421200000,0.071,1359
1575507600000,0.073,1496
1575594000000,0.072,1619
1575680400000,0.072,2002
1575766800000,0.071,1923
1575853200000,0.071,1420
1575939600000,0.071,1339
1576026000000,0.071,1535
1576112400000,0.069,1592
1576198800000,0.069,1752
1576285200000,0.065,2422
1576371600000,0.065,1779
1576458000000,0.064,1506
1576544400000,0.064,1794
1576630800000,0.062,1591
1576717200000,0.06,1708
1576803600000,0.057,1878
1576890000000,0.057,2160
1576976400000,0.058,2051
1577062800000,0.059,1999
1577149200000,0.061,2012
1577235600000,0.061,1959
1577322000000,0.059,1831
1577408400000,0.059,1759
1577494800000,0.059,2026
1577581200000,0.059,1909
1577667600000,0.06,1938
1577754000000,0.062,1667
1577840400000,0.063,1915
1577926800000,0.063,2200
1578013200000,0.064,1986
1578099600000,0.066,2132
1578186000000,0.068,2229
1578272400000,0.07,1765
1578358800000,0.073,1907
1578445200000,0.074,1980
1578531600000,0.075,1953
1578618000000,0.076,2291
1578704400000,0.08,2182
1578790800000,0.082,2216
1578877200000,0.083,1719
1578963600000,0.084,1751
1579050000000,0.086,1811
1579136400000,0.086,1874
1579222800000,0.088,1984
1579309200000,0.089,2195
1579395600000,0.09,2146
1579482000000,0.091,1831
1579568400000,0.092,1677
1579654800000,0.093,1800
1579741200000,0.09,1836
1579827600000,0.088,2162
1579914000000,0.086,2496
1580000400000,0.085,2438
1580086800000,0.082,1958
1580173200000,0.084,1715
1580259600000,0.085,1809
1580346000000,0.086,1662
1580432400000,0.088,2178
1580518800000,0.09,2237
1580605200000,0.092,2221
1580691600000,0.093,1849
1580778000000,0.096,1912
1580864400000,0.094,2074
1580950800000,0.093,1994
1581037200000,0.09,2384
1581123600000,0.092,2506
1581210000000,0.092,2425
1581296400000,0.093,1952
1581382800000,0.095,1878
1581469200000,0.093,2022
1581555600000,0.093,2035
1581642000000,0.095,2159
1581728400000,0.095,2601
1581814800000,0.095,2469
1581901200000,0.095,1954
1581987600000,0.1,2082
1582074000000,0.097,2032
1582160400000,0.095,1914
1582246800000,0.097,2184
1582333200000,0.098,2497
1582419600000,0.101,2635
1582506000000,0.1,2132
1582592400000,0.1,2328
1582678800000,0.098,2220
1582765200000,0.096,2230
1582851600000,0.095,2449
1582938000000,0.101,3406
1583024400000,0.101,2590
1583110800000,0.101,2219
1583197200000,0.107,2523
1583283600000,0.105,2520
1583370000000,0.104,2261
1583456400000,0.105,2409
1583542800000,0.105,2736
1583629200000,0.107,2813
1583715600000,0.107,2248
1583802000000,0.11,2470
1583888400000,0.109,2050
1583974800000,0.106,2356
1584061200000,0.105,2521
1584147600000,0.109,2767
1584234000000,0.107,2642
1584320400000,0.106,2477
1584406800000,0.101,2571
1584493200000,0.099,2591
1584579600000,0.095,2474
1584666000000,0.094,2698
1584752400000,0.099,2359
1584838800000,0.092,2847
1584925200000,0.094,2411
1585011600000,0.09,2565
1585098000000,0.089,2911
1585184400000,0.085,2834
1585270800000,0.084,2668
1585357200000,0.086,2446
1585443600000,0.091,1943
1585530000000,0.096,2235
1585616400000,0.08,3246
1585702800000,0.078,3799
1585789200000,0.077,3464
1585875600000,0.075,3216
1585962000000,0.079,3316
1586048400000,0.08,3014
1586134800000,0.078,3173
1586221200000,0.079,3242
1586307600000,0.08,3585
1586394000000,0.079,3361
1586480400000,0.081,3414
1586566800000,0.08,3471
1586653200000,0.08,3257
1586739600000,0.08,3413
1586826000000,0.081,3379
1586912400000,0.083,3878
1586998800000,0.083,3584
1587085200000,0.082,3563
1587171600000,0.083,3711
1587258000000,0.083,3362
1587344400000,0.085,3239
1587430800000,0.087,3319
1587517200000,0.083,3206
1587603600000,0.081,3273
1587690000000,0.083,3482
1587776400000,0.083,3504
1587862800000,0.083,3142
1587949200000,0.081,3286
1588035600000,0.081,3084
1588122000000,0.082,3448
1588208400000,0.082,3282
1588294800000,0.083,3306
1588381200000,0.085,3214
1588467600000,0.083,3119
1588554000000,0.083,3037
1588640400000,0.084,3042
1588726800000,0.084,3240
1588813200000,0.084,3027
1588899600000,0.085,3203
1588986000000,0.084,2730
1589072400000,0.084,2926
1589158800000,0.083,3005
1589245200000,0.084,3118
1589331600000,0.084,2964
1589418000000,0.083,3119
1589504400000,0.084,2899
1589590800000,0.086,2606
1589677200000,0.085,2559
1589763600000,0.083,2706
1589850000000,0.083,2397
1589936400000,0.082,2637
1590022800000,0.083,2733
1590109200000,0.084,2712
1590195600000,0.083,2652
1590282000000,0.083,2637
1590368400000,0.083,2620
1590454800000,0.079,2600
1590541200000,0.079,2861
1590627600000,0.078,2844
1590714000000,0.079,2717
1590800400000,0.079,2694
1590886800000,0.078,2864
1590973200000,0.079,2726
1591059600000,0.082,2534
1591146000000,0.081,2554
1591232400000,0.08,2422
1591318800000,0.08,2468
1591405200000,0.08,2326
1591491600000,0.082,2229
1591578000000,0.081,2304
1591664400000,0.081,2232
1591750800000,0.081,2329
1591837200000,0.081,2296
1591923600000,0.08,2203
1592010000000,0.08,2339
1592096400000,0.08,2223
1592182800000,0.079,2192
1592269200000,0.08,2080
1592355600000,0.081,2285
1592442000000,0.081,2249
1592528400000,0.08,2178
1592614800000,0.078,2224
1592701200000,0.079,2055
1592787600000,0.079,2233
1592874000000,0.081,2096
1592960400000,0.079,2157
1593046800000,0.076,2442
1593133200000,0.07,3019
1593219600000,0.07,2758
1593306000000,0.069,2306
1593392400000,0.067,2562
1593478800000,0.067,2451
1593565200000,0.066,2437
1593651600000,0.066,2411
1593738000000,0.067,2418
1593824400000,0.066,2324
1593910800000,0.068,2409
1593997200000,0.067,2265
1594083600000,0.068,2322
1594170000000,0.066,2377
1594256400000,0.069,2395
1594342800000,0.073,2173
1594429200000,0.073,1855
1594515600000,0.075,2051
1594602000000,0.076,2110
1594688400000,0.076,2210
1594774800000,0.075,2304
1594861200000,0.075,2303
1594947600000,0.075,2074
1595034000000,0.075,2327
1595120400000,0.075,2173
1595206800000,0.075,2441
1595293200000,0.076,2314
1595379600000,0.077,2390
1595466000000,0.076,2427
1595552400000,0.077,2241
1595638800000,0.076,2278
1595725200000,0.079,2173
1595811600000,0.079,2213
1595898000000,0.079,2247
1595984400000,0.078,2392
1596070800000,0.079,2359
1596157200000,0.079,2180
1596243600000,0.078,2240
1596330000000,0.078,2171
1596416400000,0.079,2401
1596502800000,0.078,2259
1596589200000,0.078,2513
1596675600000,0.078,2286
1596762000000,0.077,2531
1596848400000,0.077,2509
1596934800000,0.077,2505
1597021200000,0.077,2831
1597107600000,0.077,2654
1597194000000,0.077,2563
1597280400000,0.077,2577
1597366800000,0.078,2400
1597453200000,0.077,2366
1597539600000,0.076,2488
1597626000000,0.076,2352
1597712400000,0.075,2355
1597798800000,0.075,2572
1597885200000,0.075,2354
1597971600000,0.075,2247
1598058000000,0.076,2227
1598144400000,0.076,2280
1598230800000,0.076,2469
1598317200000,0.077,2332
1598403600000,0.075,2434
1598490000000,0.076,2423
1598576400000,0.075,2433
1598662800000,0.076,2155
1598749200000,0.077,2263
1598835600000,0.076,2142
1598922000000,0.077,1965
1599008400000,0.076,1942
1599094800000,0.075,1843
1599181200000,0.075,1980
1599267600000,0.075,2241
1599354000000,0.075,2163
1599440400000,0.078,2131
1599526800000,0.075,1921
1599613200000,0.075,2032
1599699600000,0.075,1980
1599786000000,0.075,2312
1599872400000,0.075,2245
1599958800000,0.076,2333
1600045200000,0.075,1981
1600131600000,0.073,1862
1600218000000,0.073,2171
1600304400000,0.072,2082
1600390800000,0.071,2224
1600477200000,0.071,2332
1600563600000,0.071,2248
1600650000000,0.069,1909
1600736400000,0.069,1845
1600822800000,0.07,2047
1600909200000,0.068,1808
1600995600000,0.067,2203
1601082000000,0.067,2196
1601168400000,0.066,2240
1601254800000,0.068,1908
1601341200000,0.066,1885
1601427600000,0.066,1965
1601514000000,0.066,2107
1601600400000,0.066,2254
1601686800000,0.065,2400
1601773200000,0.065,2279
1601859600000,0.066,2054
1601946000000,0.065,1948
1602032400000,0.065,1922
1602118800000,0.065,1990
1602205200000,0.066,2164
1602291600000,0.067,2231
1602378000000,0.067,2449
1602464400000,0.067,2039
1602550800000,0.066,1884
1602637200000,0.066,1955
1602723600000,0.068,2541
1602810000000,0.067,1862
1602896400000,0.069,2201
1602982800000,0.071,2169
1603069200000,0.07,1811
1603155600000,0.07,1618
1603242000000,0.066,2091
1603328400000,0.068,1925
1603414800000,0.068,1937
1603501200000,0.068,2045
1603587600000,0.068,2017
1603674000000,0.067,1920
1603760400000,0.069,2061
1603846800000,0.066,2104
1603933200000,0.065,2092
1604019600000,0.063,2148
1604106000000,0.062,2355
1604192400000,0.062,2185
1604278800000,0.062,1661
1604365200000,0.063,2079
1604451600000,0.063,2209
1604538000000,0.061,1999
1604624400000,0.063,1928
1604710800000,0.065,2026
1604797200000,0.065,2039
1604883600000,0.066,2128
1604970000000,0.066,1984
1605056400000,0.066,1969
1605142800000,0.066,1902
1605229200000,0.066,2123
1605315600000,0.066,2004
1605402000000,0.066,2119
1605488400000,0.066,2175
1605574800000,0.067,2120
1605661200000,0.066,2230
1605747600000,0.067,2185
1605834000000,0.066,2266
1605920400000,0.067,2430
1606006800000,0.067,2437
1606093200000,0.067,2298
1606179600000,0.067,2285
1606266000000,0.063,2316
1606352400000,0.061,2768
1606438800000,0.061,2696
1606525200000,0.059,2676
1606611600000,0.06,2530
1606698000000,0.059,2381
1606784400000,0.059,2173
1606870800000,0.059,2073
1606957200000,0.06,2382
1607043600000,0.056,2482
1607130000000,0.059,2500
1607216400000,0.06,2312
1607302800000,0.061,2657
1607389200000,0.064,3598
1607475600000,0.065,2287
1607562000000,0.063,2744
1607648400000,0.064,2968
1607734800000,0.066,2784
1607821200000,0.069,3378
1607907600000,0.069,2417
1607994000000,0.069,2286
1608080400000,0.069,2681
1608166800000,0.069,2578
1608253200000,0.072,2986
1608339600000,0.071,3227
1608426000000,0.075,3384
1608512400000,0.075,3213
1608598800000,0.072,2867
1608685200000,0.068,2931
1608771600000,0.066,2931
1608858000000,0.067,2592
1608944400000,0.067,3160
1609030800000,0.07,2104
1609117200000,0.067,2976
1609203600000,0.069,2824
1609290000000,0.071,3201
1609376400000,0.071,2937
1609462800000,0.073,2752
1609549200000,0.076,3138
1609635600000,0.077,3247
1609722000000,0.078,2924
1609808400000,0.079,3022
1609894800000,0.08,2904
1609981200000,0.082,2843
1610067600000,0.083,3006
1610154000000,0.084,2925
1610240400000,0.087,2511
1610326800000,0.087,2723
1610413200000,0.086,2587
1610499600000,0.085,2738
1610586000000,0.088,2772
1610672400000,0.09,2564
1610758800000,0.091,2848
1610845200000,0.092,2699
1610931600000,0.09,2662
1611018000000,0.09,2562
1611104400000,0.091,2916
1611190800000,0.091,2697
1611277200000,0.099,5174
1611363600000,0.098,2544
1611450000000,0.095,2539
1611536400000,0.098,2521
1611622800000,0.097,2314
1611709200000,0.096,2476
1611795600000,0.086,3403
1611882000000,0.082,2795
1611968400000,0.082,2597
1612054800000,0.084,2517
1612141200000,0.084,2215
1612227600000,0.082,2355
1612314000000,0.082,2557
1612400400000,0.081,2453
1612486800000,0.082,2528
1612573200000,0.082,2644
1612659600000,0.082,2669
1612746000000,0.08,2476
1612832400000,0.08,2700
1612918800000,0.079,2950
1613005200000,0.079,2695
1613091600000,0.076,2868
1613178000000,0.074,3385
1613264400000,0.074,2973
1613350800000,0.073,2532
1613437200000,0.074,2523
1613523600000,0.075,2656
1613610000000,0.075,2779
1613696400000,0.077,2774
1613782800000,0.079,2817
1613869200000,0.082,2772
1613955600000,0.083,2672
1614042000000,0.084,2696
1614128400000,0.083,2933
1614214800000,0.084,2768
1614301200000,0.085,2948
1614387600000,0.086,3222
1614474000000,0.088,3287
1614560400000,0.088,2760
1614646800000,0.087,2692
1614733200000,0.086,2856
1614819600000,0.087,2957
1614906000000,0.087,3154
1614992400000,0.091,3387
1615078800000,0.092,3399
1615165200000,0.094,3429
1615251600000,0.092,2852
1615338000000,0.094,3328
1615424400000,0.095,3350
1615510800000,0.097,3442
1615597200000,0.101,3434
1615683600000,0.102,2876
1615770000000,0.103,2939
1615856400000,0.101,2739
1615942800000,0.099,3181
1616029200000,0.097,2995
1616115600000,0.098,3489
1616202000000,0.097,3513
1616288400000,0.103,3391
1616374800000,0.104,3287
1616461200000,0.105,3034
1616547600000,0.107,3424
1616634000000,0.11,3034
1616720400000,0.114,3094
1616806800000,0.114,3046
1616893200000,0.113,2893
1616979600000,0.11,3102
1617066000000,0.113,2754
1617152400000,0.108,2872
1617238800000,0.109,2632
1617325200000,0.108,2965
1617411600000,0.109,3072
1617498000000,0.108,2708
1617584400000,0.111,2867
1617670800000,0.114,2624
1617757200000,0.095,3508
1617843600000,0.078,3936
1617930000000,0.082,4786
1618016400000,0.081,3918
1618102800000,0.086,2695
1618189200000,0.087,2630
1618275600000,0.088,2717
1618362000000,0.097,649
1618448400000,0.097,3165
1618534800000,0.099,2793
1618621200000,0.1,2866
1618707600000,0.101,2390
1618794000000,0.103,2338
1618880400000,0.103,2160
1618966800000,0.104,2564
1619053200000,0.107,2421
1619139600000,0.108,2489
1619226000000,0.112,2264
1619312400000,0.107,2078
1619398800000,0.108,2171
1619485200000,0.111,2235
1619571600000,0.109,1991
1619658000000,0.112,2170
1619744400000,0.117,2860
1619830800000,0.117,2082
1619917200000,0.12,2357
1620003600000,0.123,2214
1620090000000,0.133,3599
1620176400000,0.141,3114
1620262800000,0.144,2873
1620349200000,0.142,2581
1620435600000,0.14,2381
1620522000000,0.138,2470
1620608400000,0.135,2491
1620694800000,0.14,2900
1620781200000,0.14,2603
1620867600000,0.141,2132
1620954000000,0.141,2263
1621040400000,0.138,2255
1621126800000,0.133,1987
1621213200000,0.129,1868
1621299600000,0.125,1794
1621386000000,0.124,1982
1621472400000,0.123,2045
1621558800000,0.117,2032
1621645200000,0.114,2119
1621731600000,0.117,2009
1621818000000,0.123,2247
1621904400000,0.131,2155
1621990800000,0.122,1989
1622077200000,0.123,2158
1622163600000,0.121,2531
1622250000000,0.125,2492
1622336400000,0.125,2564
1622422800000,0.125,2223
1622509200000,0.127,1926
1622595600000,0.127,2154
1622682000000,0.124,2080
1622768400000,0.123,2530
1622854800000,0.119,2431
1622941200000,0.116,2014
1623027600000,0.116,2059
1623114000000,0.115,1684
1623200400000,0.115,1997
1623286800000,0.115,1900
1623373200000,0.119,1793
1623459600000,0.121,1865
1623546000000,0.121,1878
1623632400000,0.119,1843
1623718800000,0.117,1722
1623805200000,0.115,1849
1623891600000,0.115,1818
1623978000000,0.11,1842
1624064400000,0.11,1766
1624150800000,0.11,1903
1624237200000,0.11,2020
1624323600000,0.108,1739
1624410000000,0.107,1724
1624496400000,0.103,2071
1624582800000,0.092,2458
1624669200000,0.09,2050
1624755600000,0.09,1731
1624842000000,0.093,2039
1624928400000,0.09,1893
1625014800000,0.089,1731
1625101200000,0.093,1645
1625187600000,0.084,1680
1625274000000,0.081,1650
1625360400000,0.082,1504
1625446800000,0.081,1666
1625533200000,0.082,1668
1625619600000,0.081,1962
1625706000000,0.079,1785
1625792400000,0.082,1431
1625878800000,0.082,1342
1625965200000,0.08,1332
1626051600000,0.08,1501
1626138000000,0.078,1448
1626224400000,0.078,1669
1626310800000,0.075,1739
1626397200000,0.073,1659
1626483600000,0.072,1502
1626570000000,0.073,1485
1626656400000,0.075,1599
1626742800000,0.073,1452
1626829200000,0.074,2033
1626915600000,0.073,1666
1627002000000,0.075,1624
1627088400000,0.076,1696
1627174800000,0.077,1479
1627261200000,0.076,1489
1627347600000,0.08,714
1627434000000,0.077,1581
1627520400000,0.076,1714
1627606800000,0.078,1603
1627693200000,0.077,1608
1627779600000,0.078,1483
1627866000000,0.075,1692
1627952400000,0.074,1654
1628038800000,0.076,1469
1628125200000,0.076,1147
1628211600000,0.075,1761
1628298000000,0.075,1526
1628384400000,0.075,1438
1628470800000,0.075,1639
1628557200000,0.073,1506
1628643600000,0.07,1737
1628730000000,0.071,1586
1628816400000,0.072,1849
1628902800000,0.072,1459
1628989200000,0.073,1240
1629075600000,0.076,1585
1629162000000,0.072,1441
1629248400000,0.073,1729
1629334800000,0.073,1571
1629421200000,0.075,1683
1629507600000,0.076,1512
1629594000000,0.075,1439
1629680400000,0.074,1540
1629766800000,0.079,1600
1629853200000,0.077,1666
1629939600000,0.074,1576
1630026000000,0.075,1690
1630112400000,0.074,1524
1630198800000,0.074,1456
1630285200000,0.074,1589
1630371600000,0.074,1553
1630458000000,0.075,1463
1630544400000,0.073,1321
1630630800000,0.075,1432
1630717200000,0.074,1625
1630803600000,0.075,1620
1630890000000,0.076,1274
1630976400000,0.076,1330
1631062800000,0.077,1335
1631149200000,0.076,1568
1631235600000,0.075,1817
1631322000000,0.076,2235
1631408400000,0.077,1848
1631494800000,0.076,1613
1631581200000,0.075,1490
1631667600000,0.075,1277
1631754000000,0.075,1535
1631840400000,0.075,1697
1631926800000,0.076,1960
1632013200000,0.075,1627
1632099600000,0.077,1373
1632186000000,0.079,1397
1632272400000,0.075,2748
1632358800000,0.077,2655
1632445200000,0.084,2994
1632531600000,0.093,3759
1632618000000,0.099,1875
1632704400000,0.104,1906
1632790800000,0.102,1694
1632877200000,0.101,2164
1632963600000,0.1,1936
1633050000000,0.101,1426
1633136400000,0.106,2012
1633222800000,0.107,1849
1633309200000,0.107,1532
1633395600000,0.116,2006
1633482000000,0.123,1603
1633568400000,0.12,1372
1633654800000,0.113,1360
1633741200000,0.121,1660
1633827600000,0.125,1418
1633914000000,0.121,1339
1634000400000,0.12,1236
1634086800000,0.118,1107
1634173200000,0.108,1385
1634259600000,0.104,1253
1634346000000,0.105,1449
1634432400000,0.104,1114
1634518800000,0.104,1172
1634605200000,0.099,1091
1634691600000,0.099,1169
1634778000000,0.097,1106
1634864400000,0.095,1473
1634950800000,0.092,1562
1635037200000,0.092,1087
1635123600000,0.087,1267
1635210000000,0.088,992
1635296400000,0.088,1108
1635382800000,0.085,1293
1635469200000,0.087,1537
1635555600000,0.09,1543
1635642000000,0.089,1422
1635728400000,0.088,1716
1635814800000,0.087,1670
1635901200000,0.09,1755
1635987600000,0.093,1663
1636074000000,0.094,1477
1636160400000,0.091,1255
1636246800000,0.092,1275
1636333200000,0.09,1555
1636419600000,0.09,1007
1636506000000,0.09,1611
1636592400000,0.091,1351
1636678800000,0.092,1346
1636765200000,0.093,1510
1636851600000,0.094,1423
1636938000000,0.095,923
1637024400000,0.098,1089
1637110800000,0.096,1194
1637197200000,0.097,1248
1637283600000,0.095,1122
1637370000000,0.096,1206
1637456400000,0.097,1145
1637542800000,0.099,1063
1637629200000,0.098,995
1637715600000,0.098,1233
1637802000000,0.095,1453
1637888400000,0.093,1335
1637974800000,0.093,1327
1638061200000,0.092,1312
1638147600000,0.093,1186
1638234000000,0.092,1456
1638320400000,0.086,1222
1638406800000,0.088,1204
1638493200000,0.091,1479
1638579600000,0.1,1812
1638666000000,0.103,1857
1638752400000,0.106,1122
1638838800000,0.105,830
1638925200000,0.113,1788
1639011600000,0.103,910
1639098000000,0.104,1037
1639184400000,0.104,1145
1639270800000,0.101,1333
1639357200000,0.099,815
1639443600000,0.102,985
1639530000000,0.102,1033
1639616400000,0.1,1059
1639702800000,0.101,876
1639789200000,0.103,1100
1639875600000,0.101,1034
1639962000000,0.104,894
1640048400000,0.104,809
1640134800000,0.105,1094
1640221200000,0.103,1202
1640307600000,0.103,1282
1640394000000,0.107,1202
1640480400000,0.105,1173
1640566800000,0.107,1080
1640653200000,0.11,1113
1640739600000,0.108,1130
1640826000000,0.107,1156
1640912400000,0.105,982
1640998800000,0.109,1288
1641085200000,0.113,1069
1641171600000,0.108,1152
1641258000000,0.111,1057
1641344400000,0.112,1531
1641430800000,0.112,1138
1641517200000,0.115,1219
1641603600000,0.117,1297
1641690000000,0.118,1191
1641776400000,0.118,878
1641862800000,0.124,1485
1641949200000,0.125,1147
1642035600000,0.118,970
1642122000000,0.121,1077
1642208400000,0.12,1253
1642294800000,0.119,1152
1642381200000,0.122,1073
1642467600000,0.121,986
1642554000000,0.121,1118
1642640400000,0.121,1246
1642726800000,0.121,1402
1642813200000,0.118,1466
1642899600000,0.119,1512
1642986000000,0.123,1239
1643072400000,0.12,1419
1643158800000,0.12,1472
1643245200000,0.115,1743
1643331600000,0.113,1593
1643418000000,0.11,1569
1643504400000,0.112,1651
1643590800000,0.111,1293
1643677200000,0.108,1284
1643763600000,0.107,1345
1643850000000,0.108,1609
1643936400000,0.115,1510
1644022800000,0.117,1259
1644109200000,0.114,1444
1644195600000,0.111,1542
1644282000000,0.112,1215
1644368400000,0.113,1422
1644454800000,0.111,1484
1644541200000,0.119,1432
1644627600000,0.119,1315
1644714000000,0.118,1132
1644800400000,0.119,1181
1644886800000,0.119,1003
1644973200000,0.117,1285
1645059600000,0.116,1362
1645146000000,0.114,1274
1645232400000,0.117,1339
1645318800000,0.116,1215
1645405200000,0.117,1160
1645491600000,0.12,1214
1645578000000,0.122,1793
1645664400000,0.119,1088
1645750800000,0.116,1283
1645837200000,0.117,1192
1645923600000,0.118,1152
1646010000000,0.118,1162
1646096400000,0.112,1123
1646182800000,0.113,1188
1646269200000,0.105,1226
1646355600000,0.105,1322
1646442000000,0.114,1356
1646528400000,0.111,1468
1646614800000,0.115,1548
1646701200000,0.111,1504
1646787600000,0.11,1411
1646874000000,0.105,1387
1646960400000,0.117,1220
1647046800000,0.114,1382
1647133200000,0.113,1420
1647219600000,0.112,1062
1647306000000,0.117,1101
1647392400000,0.116,1148
1647478800000,0.115,1072
1647565200000,0.118,1090
1647651600000,0.118,1316
1647738000000,0.111,1309
1647824400000,0.111,1005
1647910800000,0.113,1106
1647997200000,0.113,1146
1648083600000,0.112,1155
1648170000000,0.112,1206
1648256400000,0.11,1203
1648342800000,0.111,1444
1648429200000,0.109,1117
1648515600000,0.108,1515
1648602000000,0.121,1087
1648688400000,0.119,929
1648774800000,0.117,1003
1648861200000,0.115,1411
1648947600000,0.113,1346
1649034000000,0.116,1167
1649120400000,0.113,960
1649206800000,0.118,983
1649293200000,0.114,1046
1649379600000,0.117,1016
1649466000000,0.117,1252
1649552400000,0.116,1315
1649638800000,0.116,1293
1649725200000,0.113,1170
1649811600000,0.114,1391
1649898000000,0.113,1016
1649984400000,0.116,1113
1650070800000,0.117,1239
1650157200000,0.116,1042
1650243600000,0.118,2255
1650330000000,0.117,794
1650416400000,0.114,857
1650502800000,0.107,822
1650589200000,0.113,1156
1650675600000,0.113,1139
1650762000000,0.116,1129
1650848400000,0.117,1185
1650934800000,0.12,892
1651021200000,0.115,966
1651107600000,0.111,891
1651194000000,0.114,845
1651280400000,0.114,1080
1651366800000,0.111,1065
1651453200000,0.111,1018
1651539600000,0.111,949
1651626000000,0.107,1376
1651712400000,0.104,1031
1651798800000,0.104,1278
1651885200000,0.103,1358
1651971600000,0.102,1007
1652058000000,0.107,1123
1652144400000,0.11,815
1652230800000,0.107,887
1652317200000,0.1,820
1652403600000,0.103,1038
1652490000000,0.102,1012
1652576400000,0.098,981
1652662800000,0.103,831
1652749200000,0.103,742
1652835600000,0.104,1105
1652922000000,0.104,1032
1653008400000,0.108,1162
1653094800000,0.107,1101
1653181200000,0.105,1458
1653267600000,0.109,1286
1653354000000,0.109,1098
1653440400000,0.103,970
1653526800000,0.099,867
1653613200000,0.093,948
1653699600000,0.096,1116
1653786000000,0.096,912
1653872400000,0.098,953
1653958800000,0.099,930
1654045200000,0.103,1037
1654131600000,0.105,1454
1654218000000,0.103,1380
1654304400000,0.098,1024
1654390800000,0.104,1334
1654477200000,0.101,1183
1654563600000,0.105,1287
1654650000000,0.103,1050
1654736400000,0.101,958
1654822800000,0.107,1038
1654909200000,0.105,1250
1654995600000,0.099,855
1655082000000,0.096,822
1655168400000,0.095,785
1655254800000,0.099,1044
1655341200000,0.094,1004
1655427600000,0.099,946
1655514000000,0.101,1218
1655600400000,0.098,890
1655686800000,0.097,968
1655773200000,0.095,809
1655859600000,0.096,838
1655946000000,0.097,1182
1656032400000,0.092,1143
1656118800000,0.092,968
1656205200000,0.094,1112
1656291600000,0.092,908
1656378000000,0.088,943
1656464400000,0.085,912
1656550800000,0.086,996
1656637200000,0.085,819
1656723600000,0.087,953
1656810000000,0.083,987
1656896400000,0.087,1181
1656982800000,0.084,939
1657069200000,0.082,1213
1657155600000,0.085,996
1657242000000,0.085,845
1657328400000,0.086,1143
1657414800000,0.085,1109
1657501200000,0.092,1635
1657587600000,0.093,910
1657674000000,0.087,812
1657760400000,0.088,1063
1657846800000,0.09,954
1657933200000,0.088,902
1658019600000,0.087,955
1658106000000,0.089,952
1658192400000,0.093,1002
1658278800000,0.09,926
1658365200000,0.09,1180
1658451600000,0.086,1000
1658538000000,0.087,1026
1658624400000,0.089,1028
1658710800000,0.09,974
1658797200000,0.092,1039
1658883600000,0.093,1056
1658970000000,0.095,950
1659056400000,0.089,911
1659142800000,0.087,972
1659229200000,0.096,1421
1659315600000,0.094,967
1659402000000,0.096,1094
1659488400000,0.096,1178
1659574800000,0.098,1372
1659661200000,0.099,1070
1659747600000,0.099,1064
1659834000000,0.099,1174
1659920400000,0.1,1378
1660006800000,0.102,737
1660093200000,0.102,1387
1660179600000,0.098,1137
1660266000000,0.099,1171
1660352400000,0.102,1219
1660438800000,0.102,1288
1660525200000,0.106,1321
1660611600000,0.106,1411
1660698000000,0.106,1501
1660784400000,0.109,1445
1660870800000,0.11,1258
1660957200000,0.109,1156
1661043600000,0.109,1202
1661130000000,0.11,1152
1661216400000,0.108,1110
1661302800000,0.105,1237
1661389200000,0.103,1198
1661475600000,0.104,1423
1661562000000,0.101,1191
1661648400000,0.106,1223
1661734800000,0.106,1300
1661821200000,0.102,1138
1661907600000,0.099,1250
1661994000000,0.097,1085
1662080400000,0.097,1383
1662166800000,0.095,1298
1662253200000,0.095,1273
1662339600000,0.098,1358
1662426000000,0.095,940
1662512400000,0.094,1057
1662598800000,0.1,1143
1662685200000,0.099,1347
1662771600000,0.096,1112
1662858000000,0.099,1294
1662944400000,0.1,1073
1663030800000,0.1,955
1663117200000,0.098,1045
1663203600000,0.099,1050
1663290000000,0.098,1119
1663376400000,0.1,1283
1663462800000,0.1,1288
1663549200000,0.097,935
1663635600000,0.096,945
1663722000000,0.1,1130
1663808400000,0.096,994
1663894800000,0.098,940
1663981200000,0.098,1137
1664067600000,0.098,1222
1664154000000,0.097,1001
1664240400000,0.097,962
1664326800000,0.097,1037
1664413200000,0.095,1057
1664499600000,0.093,1125
1664586000000,0.093,1338
1664672400000,0.096,1338
1664758800000,0.101,1578
1664845200000,0.097,902
1664931600000,0.097,1100
1665018000000,0.099,1210
1665104400000,0.099,1081
1665190800000,0.101,1087
1665277200000,0.105,1185
1665363600000,0.104,948
1665450000000,0.11,1434
1665536400000,0.104,912
1665622800000,0.109,1134
1665709200000,0.102,736
1665795600000,0.108,1245
1665882000000,0.107,1113
1665968400000,0.103,829
1666054800000,0.105,860
1666141200000,0.105,975
1666227600000,0.11,1343
1666314000000,0.108,978
1666400400000,0.104,1224
1666486800000,0.101,1152
1666573200000,0.103,896
1666659600000,0.101,961
1666746000000,0.098,1026
1666832400000,0.098,968
1666918800000,0.099,1003
1667005200000,0.098,1125
1667091600000,0.097,1230
1667178000000,0.095,981
1667264400000,0.095,994
1667350800000,0.095,1041
1667437200000,0.094,1109
1667523600000,0.091,1061
1667610000000,0.095,1188
1667696400000,0.092,1146
1667782800000,0.094,1002
1667869200000,0.094,915
1667955600000,0.094,1128
1668042000000,0.095,1069
1668128400000,0.097,1133
1668214800000,0.098,1249
1668301200000,0.095,1107
1668387600000,0.097,1029
1668474000000,0.098,1091
1668560400000,0.098,968
1668646800000,0.099,973
1668733200000,0.098,1091
1668819600000,0.099,1294
1668906000000,0.098,1218
1668992400000,0.098,941
1669078800000,0.098,1019
1669165200000,0.09,1487
1669251600000,0.092,1628
1669338000000,0.091,1367
1669424400000,0.089,1540
1669510800000,0.088,1354
1669597200000,0.088,1098
1669683600000,0.088,970
1669770000000,0.091,893
1669856400000,0.092,1313
1669942800000,0.093,907
1670029200000,0.092,1091
1670115600000,0.093,1082
1670202000000,0.095,1045
1670288400000,0.091,821
1670374800000,0.092,829
1670461200000,0.094,933
1670547600000,0.097,1164
1670634000000,0.096,1129
1670720400000,0.1,1037
1670806800000,0.099,877
1670893200000,0.097,817
1670979600000,0.095,984
1671066000000,0.093,919
1671152400000,0.093,964
1671238800000,0.091,1065
1671325200000,0.092,980
1671411600000,0.093,893
1671498000000,0.09,905
1671584400000,0.091,1214
1671670800000,0.088,1191
1671757200000,0.086,1779
1671843600000,0.086,1376
1671930000000,0.085,1311
1672016400000,0.086,1240
1672102800000,0.087,1282
1672189200000,0.087,1499
1672275600000,0.087,1273
1672362000000,0.085,1297
1672448400000,0.087,1027
1672534800000,0.087,1560
1672621200000,0.084,1363
1672707600000,0.084,1251
1672794000000,0.084,1367
1672880400000,0.084,1439
1672966800000,0.089,1420
1673053200000,0.089,1292
1673139600000,0.089,1180
1673226000000,0.095,1268
1673312400000,0.1,1195
1673398800000,0.102,1197
1673485200000,0.106,1148
1673571600000,0.103,1130
1673658000000,0.101,1371
1673744400000,0.102,1241
1673830800000,0.102,1098
1673917200000,0.103,1036
1674003600000,0.099,1161
1674090000000,0.104,1356
1674176400000,0.1,1257
1674262800000,0.101,1371
1674349200000,0.102,1313
1674435600000,0.103,1100
1674522000000,0.103,1138
1674608400000,0.101,1411
1674694800000,0.102,1216
1674781200000,0.101,1305
1674867600000,0.103,1419
1674954000000,0.105,1464
1675040400000,0.106,1223
1675126800000,0.104,1145
1675213200000,0.104,1195
1675299600000,0.103,1243
1675386000000,0.107,1453
1675472400000,0.105,1364
1675558800000,0.108,1484
1675645200000,0.108,1222
1675731600000,0.104,1112
1675818000000,0.103,1381
1675904400000,0.102,1239
1675990800000,0.101,1775
1676077200000,0.098,1902
1676163600000,0.103,2354
1676250000000,0.101,1748
1676336400000,0.102,1422
1676422800000,0.103,1927
1676509200000,0.103,1756
1676595600000,0.104,1873
1676682000000,0.104,1998
1676768400000,0.104,1792
1676854800000,0.105,1491
1676941200000,0.105,1590
1677027600000,0.103,1826
1677114000000,0.105,1956
1677200400000,0.104,1770
1677286800000,0.106,1863
1677373200000,0.109,2358
1677459600000,0.109,1527
1677546000000,0.108,1524
1677632400000,0.108,1590
1677718800000,0.108,1698
1677805200000,0.109,1845
1677891600000,0.11,2003
1677978000000,0.108,1978
1678064400000,0.111,1620
1678150800000,0.111,1673
1678237200000,0.108,1871
1678323600000,0.107,1533
1678410000000,0.105,1770
1678496400000,0.105,2128
1678582800000,0.105,2178
1678669200000,0.105,1828
1678755600000,0.102,1564
1678842000000,0.099,1698
1678928400000,0.098,1927
1679014800000,0.094,2299
1679101200000,0.096,2246
1679187600000,0.098,2324
1679274000000,0.099,2504
1679360400000,0.098,1929
1679446800000,0.098,3907
1679533200000,0.114,3263
1679619600000,0.165,4253
1679706000000,0.175,2153
1679792400000,0.149,2408
1679878800000,0.143,2466
1679965200000,0.142,2351
1680051600000,0.136,2188
1680138000000,0.135,1758
1680224400000,0.139,1459
1680310800000,0.139,2176
1680397200000,0.138,2069
1680483600000,0.133,1977
1680570000000,0.134,1830
1680656400000,0.131,2056
1680742800000,0.132,2293
1680829200000,0.134,1958
1680915600000,0.134,2426
1681002000000,0.134,2218
1681088400000,0.132,2076
1681174800000,0.135,2018
1681261200000,0.135,2100
1681347600000,0.134,1953
1681434000000,0.137,1735
1681520400000,0.139,1702
1681606800000,0.153,1615
1681693200000,0.162,1858
1681779600000,0.162,1524
1681866000000,0.162,1554
1681952400000,0.158,2420
1682038800000,0.157,2240
1682125200000,0.156,2159
1682211600000,0.15,457
1682244000000,0.168,177
1682247600000,0.16,132
1682251200000,0.166,164
1682254800000,0.155,94
1682258400000,0.159,127
1682262000000,0.15,154
1682265600000,0.155,122
1682269200000,0.153,122
1682272800000,0.154,127
1682276400000,0.159,127
1682280000000,0.154,128
1682283600000,0.153,110
1682287200000,0.15,82
1682290800000,0.151,52
1682294400000,0.152,50
1682298000000,0.152,45
1682301600000,0.151,21
1682305200000,0.155,51
1682308800000,0.156,30
1682312400000,0.15,30
1682316000000,0.151,32
1682319600000,0.155,37
1682323200000,0.152,43
1682326800000,0.159,55
1682330400000,0.165,108
1682334000000,0.159,87
1682337600000,0.152,61
1682341200000,0.151,78
1682344800000,0.152,106
1682348400000,0.159,148
1682352000000,0.156,138
1682355600000,0.159,119
1682359200000,0.165,175
1682362800000,0.159,133
1682366400000,0.154,139
1682370000000,0.15,103
1682373600000,0.145,59
1682377200000,0.15,59
1682380800000,0.149,42
1682384400000,0.145,47
1682388000000,0.142,70
1682391600000,0.152,100
1682395200000,0.159,86
1682398800000,0.163,267
1682402400000,0.17,425
1682406000000,0.171,345
1682409600000,0.172,245
1682413200000,0.172,203
1682416800000,0.164,143
1682420400000,0.171,274
1682424000000,0.172,353
1682427600000,0.165,291
1682431200000,0.172,359
1682434800000,0.17,301
1682438400000,0.17,261
1682442000000,0.158,193
1682445600000,0.156,194
1682449200000,0.16,226
1682452800000,0.154,177
1682456400000,0.18,344
1682460000000,0.156,147
1682463600000,0.152,28
1682467200000,0.174,262
1682470800000,0.154,51
1682474400000,0.156,42
1682478000000,0.152,51
1682481600000,0.156,39
1682485200000,0.159,39
1682488800000,0.17,57
1682492400000,0.176,108
1682496000000,0.17,66
1682499600000,0.17,87
1682503200000,0.162,83
1682506800000,0.152,71
1682510400000,0.153,110
1682514000000,0.159,122
1682517600000,0.158,115
1682521200000,0.156,152
1682524800000,0.152,100
1682528400000,0.165,158
1682532000000,0.156,145
1682535600000,0.154,167
1682539200000,0.154,154
1682542800000,0.151,102
1682546400000,0.153,68
1682550000000,0.152,76
1682553600000,0.153,46
1682557200000,0.154,39
1682560800000,0.152,27
1682564400000,0.153,29
1682568000000,0.15,39
1682571600000,0.154,36
1682575200000,0.158,29
1682578800000,0.16,84
1682582400000,0.16,50
1682586000000,0.16,61
1682589600000,0.16,56
1682593200000,0.16,84
1682596800000,0.157,64
1682600400000,0.16,86
1682604000000,0.16,124
1682607600000,0.16,128
1682611200000,0.16,137
1682614800000,0.155,157
1682618400000,0.153,142
1682622000000,0.155,178
1682625600000,0.153,156
1682629200000,0.153,108
1682632800000,0.15,99
1682636400000,0.15,60
1682640000000,0.15,46
1682643600000,0.14,47
1682647200000,0.15,46
1682650800000,0.16,59
1682654400000,0.15,25
1682658000000,0.16,45
1682661600000,0.159,56
1682665200000,0.153,37
1682668800000,0.153,53
1682672400000,0.15,135
1682676000000,0.153,76
1682679600000,0.152,69
1682683200000,0.158,100
1682686800000,0.158,102
1682690400000,0.151,91
1682694000000,0.15,106
1682697600000,0.15,138
1682701200000,0.151,147
1682704800000,0.152,124
1682708400000,0.152,159
1682712000000,0.152,166
1682715600000,0.156,138
1682719200000,0.153,98
1682722800000,0.149,75
1682726400000,0.149,56
1682730000000,0.149,54
1682733600000,0.149,41
1682737200000,0.142,41
1682740800000,0.149,199
1682744400000,0.149,89
1682748000000,0.15,79
1682751600000,0.151,70
1682755200000,0.149,69
1682758800000,0.15,95
1682762400000,0.15,111
1682766000000,0.159,131
1682769600000,0.15,102
1682773200000,0.154,127
1682776800000,0.15,128
1682780400000,0.15,113
1682784000000,0.15,89
1682787600000,0.15,83
1682791200000,0.15,109
1682794800000,0.15,153
1682798400000,0.155,165
1682802000000,0.151,117
1682805600000,0.15,85
1682809200000,0.15,78
1682812800000,0.149,60
1682816400000,0.15,58
1682820000000,0.15,40
1682823600000,0.159,43
1682827200000,0.151,42
1682830800000,0.16,34
1682834400000,0.149,37
1682838000000,0.151,49
1682841600000,0.139,70
1682845200000,0.147,68
1682848800000,0.147,110
1682852400000,0.15,102
1682856000000,0.141,100
1682859600000,0.15,105
1682863200000,0.15,129
1682866800000,0.15,87
1682870400000,0.16,196
1682874000000,0.144,130
1682877600000,0.15,134
1682881200000,0.143,108
1682884800000,0.138,133
1682888400000,0.144,124
1682892000000,0.14,84
1682895600000,0.14,79
1682899200000,0.14,78
1682902800000,0.143,35
1682906400000,0.139,39
1682910000000,0.138,43
1682913600000,0.143,49
1682917200000,0.149,68
1682920800000,0.14,84
1682924400000,0.138,34
1682928000000,0.142,67
1682931600000,0.139,91
1682935200000,0.144,84
1682938800000,0.15,101
1682942400000,0.15,112
1682946000000,0.145,109
1682949600000,0.15,151
1682953200000,0.15,111
1682956800000,0.139,125
1682960400000,0.142,112
1682964000000,0.14,131
1682967600000,0.143,119
1682971200000,0.139,108
1682974800000,0.143,111
1682978400000,0.144,80
1682982000000,0.14,60
1682985600000,0.139,35
1682989200000,0.14,45
1682992800000,0.14,42
1682996400000,0.15,60
1683000000000,0.15,29
1683003600000,0.147,34
1683007200000,0.14,36
1683010800000,0.149,58
1683014400000,0.14,40
1683018000000,0.149,55
1683021600000,0.146,81
1683025200000,0.14,44
1683028800000,0.146,105
1683032400000,0.142,110
1683036000000,0.144,143
1683039600000,0.14,97
1683043200000,0.143,148
1683046800000,0.143,105
1683050400000,0.14,142
1683054000000,0.143,149
1683057600000,0.14,117
1683061200000,0.14,103
1683064800000,0.142,89
1683068400000,0.147,54
1683072000000,0.148,64
1683075600000,0.15,36
1683079200000,0.142,36
1683082800000,0.148,44
1683086400000,0.145,34
1683090000000,0.15,30
1683093600000,0.143,40
1683097200000,0.149,39
1683100800000,0.145,35
1683104400000,0.148,68
1683108000000,0.148,69
1683111600000,0.145,66
1683115200000,0.15,100
1683118800000,0.148,106
1683122400000,0.149,120
1683126000000,0.144,102
1683129600000,0.142,94
1683133200000,0.14,92
1683136800000,0.143,114
1683140400000,0.142,122
1683144000000,0.142,140
1683147600000,0.142,120
1683151200000,0.14,68
1683154800000,0.141,82
1683158400000,0.14,38
1683162000000,0.15,70
1683165600000,0.144,33
1683169200000,0.141,40
1683172800000,0.142,19
1683176400000,0.148,19
1683180000000,0.144,23
1683183600000,0.144,45
1683187200000,0.143,33
1683190800000,0.143,38
1683194400000,0.15,108
1683198000000,0.148,72
1683201600000,0.15,77
1683205200000,0.14,74
1683208800000,0.149,133
1683212400000,0.146,105
1683216000000,0.143,91
1683219600000,0.143,91
1683223200000,0.14,98
1683226800000,0.139,85
1683230400000,0.14,137
1683234000000,0.14,94
1683237600000,0.136,60
1683241200000,0.14,70
1683244800000,0.14,47
1683248400000,0.131,82
1683252000000,0.139,56
1683255600000,0.14,69
1683259200000,0.14,40
1683262800000,0.139,44
1683266400000,0.14,67
1683270000000,0.139,68
1683273600000,0.139,57
1683277200000,0.14,79
1683280800000,0.14,76
1683284400000,0.139,79
1683288000000,0.14,102
1683291600000,0.14,129
1683295200000,0.145,93
1683298800000,0.143,46
1683302400000,0.14,105
1683306000000,0.14,142
1683309600000,0.14,108
1683313200000,0.138,127
1683316800000,0.135,160
1683320400000,0.137,125
1683324000000,0.14,118
1683327600000,0.14,66
1683331200000,0.14,53
1683334800000,0.138,43
1683338400000,0.14,41
1683342000000,0.14,37
1683345600000,0.139,28
1683349200000,0.14,48
1683352800000,0.14,130
1683356400000,0.134,53
1683360000000,0.127,56
1683363600000,0.132,76
1683367200000,0.14,116
1683370800000,0.14,93
1683374400000,0.14,119
1683378000000,0.14,54
1683381600000,0.14,65
1683385200000,0.14,94
1683388800000,0.14,122
1683392400000,0.141,169
1683396000000,0.128,139
1683399600000,0.128,105
1683403200000,0.125,116
1683406800000,0.129,97
1683410400000,0.125,91
1683414000000,0.125,82
1683417600000,0.125,56
1683421200000,0.126,50
1683424800000,0.133,40
1683428400000,0.13,25
1683432000000,0.13,38
1683435600000,0.14,53
1683439200000,0.13,32
1683442800000,0.13,36
1683446400000,0.129,52
1683450000000,0.13,72
1683453600000,0.13,66
1683457200000,0.13,96
1683460800000,0.135,136
1683464400000,0.138,143
1683468000000,0.131,119
1683471600000,0.132,117
1683475200000,0.129,89
1683478800000,0.13,122
1683482400000,0.13,134
1683486000000,0.13,108
1683489600000,0.13,108
1683493200000,0.13,102
1683496800000,0.13,73
1683500400000,0.127,59
1683504000000,0.128,49
1683507600000,0.126,32
1683511200000,0.123,26
1683514800000,0.12,38
1683518400000,0.133,42
1683522000000,0.135,49
1683525600000,0.128,34
1683529200000,0.128,32
1683532800000,0.13,57
1683536400000,0.13,63
1683540000000,0.127,60
1683543600000,0.128,81
1683547200000,0.126,76
1683550800000,0.128,83
1683554400000,0.128,118
1683558000000,0.128,82
1683561600000,0.126,89
1683565200000,0.132,125
1683568800000,0.127,97
1683572400000,0.135,124
1683576000000,0.127,120
1683579600000,0.134,104
1683583200000,0.126,63
1683586800000,0.126,44
1683590400000,0.121,53
1683594000000,0.126,28
1683597600000,0.136,43
1683601200000,0.127,15
1683604800000,0.126,25
1683608400000,0.127,18
1683612000000,0.127,34
1683615600000,0.129,39
1683619200000,0.129,45
1683622800000,0.129,60
1683626400000,0.137,77
1683630000000,0.129,75
1683633600000,0.129,78
1683637200000,0.129,83
1683640800000,0.13,85
1683644400000,0.129,87
1683648000000,0.129,114
1683651600000,0.126,94
1683655200000,0.129,89
1683658800000,0.126,92
1683662400000,0.129,104
1683666000000,0.126,59
1683669600000,0.128,86
1683673200000,0.128,35
1683676800000,0.127,57
1683680400000,0.12,28
1683684000000,0.128,25
1683687600000,0.124,29
1683691200000,0.128,29
1683694800000,0.126,30
1683698400000,0.134,67
1683702000000,0.128,49
1683705600000,0.128,43
1683709200000,0.136,80
1683712800000,0.132,47
1683716400000,0.133,61
1683720000000,0.133,59
1683723600000,0.133,75
1683727200000,0.136,102
1683730800000,0.127,91
1683734400000,0.131,92
1683738000000,0.128,99
1683741600000,0.127,107
1683745200000,0.132,120
1683748800000,0.132,132
1683752400000,0.134,98
1683756000000,0.13,60
1683759600000,0.128,51
1683763200000,0.128,27
1683766800000,0.128,27
1683770400000,0.117,30
1683774000000,0.13,33
1683777600000,0.129,26
1683781200000,0.131,26
1683784800000,0.128,23
1683788400000,0.134,91
1683792000000,0.134,130
1683795600000,0.131,63
1683799200000,0.13,64
1683802800000,0.13,78
1683806400000,0.13,60
1683810000000,0.13,70
1683813600000,0.13,85
1683817200000,0.133,99
1683820800000,0.133,96
1683824400000,0.136,166
1683828000000,0.133,105
1683831600000,0.133,113
1683835200000,0.133,107
1683838800000,0.13,93
1683842400000,0.13,50
1683846000000,0.13,42
1683849600000,0.13,42
1683853200000,0.128,38
1683856800000,0.137,74
1683860400000,0.132,13
1683864000000,0.14,235
1683867600000,0.14,58
1683871200000,0.142,53
1683874800000,0.135,43
1683878400000,0.138,30
1683882000000,0.14,47
1683885600000,0.135,36
1683889200000,0.14,69
1683892800000,0.138,71
1683896400000,0.138,88
1683900000000,0.13,65
1683903600000,0.13,75
1683907200000,0.13,74
1683910800000,0.135,131
1683914400000,0.135,103
1683918000000,0.127,86
1683921600000,0.13,107
1683925200000,0.126,82
1683928800000,0.13,95
1683932400000,0.128,71
1683936000000,0.127,37
1683939600000,0.128,34
1683943200000,0.13,32
1683946800000,0.126,23
1683950400000,0.128,61
1683954000000,0.125,28
1683957600000,0.138,39
1683961200000,0.137,53
1683964800000,0.128,90
1683968400000,0.138,75
1683972000000,0.128,70
1683975600000,0.132,92
1683979200000,0.141,149
1683982800000,0.135,92
1683986400000,0.131,63
1683990000000,0.128,85
1683993600000,0.126,71
1683997200000,0.132,103
1684000800000,0.133,99
1684004400000,0.126,77
1684008000000,0.141,170
1684011600000,0.138,97
1684015200000,0.126,53
1684018800000,0.126,61
1684022400000,0.125,40
1684026000000,0.126,49
1684029600000,0.124,39
1684033200000,0.126,25
1684036800000,0.126,43
1684040400000,0.126,35
1684044000000,0.138,60
1684047600000,0.126,44
1684051200000,0.141,191
1684054800000,0.13,44
1684058400000,0.134,87
1684062000000,0.141,135
1684065600000,0.13,86
1684069200000,0.128,65
1684072800000,0.13,69
1684076400000,0.13,96
1684080000000,0.13,75
1684083600000,0.13,93
1684087200000,0.141,145
1684090800000,0.13,73
1684094400000,0.13,86
1684098000000,0.128,78
1684101600000,0.13,54
1684105200000,0.13,31
1684108800000,0.126,35
1684112400000,0.128,35
1684116000000,0.129,18
1684119600000,0.12,28
1684123200000,0.12,27
1684126800000,0.13,29
1684130400000,0.13,26
1684134000000,0.128,32
1684137600000,0.131,39
1684141200000,0.13,39
1684144800000,0.13,42
1684148400000,0.131,46
1684152000000,0.138,92
1684155600000,0.128,45
1684159200000,0.132,64
1684162800000,0.13,74
1684166400000,0.13,81
1684170000000,0.13,101
1684173600000,0.128,96
1684177200000,0.125,104
1684180800000,0.122,79
1684184400000,0.124,68
1684188000000,0.124,70
1684191600000,0.121,45
1684195200000,0.128,70
1684198800000,0.121,31
1684202400000,0.126,20
1684206000000,0.124,22
1684209600000,0.127,31
1684213200000,0.134,31
1684216800000,0.121,37
1684220400000,0.121,21
1684224000000,0.124,29
1684227600000,0.126,72
1684231200000,0.124,44
1684234800000,0.124,49
1684238400000,0.13,54
1684242000000,0.124,78
1684245600000,0.128,99
1684249200000,0.126,105
1684252800000,0.126,75
1684256400000,0.126,89
1684260000000,0.125,95
1684263600000,0.124,87
1684267200000,0.117,90
1684270800000,0.116,92
1684274400000,0.126,52
1684278000000,0.119,31
1684281600000,0.115,26
1684285200000,0.115,28
1684288800000,0.119,33
1684292400000,0.117,17
1684296000000,0.118,19
1684299600000,0.125,39
1684303200000,0.115,19
1684306800000,0.124,34
1684310400000,0.134,98
1684314000000,0.12,62
1684317600000,0.12,48
1684321200000,0.12,57
1684324800000,0.119,79
1684328400000,0.119,108
1684332000000,0.119,81
1684335600000,0.119,108
1684339200000,0.119,112
1684342800000,0.122,163
1684346400000,0.122,116
1684350000000,0.121,100
1684353600000,0.119,132
1684357200000,0.119,95
1684360800000,0.115,58
1684364400000,0.114,60
1684368000000,0.125,61
1684371600000,0.119,27
1684375200000,0.119,23
1684378800000,0.122,21
1684382400000,0.124,29
1684386000000,0.116,20
1684389600000,0.122,32
1684393200000,0.128,43
1684396800000,0.13,45
1684400400000,0.127,57
1684404000000,0.129,111
1684407600000,0.13,77
1684411200000,0.13,77
1684414800000,0.13,98
1684418400000,0.13,71
1684422000000,0.13,83
1684425600000,0.13,78
1684429200000,0.134,174
1684432800000,0.13,95
1684436400000,0.13,108
1684440000000,0.13,109
1684443600000,0.119,100
1684447200000,0.119,60
1684450800000,0.12,64
1684454400000,0.119,37
1684458000000,0.12,25
1684461600000,0.135,94
1684465200000,0.136,78
1684468800000,0.128,22
1684472400000,0.13,27
1684476000000,0.136,58
1684479600000,0.135,35
1684483200000,0.136,111
1684486800000,0.13,49
1684490400000,0.125,53
1684494000000,0.123,56
1684497600000,0.13,64
1684501200000,0.123,48
1684504800000,0.123,72
1684508400000,0.126,71
1684512000000,0.13,122
1684515600000,0.13,79
1684519200000,0.13,111
1684522800000,0.13,92
1684526400000,0.13,106
1684530000000,0.12,89
1684533600000,0.123,94
1684537200000,0.118,60
1684540800000,0.132,60
1684544400000,0.12,37
1684548000000,0.12,25
1684551600000,0.126,38
1684555200000,0.133,44
1684558800000,0.12,25
1684562400000,0.122,30
1684566000000,0.123,35
1684569600000,0.124,44
1684573200000,0.131,87
1684576800000,0.129,69
1684580400000,0.134,97
1684584000000,0.126,101
1684587600000,0.125,75
1684591200000,0.124,79
1684594800000,0.13,93
1684598400000,0.135,121
1684602000000,0.132,78
1684605600000,0.13,81
1684609200000,0.129,77
1684612800000,0.126,95
1684616400000,0.123,86
1684620000000,0.13,83
1684623600000,0.123,55
1684627200000,0.131,65
1684630800000,0.125,47
1684634400000,0.125,35
1684638000000,0.125,32
1684641600000,0.134,30
1684645200000,0.13,31
1684648800000,0.127,33
1684652400000,0.125,29
1684656000000,0.125,49
1684659600000,0.137,137
1684663200000,0.124,81
1684666800000,0.128,81
1684670400000,0.134,106
1684674000000,0.129,87
1684677600000,0.136,86
1684681200000,0.13,74
1684684800000,0.135,119
1684688400000,0.12,126
1684692000000,0.118,61
1684695600000,0.12,113
1684699200000,0.12,100
1684702800000,0.12,86
1684706400000,0.12,88
1684710000000,0.118,42
1684713600000,0.117,32
1684717200000,0.101,33
1684720800000,0.116,38
1684724400000,0.115,34
1684728000000,0.133,31
1684731600000,0.13,21
1684735200000,0.13,26
1684738800000,0.134,58
1684742400000,0.135,105
1684746000000,0.13,76
1684749600000,0.133,58
1684753200000,0.13,45
1684756800000,0.13,50
1684760400000,0.13,48
1684764000000,0.13,81
1684767600000,0.131,115
1684771200000,0.13,118
1684774800000,0.13,88
1684778400000,0.13,91
1684782000000,0.13,109
1684785600000,0.13,99
1684789200000,0.131,82
1684792800000,0.129,48
1684796400000,0.128,44
1684800000000,0.13,42
1684803600000,0.13,23
1684807200000,0.141,116
1684810800000,0.13,23
1684814400000,0.126,31
1684818000000,0.135,68
1684821600000,0.125,9
1684825200000,0.134,36
