timestamp,price_dollar,sells
1385600400000,3.386,30
1385686800000,1.939,79
1385773200000,1.765,95
1385859600000,1.896,92
1385946000000,1.633,95
1386032400000,1.493,86
1386118800000,1.538,89
1386205200000,1.4,89
1386291600000,1.202,113
1386378000000,1.318,109
1386464400000,1.315,131
1386550800000,1.345,101
1386637200000,1.173,90
1386723600000,1.149,100
1386810000000,1.061,96
1386896400000,1.033,112
1386982800000,0.98,157
1387069200000,1.005,130
1387155600000,0.937,135
1387242000000,0.943,105
1387328400000,0.82,120
1387414800000,0.69,145
1387501200000,0.568,241
1387587600000,0.621,269
1387674000000,0.716,249
1387760400000,0.655,218
1387846800000,0.77,187
1387933200000,0.81,140
1388019600000,0.788,209
1388106000000,0.814,230
1388192400000,0.834,227
1388278800000,0.789,229
1388365200000,0.727,233
1388451600000,0.754,204
1388538000000,0.718,231
1388624400000,0.717,267
1388710800000,0.715,173
1388797200000,0.764,280
1388883600000,0.797,262
1388970000000,0.804,235
1389056400000,0.741,246
1389142800000,0.757,226
1389229200000,0.705,215
1389315600000,0.704,256
1389402000000,0.749,252
1389488400000,0.681,281
1389574800000,0.611,259
1389661200000,0.591,204
1389747600000,0.608,246
1389834000000,0.633,213
1389920400000,0.622,207
1390006800000,0.604,319
1390093200000,0.589,313
1390179600000,0.594,235
1390266000000,0.554,268
1390352400000,0.546,262
1390438800000,0.523,276
1390525200000,0.551,260
1390611600000,0.542,314
1390698000000,0.505,356
1390784400000,0.484,352
1390870800000,0.501,330
1390957200000,0.487,272
1391043600000,0.443,298
1391130000000,0.424,340
1391216400000,0.439,409
1391302800000,0.464,378
1391389200000,0.461,291
1391475600000,0.427,294
1391562000000,0.415,262
1391648400000,0.39,316
1391734800000,0.379,386
1391821200000,0.374,419
1391907600000,0.365,452
1391994000000,0.363,319
1392080400000,0.344,335
1392166800000,0.321,314
1392253200000,0.28,296
1392339600000,0.269,393
1392426000000,0.292,441
1392512400000,0.309,380
1392598800000,0.288,328
1392685200000,0.278,320
1392771600000,0.265,259
1392858000000,0.255,339
1392944400000,0.235,339
1393030800000,0.204,352
1393117200000,0.203,471
1393203600000,0.213,403
1393290000000,0.226,364
1393376400000,0.222,366
1393462800000,0.229,368
1393549200000,0.259,431
1393635600000,0.266,478
1393722000000,0.272,436
1393808400000,0.27,358
1393894800000,0.252,291
1393981200000,0.255,339
1394067600000,0.273,359
1394154000000,0.264,414
1394240400000,0.257,480
1394326800000,0.256,557
1394413200000,0.27,453
1394499600000,0.264,391
1394586000000,0.284,377
1394672400000,0.297,314
1394758800000,0.306,381
1394845200000,0.263,612
1394931600000,0.249,679
1395018000000,0.26,571
1395104400000,0.3,559
1395190800000,0.327,499
1395277200000,0.314,487
1395363600000,0.327,502
1395450000000,0.326,614
1395536400000,0.317,623
1395622800000,0.318,519
1395709200000,0.335,441
1395795600000,0.357,493
1395882000000,0.332,474
1395968400000,0.321,553
1396054800000,0.308,623
1396141200000,0.309,683
1396227600000,0.329,568
1396314000000,0.372,398
1396400400000,0.332,525
1396486800000,0.331,541
1396573200000,0.31,573
1396659600000,0.311,667
1396746000000,0.324,692
1396832400000,0.34,545
1396918800000,0.326,533
1397005200000,0.325,524
1397091600000,0.32,540
1397178000000,0.305,588
1397264400000,0.319,663
1397350800000,0.305,627
1397437200000,0.303,629
1397523600000,0.305,606
1397610000000,0.289,603
1397696400000,0.296,655
1397782800000,0.288,598
1397869200000,0.29,616
1397955600000,0.283,589
1398042000000,0.269,591
1398128400000,0.272,563
1398214800000,0.268,618
1398301200000,0.275,622
1398387600000,0.277,585
1398474000000,0.279,725
1398560400000,0.274,717
1398646800000,0.274,559
1398733200000,0.271,542
1398819600000,0.268,635
1398906000000,0.27,648
1398992400000,0.252,523
1399078800000,0.235,731
1399165200000,0.223,833
1399251600000,0.218,831
1399338000000,0.227,755
1399424400000,0.244,761
1399510800000,0.243,814
1399597200000,0.232,831
1399683600000,0.216,852
1399770000000,0.199,909
1399856400000,0.2,764
1399942800000,0.215,735
1400029200000,0.212,735
1400115600000,0.203,848
1400202000000,0.19,875
1400288400000,0.183,1122
1400374800000,0.181,1014
1400461200000,0.176,873
1400547600000,0.183,948
1400634000000,0.194,969
1400720400000,0.195,872
1400806800000,0.185,1006
1400893200000,0.191,1094
1400979600000,0.201,1086
1401066000000,0.202,964
1401152400000,0.199,869
1401238800000,0.192,919
1401325200000,0.185,864
1401411600000,0.185,965
1401498000000,0.186,918
1401584400000,0.177,898
1401670800000,0.173,939
1401757200000,0.187,912
1401843600000,0.167,824
1401930000000,0.162,917
1402016400000,0.168,961
1402102800000,0.178,950
1402189200000,0.177,1049
1402275600000,0.18,904
1402362000000,0.187,1000
1402448400000,0.179,877
1402534800000,0.176,995
1402621200000,0.185,1091
1402707600000,0.197,1144
1402794000000,0.193,1215
1402880400000,0.192,1133
1402966800000,0.167,1076
1403053200000,0.168,985
1403139600000,0.156,1029
1403226000000,0.122,1150
1403312400000,0.113,1124
1403398800000,0.11,1117
1403485200000,0.106,1042
1403571600000,0.108,1048
1403658000000,0.118,1182
1403744400000,0.131,1245
1403830800000,0.153,1277
1403917200000,0.163,1273
1404003600000,0.165,1419
1404090000000,0.16,1284
1404176400000,0.188,1412
1404262800000,0.137,1133
1404349200000,0.138,1067
1404435600000,0.147,1006
1404522000000,0.155,1112
1404608400000,0.17,1215
1404694800000,0.194,1183
1404781200000,0.189,1034
1404867600000,0.19,1314
1404954000000,0.191,1263
1405040400000,0.183,1256
1405126800000,0.192,1296
1405213200000,0.196,1302
1405299600000,0.205,1383
1405386000000,0.217,1379
1405472400000,0.224,1479
1405558800000,0.208,1299
1405645200000,0.204,1295
1405731600000,0.209,1312
1405818000000,0.198,1379
1405904400000,0.215,1520
1405990800000,0.23,1304
1406077200000,0.245,1391
1406163600000,0.241,1320
1406250000000,0.245,1461
1406336400000,0.249,1495
1406422800000,0.268,1549
1406509200000,0.272,1524
1406595600000,0.283,1627
1406682000000,0.294,1474
1406768400000,0.291,1606
1406854800000,0.277,1623
1406941200000,0.307,1715
1407027600000,0.299,1854
1407114000000,0.283,1677
1407200400000,0.244,1769
1407286800000,0.246,1732
1407373200000,0.268,1647
1407459600000,0.277,1731
1407546000000,0.274,1484
1407632400000,0.276,1599
1407718800000,0.286,1735
1407805200000,0.292,1698
1407891600000,0.312,1646
1407978000000,0.317,1763
1408064400000,0.312,1961
1408150800000,0.304,1982
1408237200000,0.205,2404
1408323600000,0.227,1781
1408410000000,0.266,1790
1408496400000,0.275,1830
1408582800000,0.305,1756
1408669200000,0.304,1779
1408755600000,0.31,1926
1408842000000,0.33,1824
1408928400000,0.327,1953
1409014800000,0.343,1893
1409101200000,0.356,1906
1409187600000,0.357,1864
1409274000000,0.346,1979
1409360400000,0.348,2132
1409446800000,0.348,2024
1409533200000,0.357,1867
1409619600000,0.36,1757
1409706000000,0.381,1718
1409792400000,0.378,1673
1409878800000,0.338,1866
1409965200000,0.345,2230
1410051600000,0.355,2191
1410138000000,0.361,1675
1410224400000,0.368,1695
1410310800000,0.378,1721
1410397200000,0.336,1897
1410483600000,0.289,2082
1410570000000,0.299,2345
1410656400000,0.311,2328
1410742800000,0.328,1751
1410829200000,0.316,1818
1410915600000,0.324,1915
1411002000000,0.339,1923
1411088400000,0.313,2189
1411174800000,0.299,2521
1411261200000,0.315,2198
1411347600000,0.308,1848
1411434000000,0.319,1584
1411520400000,0.305,1672
1411606800000,0.319,1643
1411693200000,0.309,2002
1411779600000,0.297,2440
1411866000000,0.326,2346
1411952400000,0.312,1862
1412038800000,0.311,1759
1412125200000,0.328,1954
1412211600000,0.327,1967
1412298000000,0.334,2238
1412384400000,0.34,2726
1412470800000,0.351,2500
1412557200000,0.352,1851
1412643600000,0.358,1835
1412730000000,0.345,1969
1412816400000,0.341,1967
1412902800000,0.331,2180
1412989200000,0.329,2871
1413075600000,0.345,2624
1413162000000,0.334,1998
1413248400000,0.35,1978
1413334800000,0.341,1994
1413421200000,0.345,1887
1413507600000,0.327,2242
1413594000000,0.311,2800
1413680400000,0.302,2613
1413766800000,0.303,1901
1413853200000,0.304,1828
1413939600000,0.311,1895
1414026000000,0.313,2009
1414112400000,0.331,2405
1414198800000,0.351,2720
1414285200000,0.286,3052
1414371600000,0.273,1992
1414458000000,0.298,2125
1414544400000,0.305,1985
1414630800000,0.391,1899
1414717200000,0.285,2788
1414803600000,0.296,3081
1414890000000,0.291,3043
1414976400000,0.291,2182
1415062800000,0.299,2187
1415149200000,0.307,2145
1415235600000,0.308,2129
1415322000000,0.301,2319
1415408400000,0.32,2806
1415494800000,0.307,2645
1415581200000,0.303,2169
1415667600000,0.291,2303
1415754000000,0.199,2655
1415840400000,0.185,2294
1415926800000,0.205,2342
1416013200000,0.202,2762
1416099600000,0.194,2702
1416186000000,0.189,1959
1416272400000,0.195,1811
1416358800000,0.192,1635
1416445200000,0.171,1526
1416531600000,0.151,1900
1416618000000,0.142,2179
1416704400000,0.133,2191
1416790800000,0.122,1646
1416877200000,0.142,1654
1416963600000,0.146,1686
1417050000000,0.143,2135
1417136400000,0.147,2422
1417222800000,0.231,434
1417309200000,0.167,3423
1417395600000,0.131,2189
1417482000000,0.143,2081
1417568400000,0.167,2120
1417654800000,0.183,1852
1417741200000,0.197,2319
1417827600000,0.209,2869
1417914000000,0.201,2763
1418000400000,0.185,2062
1418086800000,0.198,2027
1418173200000,0.182,2086
1418259600000,0.182,2146
1418346000000,0.17,2406
1418432400000,0.173,2876
1418518800000,0.17,2887
1418605200000,0.165,2262
1418691600000,0.151,2245
1418778000000,0.17,2396
1418864400000,0.165,2171
1418950800000,0.166,2689
1419037200000,0.156,2801
1419123600000,0.158,2814
1419210000000,0.152,2678
1419296400000,0.169,2445
1419382800000,0.158,2415
1419469200000,0.171,2733
1419555600000,0.174,3069
1419642000000,0.187,3558
1419728400000,0.201,3824
1419814800000,0.206,3576
1419901200000,0.206,3761
1419987600000,0.209,3342
1420074000000,0.208,2968
1420160400000,0.212,4214
1420246800000,0.227,3865
1420333200000,0.231,3788
1420419600000,0.231,3573
1420506000000,0.23,3578
1420592400000,0.24,2990
1420678800000,0.232,3597
1420765200000,0.227,4245
1420851600000,0.224,4683
1420938000000,0.224,4428
1421024400000,0.225,3706
1421110800000,0.226,3915
1421197200000,0.232,3912
1421283600000,0.237,4053
1421370000000,0.227,4457
1421456400000,0.226,4763
1421542800000,0.225,4991
1421629200000,0.227,3984
1421715600000,0.227,4142
1421802000000,0.231,3761
1421888400000,0.232,3781
1421974800000,0.236,4361
1422061200000,0.246,4809
1422147600000,0.224,5384
1422234000000,0.224,4195
1422320400000,0.223,3967
1422406800000,0.232,3894
1422493200000,0.218,4273
1422579600000,0.216,5006
1422666000000,0.226,5615
1422752400000,0.217,5792
1422838800000,0.213,4452
1422925200000,0.218,4213
1423011600000,0.22,4010
1423098000000,0.215,4054
1423184400000,0.206,4535
1423270800000,0.214,5323
1423357200000,0.206,4791
1423443600000,0.21,4037
1423530000000,0.21,3562
1423616400000,0.205,3939
1423702800000,0.198,3867
1423789200000,0.195,4541
1423875600000,0.192,5232
1423962000000,0.184,5129
1424048400000,0.179,4507
1424134800000,0.172,4147
1424221200000,0.178,3981
1424307600000,0.179,4183
1424394000000,0.174,4458
1424480400000,0.175,4327
1424566800000,0.177,4595
1424653200000,0.178,3876
1424739600000,0.182,3658
1424826000000,0.182,3683
1424912400000,0.189,3621
1424998800000,0.177,4415
1425085200000,0.17,4961
1425171600000,0.167,4894
1425258000000,0.167,3676
1425344400000,0.167,3619
1425430800000,0.167,3474
1425517200000,0.165,3647
1425603600000,0.167,4448
1425690000000,0.167,5332
1425776400000,0.164,4897
1425862800000,0.157,3889
1425949200000,0.155,3755
1426035600000,0.154,3349
1426122000000,0.161,3458
1426208400000,0.151,4680
1426294800000,0.154,5694
1426381200000,0.138,6093
1426467600000,0.122,4433
1426554000000,0.144,3910
1426640400000,0.153,3901
1426726800000,0.163,4087
1426813200000,0.172,4641
1426899600000,0.166,5865
1426986000000,0.17,5386
1427072400000,0.169,4715
1427158800000,0.187,5048
1427245200000,0.185,4272
1427331600000,0.18,4590
1427418000000,0.184,4969
1427504400000,0.186,5788
1427590800000,0.182,5880
1427677200000,0.181,4813
1427763600000,0.183,4570
1427850000000,0.173,6183
1427936400000,0.184,5447
1428022800000,0.192,5995
1428109200000,0.188,6563
1428195600000,0.191,6040
1428282000000,0.195,5492
1428368400000,0.2,5110
1428454800000,0.203,5067
1428541200000,0.203,5177
1428627600000,0.211,4369
1428714000000,0.205,6379
1428800400000,0.207,5985
1428886800000,0.203,4834
1428973200000,0.206,4870
1429059600000,0.208,4379
1429146000000,0.179,5233
1429232400000,0.152,6307
1429318800000,0.152,7519
1429405200000,0.151,6664
1429491600000,0.14,6130
1429578000000,0.142,5729
1429664400000,0.145,5605
1429750800000,0.149,5672
1429837200000,0.144,6268
1429923600000,0.14,7700
1430010000000,0.14,7008
1430096400000,0.139,5681
1430182800000,0.138,5314
1430269200000,0.137,5220
1430355600000,0.138,6269
1430442000000,0.137,5832
1430528400000,0.134,7442
1430614800000,0.133,6926
1430701200000,0.13,6051
1430787600000,0.126,5343
1430874000000,0.126,5044
1430960400000,0.127,4778
1431046800000,0.119,6128
1431133200000,0.119,6863
1431219600000,0.117,6855
1431306000000,0.114,5744
1431392400000,0.116,4892
1431478800000,0.118,5099
1431565200000,0.117,5215
1431651600000,0.118,5002
1431738000000,0.118,6689
1431824400000,0.116,6728
1431910800000,0.116,4969
1431997200000,0.117,4962
1432083600000,0.116,4963
1432170000000,0.115,4987
1432256400000,0.114,5485
1432342800000,0.114,6638
1432429200000,0.113,6154
1432515600000,0.11,5178
1432602000000,0.108,5157
1432688400000,0.073,5653
1432774800000,0.071,6050
1432861200000,0.087,5812
1432947600000,0.092,6149
1433034000000,0.094,5738
1433120400000,0.094,4996
1433206800000,0.096,4894
1433293200000,0.099,5595
1433379600000,0.095,5257
1433466000000,0.092,5159
1433552400000,0.092,5025
1433638800000,0.092,5587
1433725200000,0.093,4813
1433811600000,0.099,4113
1433898000000,0.096,4966
1433984400000,0.097,4104
1434070800000,0.08,5013
1434157200000,0.077,5361
1434243600000,0.076,5823
1434330000000,0.075,5194
1434416400000,0.078,5165
1434502800000,0.078,5118
1434589200000,0.08,4975
1434675600000,0.082,5393
1434762000000,0.083,5266
1434848400000,0.083,5322
1434934800000,0.084,5143
1435021200000,0.088,4546
1435107600000,0.092,5101
1435194000000,0.096,4744
1435280400000,0.098,4882
1435366800000,0.101,4838
1435453200000,0.096,4068
1435539600000,0.102,5024
1435626000000,0.102,4990
1435712400000,0.101,4832
1435798800000,0.101,4693
1435885200000,0.1,4127
1435971600000,0.096,3479
1436058000000,0.093,3521
1436144400000,0.094,3882
1436230800000,0.093,3743
1436317200000,0.09,3689
1436403600000,0.088,4334
1436490000000,0.091,3708
1436576400000,0.091,3839
1436662800000,0.09,3994
1436749200000,0.091,4097
1436835600000,0.093,3747
1436922000000,0.092,4465
1437008400000,0.093,4556
1437094800000,0.092,4188
1437181200000,0.093,4111
1437267600000,0.093,3979
1437354000000,0.096,4329
1437440400000,0.098,4412
1437526800000,0.096,4197
1437613200000,0.094,4349
1437699600000,0.095,4161
1437786000000,0.094,3892
1437872400000,0.094,3565
1437958800000,0.092,3984
1438045200000,0.09,4119
1438131600000,0.089,4279
1438218000000,0.088,4017
1438304400000,0.086,3948
1438390800000,0.083,3945
1438477200000,0.083,4064
1438563600000,0.084,4133
1438650000000,0.087,4350
1438736400000,0.083,4452
1438822800000,0.084,4678
1438909200000,0.083,4341
1438995600000,0.085,4006
1439082000000,0.084,4321
1439168400000,0.084,4493
1439254800000,0.086,4286
1439341200000,0.081,4161
1439427600000,0.081,3977
1439514000000,0.08,4113
1439600400000,0.07,3574
1439686800000,0.065,3726
1439773200000,0.065,3945
1439859600000,0.066,3899
1439946000000,0.066,4087
1440032400000,0.063,3924
1440118800000,0.058,4540
1440205200000,0.059,4720
1440291600000,0.051,5122
1440378000000,0.045,5226
1440464400000,0.056,4980
1440550800000,0.057,5647
1440637200000,0.058,5492
1440723600000,0.065,5412
1440810000000,0.069,5346
1440896400000,0.072,5563
1440982800000,0.075,5045
1441069200000,0.075,4364
1441155600000,0.074,4084
1441242000000,0.071,4812
1441328400000,0.073,4568
1441414800000,0.074,6067
1441501200000,0.074,5537
1441587600000,0.075,3888
1441674000000,0.077,4092
1441760400000,0.079,3718
1441846800000,0.077,4744
1441933200000,0.078,4837
1442019600000,0.081,5691
1442106000000,0.081,5554
1442192400000,0.081,4480
1442278800000,0.085,4378
1442365200000,0.081,4691
1442451600000,0.08,4469
1442538000000,0.075,5827
1442624400000,0.076,6987
1442710800000,0.078,7093
1442797200000,0.075,5835
1442883600000,0.083,5238
1442970000000,0.081,6208
1443056400000,0.081,5371
1443142800000,0.084,6019
1443229200000,0.087,7151
1443315600000,0.088,7114
1443402000000,0.086,5428
1443488400000,0.092,5160
1443574800000,0.086,5173
1443661200000,0.088,5086
1443747600000,0.086,6118
1443834000000,0.084,6410
1443920400000,0.086,5513
1444006800000,0.085,4740
1444093200000,0.086,4562
1444179600000,0.086,5059
1444266000000,0.088,4601
1444352400000,0.086,5312
1444438800000,0.092,5943
1444525200000,0.091,6297
1444611600000,0.091,4429
1444698000000,0.09,4255
1444784400000,0.088,5389
1444870800000,0.081,4703
1444957200000,0.083,3962
1445043600000,0.083,5736
1445130000000,0.08,5458
1445216400000,0.081,3674
1445302800000,0.081,3813
1445389200000,0.073,4641
1445475600000,0.064,3524
1445562000000,0.065,5236
1445648400000,0.065,6218
1445734800000,0.068,5863
1445821200000,0.067,4293
1445907600000,0.072,4111
1445994000000,0.065,4980
1446080400000,0.064,4080
1446166800000,0.06,5510
1446253200000,0.061,6507
1446339600000,0.052,6650
1446426000000,0.049,4846
1446512400000,0.057,4409
1446598800000,0.06,4887
1446685200000,0.061,4429
1446771600000,0.063,5059
1446858000000,0.069,6149
1446944400000,0.071,5934
1447030800000,0.073,4375
1447117200000,0.072,3994
1447203600000,0.075,4318
1447290000000,0.071,4066
1447376400000,0.073,4702
1447462800000,0.075,5821
1447549200000,0.078,5610
1447635600000,0.08,4091
1447722000000,0.081,3928
1447808400000,0.079,4470
1447894800000,0.079,4283
1447981200000,0.081,5223
1448067600000,0.082,6044
1448154000000,0.082,5875
1448240400000,0.082,3915
1448326800000,0.083,4489
1448413200000,0.078,4589
1448499600000,0.068,4699
1448586000000,0.063,5461
1448672400000,0.073,7710
1448758800000,0.07,5920
1448845200000,0.066,4347
1448931600000,0.068,4240
1449018000000,0.073,4355
1449104400000,0.078,4564
1449190800000,0.086,5210
1449277200000,0.087,6784
1449363600000,0.088,6229
1449450000000,0.093,4753
1449536400000,0.094,4375
1449622800000,0.082,5447
1449709200000,0.08,4944
1449795600000,0.084,5315
1449882000000,0.092,7358
1449968400000,0.096,6591
1450054800000,0.097,4662
1450141200000,0.098,4616
1450227600000,0.097,5268
1450314000000,0.097,4775
1450400400000,0.098,5348
1450486800000,0.097,6059
1450573200000,0.094,5528
1450659600000,0.095,4574
1450746000000,0.095,4617
1450832400000,0.067,5579
1450918800000,0.06,4946
1451005200000,0.058,4325
1451091600000,0.06,5386
1451178000000,0.061,5882
1451264400000,0.064,5900
1451350800000,0.065,5855
1451437200000,0.062,5907
1451523600000,0.061,5112
1451610000000,0.06,5691
1451696400000,0.059,5945
1451782800000,0.059,5825
1451869200000,0.059,5332
1451955600000,0.067,4575
1452042000000,0.067,4912
1452128400000,0.067,4865
1452214800000,0.07,5068
1452301200000,0.07,5723
1452387600000,0.074,5659
1452474000000,0.072,4081
1452560400000,0.073,3936
1452646800000,0.075,3808
1452733200000,0.074,4017
1452819600000,0.076,4204
1452906000000,0.079,5361
1452992400000,0.08,4978
1453078800000,0.078,4037
1453165200000,0.079,3746
1453251600000,0.075,4033
1453338000000,0.077,3960
1453424400000,0.082,4591
1453510800000,0.085,5706
1453597200000,0.086,5119
1453683600000,0.084,4431
1453770000000,0.086,4401
1453856400000,0.085,4954
1453942800000,0.087,5063
1454029200000,0.087,5242
1454115600000,0.09,6670
1454202000000,0.088,5400
1454288400000,0.087,4522
1454374800000,0.085,4701
1454461200000,0.086,5307
1454547600000,0.087,4628
1454634000000,0.086,5254
1454720400000,0.08,5823
1454806800000,0.075,4977
1454893200000,0.07,3943
1454979600000,0.071,4068
1455066000000,0.069,4047
1455152400000,0.076,6260
1455238800000,0.073,4201
1455325200000,0.077,7268
1455411600000,0.086,5812
1455498000000,0.097,5858
1455584400000,0.098,4076
1455670800000,0.096,4116
1455757200000,0.085,4545
1455843600000,0.087,5953
1455930000000,0.087,6310
1456016400000,0.084,5814
1456102800000,0.088,5482
1456189200000,0.095,4123
1456275600000,0.092,4515
1456362000000,0.091,4933
1456448400000,0.088,4819
1456534800000,0.084,5891
1456621200000,0.089,4410
1456707600000,0.084,4301
1456794000000,0.08,4170
1456880400000,0.078,3741
1456966800000,0.075,4312
1457053200000,0.073,4745
1457139600000,0.072,5983
1457226000000,0.07,5381
1457312400000,0.07,4497
1457398800000,0.07,4469
1457485200000,0.067,4241
1457571600000,0.072,2764
1457658000000,0.077,3249
1457744400000,0.079,4050
1457830800000,0.081,4154
1457917200000,0.086,2954
1458003600000,0.092,2932
1458090000000,0.094,2787
1458176400000,0.099,2986
1458262800000,0.104,3758
1458349200000,0.106,3977
1458435600000,0.108,3551
1458522000000,0.115,3540
1458608400000,0.112,2750
1458694800000,0.113,2968
1458781200000,0.113,2974
1458867600000,0.119,4409
1458954000000,0.113,3496
1459040400000,0.109,3322
1459126800000,0.115,3949
1459213200000,0.112,3344
1459299600000,0.108,3122
1459386000000,0.124,4348
1459472400000,0.12,3642
1459558800000,0.118,3942
1459645200000,0.101,4579
1459731600000,0.093,3039
1459818000000,0.111,2777
1459904400000,0.116,2985
1459990800000,0.123,3272
1460077200000,0.122,2863
1460163600000,0.127,4211
1460250000000,0.13,3902
1460336400000,0.127,2873
1460422800000,0.125,2643
1460509200000,0.119,2665
1460595600000,0.115,2743
1460682000000,0.113,2935
1460768400000,0.115,3469
1460854800000,0.112,3253
1460941200000,0.117,3698
1461027600000,0.112,2507
1461114000000,0.112,2617
1461200400000,0.111,2639
1461286800000,0.123,3490
1461373200000,0.125,3383
1461459600000,0.122,3343
1461546000000,0.12,2501
1461632400000,0.121,2339
1461718800000,0.118,2396
1461805200000,0.115,2773
1461891600000,0.114,3351
1461978000000,0.119,4317
1462064400000,0.12,4402
1462150800000,0.113,3129
1462237200000,0.111,2888
1462323600000,0.109,2905
1462410000000,0.106,3076
1462496400000,0.108,3107
1462582800000,0.117,4702
1462669200000,0.116,3544
1462755600000,0.113,2777
1462842000000,0.119,3898
1462928400000,0.118,2877
1463014800000,0.126,3320
1463101200000,0.121,3126
1463187600000,0.118,3301
1463274000000,0.113,3277
1463360400000,0.11,2751
1463446800000,0.11,2707
1463533200000,0.107,2494
1463619600000,0.101,2380
1463706000000,0.108,2923
1463792400000,0.106,2934
1463878800000,0.101,2849
1463965200000,0.102,2465
1464051600000,0.092,2369
1464138000000,0.088,2508
1464224400000,0.088,2601
1464310800000,0.088,2598
1464397200000,0.086,2720
1464483600000,0.089,3128
1464570000000,0.092,2537
1464656400000,0.091,2298
1464742800000,0.09,2721
1464829200000,0.087,2726
1464915600000,0.082,3208
1465002000000,0.086,3120
1465088400000,0.089,2706
1465174800000,0.09,2501
1465261200000,0.088,2203
1465347600000,0.09,2586
1465434000000,0.089,2527
1465520400000,0.091,2429
1465606800000,0.089,2469
1465693200000,0.091,2424
1465779600000,0.089,2413
1465866000000,0.087,2275
1465952400000,0.088,2431
1466038800000,0.084,2631
1466125200000,0.082,2736
1466211600000,0.081,2957
1466298000000,0.08,2821
1466384400000,0.081,2822
1466470800000,0.083,2755
1466557200000,0.079,2653
1466643600000,0.074,2668
1466730000000,0.066,3254
1466816400000,0.064,3167
1466902800000,0.064,3095
1466989200000,0.065,3077
1467075600000,0.064,3004
1467162000000,0.065,3052
1467248400000,0.066,3082
1467334800000,0.068,3054
1467421200000,0.067,2957
1467507600000,0.068,3291
1467594000000,0.068,3421
1467680400000,0.072,2893
1467766800000,0.075,3484
1467853200000,0.073,3225
1467939600000,0.074,3514
1468026000000,0.074,3232
1468112400000,0.071,3632
1468198800000,0.071,3182
1468285200000,0.074,3202
1468371600000,0.078,2764
1468458000000,0.08,3149
1468544400000,0.081,2819
1468630800000,0.082,3122
1468717200000,0.086,2868
1468803600000,0.088,3090
1468890000000,0.088,3063
1468976400000,0.089,2928
1469062800000,0.087,3032
1469149200000,0.09,2770
1469235600000,0.089,2756
1469322000000,0.09,2866
1469408400000,0.091,3156
1469494800000,0.092,3042
1469581200000,0.092,3297
1469667600000,0.097,3247
1469754000000,0.1,3548
1469840400000,0.101,3346
1469926800000,0.101,3069
1470013200000,0.101,3108
1470099600000,0.103,3205
1470186000000,0.103,3308
1470272400000,0.101,3008
1470358800000,0.105,2871
1470445200000,0.102,2602
1470531600000,0.103,2628
1470618000000,0.103,2706
1470704400000,0.103,2658
1470790800000,0.102,2698
1470877200000,0.101,2697
1470963600000,0.103,2680
1471050000000,0.101,2489
1471136400000,0.099,2736
1471222800000,0.101,2847
1471309200000,0.103,2952
1471395600000,0.101,3067
1471482000000,0.1,3191
1471568400000,0.098,3276
1471654800000,0.1,3425
1471741200000,0.1,3467
1471827600000,0.099,3299
1471914000000,0.099,3768
1472000400000,0.099,3822
1472086800000,0.098,3455
1472173200000,0.101,3553
1472259600000,0.102,3417
1472346000000,0.102,3579
1472432400000,0.104,3647
1472518800000,0.103,3623
1472605200000,0.104,3260
1472691600000,0.104,3041
1472778000000,0.105,2994
1472864400000,0.104,3433
1472950800000,0.103,3318
1473037200000,0.104,2787
1473123600000,0.104,2550
1473210000000,0.104,2887
1473296400000,0.104,2722
1473382800000,0.105,3154
1473469200000,0.105,3838
1473555600000,0.105,3626
1473642000000,0.106,2886
1473728400000,0.106,2736
1473814800000,0.105,2480
1473901200000,0.103,2825
1473987600000,0.104,3533
1474074000000,0.103,3650
1474160400000,0.103,3515
1474246800000,0.1,2655
1474333200000,0.102,2571
1474419600000,0.101,2754
1474506000000,0.101,2826
1474592400000,0.101,3246
1474678800000,0.101,4347
1474765200000,0.099,3784
1474851600000,0.098,2822
1474938000000,0.097,2556
1475024400000,0.093,2713
1475110800000,0.097,2822
1475197200000,0.098,3476
1475283600000,0.101,4252
1475370000000,0.1,3809
1475456400000,0.099,2725
1475542800000,0.101,3089
1475629200000,0.099,3147
1475715600000,0.098,2864
1475802000000,0.096,3313
1475888400000,0.093,3730
1475974800000,0.092,3564
1476061200000,0.092,2558
1476147600000,0.09,2517
1476234000000,0.09,2536
1476320400000,0.088,2493
1476406800000,0.089,2953
1476493200000,0.09,3626
1476579600000,0.088,3462
1476666000000,0.089,2406
1476752400000,0.09,2285
1476838800000,0.091,2489
1476925200000,0.091,2371
1477011600000,0.093,2652
1477098000000,0.093,3058
1477184400000,0.094,3366
1477270800000,0.097,2545
1477357200000,0.098,2144
1477443600000,0.095,2283
1477530000000,0.094,2267
1477616400000,0.092,2550
1477702800000,0.089,3390
1477789200000,0.086,3292
1477875600000,0.09,2597
1477962000000,0.088,2684
1478048400000,0.091,2318
1478134800000,0.09,1651
1478221200000,0.093,2592
1478307600000,0.094,3274
1478394000000,0.092,2850
1478480400000,0.097,2427
1478566800000,0.098,2378
1478653200000,0.099,2198
1478739600000,0.099,2185
1478826000000,0.096,2789
1478912400000,0.095,3437
1478998800000,0.096,3374
1479085200000,0.096,2662
1479171600000,0.094,2648
1479258000000,0.096,2307
1479344400000,0.094,2370
1479430800000,0.094,2823
1479517200000,0.095,3961
1479603600000,0.095,3666
1479690000000,0.094,2423
1479776400000,0.091,2355
1479862800000,0.091,2518
1479949200000,0.082,2285
1480035600000,0.084,2788
1480122000000,0.084,3796
1480208400000,0.083,3169
1480294800000,0.08,2494
1480381200000,0.079,2655
1480467600000,0.079,2788
1480554000000,0.084,2813
1480640400000,0.089,3417
1480726800000,0.091,4150
1480813200000,0.093,4090
1480899600000,0.095,3190
1480986000000,0.096,3021
1481072400000,0.096,2990
1481158800000,0.095,3076
1481245200000,0.097,2914
1481331600000,0.1,4230
1481418000000,0.102,3771
1481504400000,0.101,2878
1481590800000,0.1,2539
1481677200000,0.101,2573
1481763600000,0.1,2631
1481850000000,0.102,2714
1481936400000,0.101,3609
1482022800000,0.101,3193
1482109200000,0.101,2499
1482195600000,0.102,2575
1482282000000,0.103,2504
1482368400000,0.098,2784
1482454800000,0.085,2545
1482541200000,0.088,3742
1482627600000,0.09,3812
1482714000000,0.092,3391
1482800400000,0.092,3391
1482886800000,0.094,3447
1482973200000,0.095,3535
1483059600000,0.095,3417
1483146000000,0.095,3195
1483232400000,0.097,3310
1483318800000,0.102,3531
1483405200000,0.103,2858
1483491600000,0.103,2874
1483578000000,0.103,3002
1483664400000,0.102,3203
1483750800000,0.103,3612
1483837200000,0.104,3770
1483923600000,0.107,3029
1484010000000,0.106,2985
1484096400000,0.107,2717
1484182800000,0.107,2880
1484269200000,0.107,3623
1484355600000,0.107,3891
1484442000000,0.108,3579
1484528400000,0.109,2832
1484614800000,0.109,2529
1484701200000,0.113,2872
1484787600000,0.113,2750
1484874000000,0.111,2945
1484960400000,0.111,3583
1485046800000,0.111,3179
1485133200000,0.11,3013
1485219600000,0.113,2958
1485306000000,0.116,3175
1485392400000,0.118,3432
1485478800000,0.12,3337
1485565200000,0.123,4088
1485651600000,0.123,4409
1485738000000,0.121,3140
1485824400000,0.123,2971
1485910800000,0.127,3175
1485997200000,0.135,3616
1486083600000,0.143,2899
1486170000000,0.146,3380
1486256400000,0.147,3514
1486342800000,0.142,2584
1486429200000,0.145,2575
1486515600000,0.142,2619
1486602000000,0.143,2606
1486688400000,0.14,2949
1486774800000,0.143,3570
1486861200000,0.143,3542
1486947600000,0.141,2535
1487034000000,0.134,2451
1487120400000,0.131,2625
1487206800000,0.132,2476
1487293200000,0.132,2803
1487379600000,0.135,3512
1487466000000,0.133,3520
1487552400000,0.131,2790
1487638800000,0.132,2888
1487725200000,0.134,2629
1487811600000,0.135,2827
1487898000000,0.137,2817
1487984400000,0.136,3321
1488070800000,0.137,3202
1488157200000,0.134,2647
1488243600000,0.135,2566
1488330000000,0.135,2618
1488416400000,0.134,2323
1488502800000,0.136,2552
1488589200000,0.136,3275
1488675600000,0.135,3141
1488762000000,0.136,2466
1488848400000,0.135,2481
1488934800000,0.133,2594
1489021200000,0.133,2254
1489107600000,0.136,2551
1489194000000,0.136,3277
1489280400000,0.136,3114
1489366800000,0.135,2253
1489453200000,0.134,2209
1489539600000,0.135,2231
1489626000000,0.132,2744
1489712400000,0.136,3126
1489798800000,0.137,4395
1489885200000,0.138,4194
1489971600000,0.138,3164
1490058000000,0.139,3102
1490144400000,0.14,3022
1490230800000,0.14,2991
1490317200000,0.143,3314
1490403600000,0.146,4270
1490490000000,0.145,3888
1490576400000,0.145,3237
1490662800000,0.142,3298
1490749200000,0.139,2881
1490835600000,0.137,3183
1490922000000,0.139,3418
1491008400000,0.147,5389
1491094800000,0.148,3973
1491181200000,0.147,2997
1491267600000,0.148,2878
1491354000000,0.147,2732
1491440400000,0.147,2738
1491526800000,0.145,3191
1491613200000,0.145,3682
1491699600000,0.148,3628
1491786000000,0.146,2943
1491872400000,0.146,2838
1491958800000,0.146,3007
1492045200000,0.146,3180
1492131600000,0.146,3593
1492218000000,0.147,3447
1492304400000,0.148,3609
1492390800000,0.147,3488
1492477200000,0.148,3120
1492563600000,0.149,3007
1492650000000,0.149,2935
1492736400000,0.151,3534
1492822800000,0.153,3894
1492909200000,0.154,3802
1492995600000,0.151,2857
1493082000000,0.156,3020
1493168400000,0.155,2577
1493254800000,0.156,2701
1493341200000,0.158,3038
1493427600000,0.159,3461
1493514000000,0.159,3580
1493600400000,0.158,3213
1493686800000,0.156,2664
1493773200000,0.159,2901
1493859600000,0.158,2369
1493946000000,0.154,2967
1494032400000,0.157,3435
1494118800000,0.16,3336
1494205200000,0.158,2918
1494291600000,0.16,2662
1494378000000,0.161,2677
1494464400000,0.161,2739
1494550800000,0.166,2999
1494637200000,0.166,3440
1494723600000,0.166,3366
1494810000000,0.164,2638
1494896400000,0.165,2560
1494982800000,0.169,2498
1495069200000,0.17,2489
1495155600000,0.171,2754
1495242000000,0.175,3166
1495328400000,0.178,3150
1495414800000,0.177,2475
1495501200000,0.178,2255
1495587600000,0.151,3376
1495674000000,0.151,2944
1495760400000,0.162,3199
1495846800000,0.163,3288
1495933200000,0.166,3231
1496019600000,0.166,2685
1496106000000,0.167,2556
1496192400000,0.165,2921
1496278800000,0.166,2641
1496365200000,0.163,2837
1496451600000,0.161,3017
1496538000000,0.163,3001
1496624400000,0.164,2850
1496710800000,0.163,2530
1496797200000,0.167,2816
1496883600000,0.165,3017
1496970000000,0.163,2763
1497056400000,0.162,2951
1497142800000,0.162,2887
1497229200000,0.158,2805
1497315600000,0.155,2800
1497402000000,0.156,2561
1497488400000,0.157,2572
1497574800000,0.155,2594
1497661200000,0.157,2519
1497747600000,0.155,2547
1497834000000,0.153,2575
1497920400000,0.148,2314
1498006800000,0.141,2633
1498093200000,0.132,2975
1498179600000,0.12,3391
1498266000000,0.12,2854
1498352400000,0.117,2961
1498438800000,0.117,2981
1498525200000,0.114,3276
1498611600000,0.116,3017
1498698000000,0.122,2914
1498784400000,0.125,2851
1498870800000,0.127,2927
1498957200000,0.13,2997
1499043600000,0.133,3051
1499130000000,0.133,2887
1499216400000,0.135,3058
1499302800000,0.137,2705
1499389200000,0.137,2773
1499475600000,0.137,2981
1499562000000,0.137,2728
1499648400000,0.137,2974
1499734800000,0.137,3092
1499821200000,0.137,2673
1499907600000,0.136,2863
1499994000000,0.137,2842
1500080400000,0.138,2647
1500166800000,0.139,2741
1500253200000,0.139,2773
1500339600000,0.142,2931
1500426000000,0.143,2794
1500512400000,0.148,2925
1500598800000,0.148,2691
1500685200000,0.147,2657
1500771600000,0.141,3284
1500858000000,0.144,2904
1500944400000,0.147,2941
1501030800000,0.149,3011
1501117200000,0.149,2664
1501203600000,0.157,2756
1501290000000,0.16,2654
1501376400000,0.163,2680
1501462800000,0.164,2786
1501549200000,0.168,2706
1501635600000,0.168,2819
1501722000000,0.168,2880
1501808400000,0.168,3046
1501894800000,0.17,2808
1501981200000,0.168,2893
1502067600000,0.168,2942
1502154000000,0.169,2745
1502240400000,0.17,2844
1502326800000,0.169,2654
1502413200000,0.167,2560
1502499600000,0.169,2476
1502586000000,0.17,2573
1502672400000,0.17,2572
1502758800000,0.168,2453
1502845200000,0.168,2640
1502931600000,0.167,2551
1503018000000,0.172,2525
1503104400000,0.17,2500
1503190800000,0.17,2543
1503277200000,0.17,2487
1503363600000,0.169,2526
1503450000000,0.169,2624
1503536400000,0.172,2458
1503622800000,0.176,2513
1503709200000,0.174,2558
1503795600000,0.172,2632
1503882000000,0.175,2502
1503968400000,0.176,2488
1504054800000,0.175,2501
1504141200000,0.176,2086
1504227600000,0.175,2520
1504314000000,0.179,2518
1504400400000,0.178,2549
1504486800000,0.178,2225
1504573200000,0.177,2130
1504659600000,0.177,2095
1504746000000,0.182,2041
1504832400000,0.182,2199
1504918800000,0.19,2665
1505005200000,0.19,2471
1505091600000,0.185,1986
1505178000000,0.184,1985
1505264400000,0.185,2008
1505350800000,0.184,1927
1505437200000,0.186,2707
1505523600000,0.186,3214
1505610000000,0.182,3121
1505696400000,0.181,2373
1505782800000,0.185,2153
1505869200000,0.187,2346
1505955600000,0.185,2333
1506042000000,0.195,2893
1506128400000,0.187,3723
1506214800000,0.184,3305
1506301200000,0.183,2299
1506387600000,0.184,2256
1506474000000,0.186,2112
1506560400000,0.183,2279
1506646800000,0.186,2483
1506733200000,0.185,3020
1506819600000,0.188,2947
1506906000000,0.185,2232
1506992400000,0.182,2090
1507078800000,0.179,2093
1507165200000,0.182,2011
1507251600000,0.185,2344
1507338000000,0.185,2825
1507424400000,0.183,2663
1507510800000,0.183,2011
1507597200000,0.181,1849
1507683600000,0.181,1970
1507770000000,0.184,1924
1507856400000,0.187,2302
1507942800000,0.186,2825
1508029200000,0.188,2741
1508115600000,0.189,2051
1508202000000,0.187,1980
1508288400000,0.186,1967
1508374800000,0.185,1942
1508461200000,0.187,2256
1508547600000,0.186,2914
1508634000000,0.185,2731
1508720400000,0.185,1947
1508806800000,0.185,1898
1508893200000,0.175,2330
1508979600000,0.172,1992
1509066000000,0.166,2334
1509152400000,0.166,2689
1509238800000,0.166,2732
1509325200000,0.17,2029
1509411600000,0.17,2271
1509498000000,0.169,2240
1509584400000,0.174,2067
1509670800000,0.168,2110
1509757200000,0.172,2316
1509843600000,0.174,2265
1509930000000,0.171,1856
1510016400000,0.168,1738
1510102800000,0.162,1661
1510189200000,0.161,1728
1510275600000,0.16,2008
1510362000000,0.162,2461
1510448400000,0.16,2281
1510534800000,0.163,1621
1510621200000,0.159,1899
1510707600000,0.159,1748
1510794000000,0.159,1753
1510880400000,0.158,2045
1510966800000,0.16,2422
1511053200000,0.159,2248
1511139600000,0.154,1785
1511226000000,0.155,1614
1511312400000,0.151,1763
1511398800000,0.14,2099
1511485200000,0.138,2449
1511571600000,0.139,2545
1511658000000,0.138,2297
1511744400000,0.139,1851
1511830800000,0.14,1745
1511917200000,0.144,1774
1512003600000,0.146,1784
1512090000000,0.147,1920
1512176400000,0.15,2259
1512262800000,0.149,2145
1512349200000,0.146,1717
1512435600000,0.15,1597
1512522000000,0.15,1748
1512608400000,0.152,1788
1512694800000,0.153,2064
1512781200000,0.159,2247
1512867600000,0.158,2241
1512954000000,0.16,1732
1513040400000,0.16,1639
1513126800000,0.166,1661
1513213200000,0.164,1544
1513299600000,0.165,1782
1513386000000,0.167,2128
1513472400000,0.168,1986
1513558800000,0.167,1624
1513645200000,0.162,1514
1513731600000,0.161,1749
1513818000000,0.158,2025
1513904400000,0.15,2537
1513990800000,0.155,2553
1514077200000,0.156,2175
1514163600000,0.159,2271
1514250000000,0.16,2445
1514336400000,0.163,2405
1514422800000,0.162,2632
1514509200000,0.165,2683
1514595600000,0.164,2760
1514682000000,0.166,2333
1514768400000,0.167,2456
1514854800000,0.163,2596
1514941200000,0.168,2733
1515027600000,0.17,2426
1515114000000,0.178,2459
1515200400000,0.178,2461
1515286800000,0.182,2276
1515373200000,0.182,2193
1515459600000,0.185,2155
1515546000000,0.183,2126
1515632400000,0.182,2283
1515718800000,0.182,2322
1515805200000,0.182,2839
1515891600000,0.186,2613
1515978000000,0.183,2711
1516064400000,0.183,2382
1516150800000,0.188,2268
1516237200000,0.184,2447
1516323600000,0.194,2417
1516410000000,0.196,2923
1516496400000,0.198,2971
1516582800000,0.188,2807
1516669200000,0.189,2577
1516755600000,0.187,2521
1516842000000,0.195,2429
1516928400000,0.188,2827
1517014800000,0.19,3093
1517101200000,0.187,3183
1517187600000,0.19,2495
1517274000000,0.192,2467
1517360400000,0.192,2401
1517446800000,0.194,2350
1517533200000,0.199,2393
1517619600000,0.201,2777
1517706000000,0.203,2724
1517792400000,0.198,2010
1517878800000,0.199,2026
1517965200000,0.199,1933
1518051600000,0.199,2204
1518138000000,0.198,2433
1518224400000,0.196,2747
1518310800000,0.196,2570
1518397200000,0.197,2300
1518483600000,0.199,2140
1518570000000,0.198,1956
1518656400000,0.199,2209
1518742800000,0.192,2914
1518829200000,0.198,3679
1518915600000,0.196,3430
1519002000000,0.196,3116
1519088400000,0.209,2572
1519174800000,0.205,2746
1519261200000,0.204,2751
1519347600000,0.206,2980
1519434000000,0.211,3629
1519520400000,0.213,3442
1519606800000,0.211,2683
1519693200000,0.215,2636
1519779600000,0.217,2650
1519866000000,0.215,2616
1519952400000,0.214,2821
1520038800000,0.221,3461
1520125200000,0.22,3322
1520211600000,0.219,2620
1520298000000,0.221,2357
1520384400000,0.22,2547
1520470800000,0.222,2996
1520557200000,0.22,2878
1520643600000,0.219,3019
1520730000000,0.216,2790
1520816400000,0.214,2183
1520902800000,0.21,1999
1520989200000,0.209,2190
1521075600000,0.21,1977
1521162000000,0.211,2420
1521248400000,0.214,2983
1521334800000,0.212,2890
1521421200000,0.213,2197
1521507600000,0.211,2063
1521594000000,0.21,1989
1521680400000,0.21,1960
1521766800000,0.21,2289
1521853200000,0.21,2663
1521939600000,0.211,2626
1522026000000,0.211,2277
1522112400000,0.208,2120
1522198800000,0.205,2127
1522285200000,0.208,2353
1522371600000,0.203,2564
1522458000000,0.205,2452
1522544400000,0.212,2308
1522630800000,0.215,2172
1522717200000,0.219,1873
1522803600000,0.217,1833
1522890000000,0.217,1769
1522976400000,0.223,1951
1523062800000,0.229,2256
1523149200000,0.236,2111
1523235600000,0.232,1742
1523322000000,0.231,1658
1523408400000,0.234,1720
1523494800000,0.241,1617
1523581200000,0.248,1710
1523667600000,0.255,1990
1523754000000,0.266,1875
1523840400000,0.265,1508
1523926800000,0.262,1488
1524013200000,0.262,1462
1524099600000,0.255,1474
1524186000000,0.255,1545
1524272400000,0.259,1846
1524358800000,0.257,1752
1524445200000,0.254,1370
1524531600000,0.253,1296
1524618000000,0.254,1363
1524704400000,0.254,1403
1524790800000,0.251,1502
1524877200000,0.254,1761
1524963600000,0.255,1801
1525050000000,0.256,1748
1525136400000,0.257,1629
1525222800000,0.251,1514
1525309200000,0.249,1447
1525395600000,0.256,1542
1525482000000,0.259,1685
1525568400000,0.262,1740
1525654800000,0.257,1384
1525741200000,0.255,1414
1525827600000,0.242,1580
1525914000000,0.246,1537
1526000400000,0.25,1507
1526086800000,0.252,1620
1526173200000,0.252,1603
1526259600000,0.252,1374
1526346000000,0.25,1249
1526432400000,0.245,1280
1526518800000,0.244,1293
1526605200000,0.246,1402
1526691600000,0.247,1597
1526778000000,0.247,1569
1526864400000,0.249,1416
1526950800000,0.249,1243
1527037200000,0.25,1174
1527123600000,0.248,1317
1527210000000,0.25,1471
1527296400000,0.25,1483
1527382800000,0.249,1376
1527469200000,0.246,1287
1527555600000,0.25,1262
1527642000000,0.247,1221
1527728400000,0.248,1303
1527814800000,0.242,1520
1527901200000,0.241,1442
1527987600000,0.244,1455
1528074000000,0.241,1303
1528160400000,0.243,1304
1528246800000,0.24,1386
1528333200000,0.242,1333
1528419600000,0.239,1200
1528506000000,0.232,1465
1528592400000,0.227,1589
1528678800000,0.23,1348
1528765200000,0.219,1400
1528851600000,0.218,1494
1528938000000,0.213,1423
1529024400000,0.211,1449
1529110800000,0.213,1475
1529197200000,0.217,1437
1529283600000,0.22,1450
1529370000000,0.219,1314
1529456400000,0.218,1496
1529542800000,0.209,1753
1529629200000,0.179,2671
1529715600000,0.184,2133
1529802000000,0.178,2082
1529888400000,0.177,1949
1529974800000,0.178,1806
1530061200000,0.182,1754
1530147600000,0.183,1683
1530234000000,0.187,1729
1530320400000,0.188,1651
1530406800000,0.192,1637
1530493200000,0.194,1654
1530579600000,0.196,1527
1530666000000,0.195,1670
1530752400000,0.195,1660
1530838800000,0.204,1447
1530925200000,0.21,1560
1531011600000,0.215,1652
1531098000000,0.222,1555
1531184400000,0.224,1523
1531270800000,0.222,1586
1531357200000,0.23,1517
1531443600000,0.231,1499
1531530000000,0.229,1384
1531616400000,0.232,1535
1531702800000,0.237,1712
1531789200000,0.242,1530
1531875600000,0.239,1490
1531962000000,0.24,1505
1532048400000,0.244,1490
1532134800000,0.24,1471
1532221200000,0.245,1605
1532307600000,0.249,1592
1532394000000,0.254,1554
1532480400000,0.256,1692
1532566800000,0.258,1517
1532653200000,0.262,1497
1532739600000,0.26,1618
1532826000000,0.26,1465
1532912400000,0.262,1640
1532998800000,0.262,1500
1533085200000,0.263,1506
1533171600000,0.266,1551
1533258000000,0.266,1689
1533344400000,0.268,1768
1533430800000,0.271,1993
1533517200000,0.276,2040
1533603600000,0.276,1977
1533690000000,0.277,1933
1533776400000,0.286,1957
1533862800000,0.283,1905
1533949200000,0.289,2007
1534035600000,0.291,2050
1534122000000,0.288,1930
1534208400000,0.291,1759
1534294800000,0.296,1905
1534381200000,0.301,1973
1534467600000,0.296,1829
1534554000000,0.302,1857
1534640400000,0.306,1844
1534726800000,0.307,1823
1534813200000,0.303,1780
1534899600000,0.303,1837
1534986000000,0.303,1917
1535072400000,0.306,1900
1535158800000,0.316,1991
1535245200000,0.319,2094
1535331600000,0.33,1898
1535418000000,0.333,1873
1535504400000,0.326,1865
1535590800000,0.325,2220
1535677200000,0.315,2028
1535763600000,0.314,1986
1535850000000,0.311,1895
1535936400000,0.313,1647
1536022800000,0.313,1546
1536109200000,0.306,1482
1536195600000,0.312,1612
1536282000000,0.311,1879
1536368400000,0.31,2194
1536454800000,0.309,2084
1536541200000,0.311,1710
1536627600000,0.31,1653
1536714000000,0.312,1588
1536800400000,0.315,1652
1536886800000,0.318,1962
1536973200000,0.32,2190
1537059600000,0.316,2192
1537146000000,0.319,1565
1537232400000,0.312,1609
1537318800000,0.319,1515
1537405200000,0.315,1525
1537491600000,0.313,1802
1537578000000,0.307,2544
1537664400000,0.297,2385
1537750800000,0.303,1697
1537837200000,0.305,1586
1537923600000,0.309,1409
1538010000000,0.309,1409
1538096400000,0.309,1707
1538182800000,0.315,2175
1538269200000,0.318,2063
1538355600000,0.319,1632
1538442000000,0.318,1540
1538528400000,0.319,1777
1538614800000,0.32,1824
1538701200000,0.321,2189
1538787600000,0.329,2384
1538874000000,0.328,2207
1538960400000,0.325,1772
1539046800000,0.326,1679
1539133200000,0.327,1787
1539219600000,0.329,1829
1539306000000,0.332,1967
1539392400000,0.336,2210
1539478800000,0.335,2222
1539565200000,0.336,1741
1539651600000,0.332,1668
1539738000000,0.332,1587
1539824400000,0.328,1613
1539910800000,0.325,1780
1539997200000,0.328,2230
1540083600000,0.325,2171
1540170000000,0.322,1498
1540256400000,0.324,1505
1540342800000,0.321,1461
1540429200000,0.315,1534
1540515600000,0.313,1772
1540602000000,0.313,2000
1540688400000,0.314,1966
1540774800000,0.306,1796
1540861200000,0.289,1937
1540947600000,0.285,1896
1541034000000,0.287,1874
1541120400000,0.304,1753
1541206800000,0.305,1825
1541293200000,0.298,1896
1541379600000,0.306,1490
1541466000000,0.306,1361
1541552400000,0.303,1378
1541638800000,0.305,1605
1541725200000,0.316,1831
1541811600000,0.318,2217
1541898000000,0.314,2096
1541984400000,0.317,1589
1542070800000,0.315,1251
1542157200000,0.32,1590
1542243600000,0.317,1620
1542330000000,0.318,1857
1542416400000,0.324,2323
1542502800000,0.32,2065
1542589200000,0.314,1633
1542675600000,0.312,1584
1542762000000,0.309,1638
1542848400000,0.29,2028
1542934800000,0.292,2272
1543021200000,0.295,2463
1543107600000,0.297,2273
1543194000000,0.296,1799
1543280400000,0.289,1681
1543366800000,0.298,1555
1543453200000,0.297,1586
1543539600000,0.307,1883
1543626000000,0.306,2163
1543712400000,0.306,1919
1543798800000,0.308,1626
1543885200000,0.308,1490
1543971600000,0.306,1695
1544058000000,0.306,1653
1544144400000,0.297,2507
1544230800000,0.31,3137
1544317200000,0.318,3015
1544403600000,0.321,2516
1544490000000,0.329,2248
1544576400000,0.324,2429
1544662800000,0.334,2306
1544749200000,0.337,2591
1544835600000,0.343,3193
1544922000000,0.345,3147
1545008400000,0.342,2462
1545094800000,0.348,2333
1545181200000,0.344,2489
1545267600000,0.339,2286
1545354000000,0.307,3422
1545440400000,0.308,3581
1545526800000,0.309,3366
1545613200000,0.312,2926
1545699600000,0.318,2953
1545786000000,0.319,2935
1545872400000,0.324,2845
1545958800000,0.343,2804
1546045200000,0.329,3376
1546131600000,0.314,3476
1546218000000,0.328,3052
1546304400000,0.335,2944
1546390800000,0.337,3244
1546477200000,0.335,3118
1546563600000,0.352,3147
1546650000000,0.371,3025
1546736400000,0.379,2749
1546822800000,0.372,2740
1546909200000,0.382,2545
1546995600000,0.389,2779
1547082000000,0.398,2578
1547168400000,0.403,2843
1547254800000,0.409,3251
1547341200000,0.412,2799
1547427600000,0.407,2393
1547514000000,0.407,2415
1547600400000,0.413,2516
1547686800000,0.408,2578
1547773200000,0.411,2562
1547859600000,0.421,3189
1547946000000,0.42,2952
1548032400000,0.424,2428
1548118800000,0.427,2223
1548205200000,0.42,2592
1548291600000,0.419,2361
1548378000000,0.426,2634
1548464400000,0.422,2986
1548550800000,0.426,2974
1548637200000,0.411,2256
1548723600000,0.417,2291
1548810000000,0.412,2419
1548896400000,0.415,2458
1548982800000,0.42,2698
1549069200000,0.42,3100
1549155600000,0.417,2707
1549242000000,0.407,2410
1549328400000,0.392,2631
1549414800000,0.382,2681
1549501200000,0.372,2689
1549587600000,0.367,2757
1549674000000,0.371,3087
1549760400000,0.373,2832
1549846800000,0.378,2219
1549933200000,0.382,2067
1550019600000,0.38,2249
1550106000000,0.379,2105
1550192400000,0.38,2447
1550278800000,0.386,2726
1550365200000,0.393,2452
1550451600000,0.4,2041
1550538000000,0.407,1833
1550624400000,0.406,2043
1550710800000,0.413,1870
1550797200000,0.413,2243
1550883600000,0.413,2771
1550970000000,0.409,2625
1551056400000,0.409,2079
1551142800000,0.416,2004
1551229200000,0.41,1886
1551315600000,0.412,1999
1551402000000,0.409,2288
1551488400000,0.399,3477
1551574800000,0.383,2901
1551661200000,0.382,2367
1551747600000,0.376,2126
1551834000000,0.382,2108
1551920400000,0.378,2237
1552006800000,0.384,2657
1552093200000,0.393,2776
1552179600000,0.391,2480
1552266000000,0.391,2037
1552352400000,0.399,1982
1552438800000,0.403,2006
1552525200000,0.394,2592
1552611600000,0.393,2721
1552698000000,0.401,3494
1552784400000,0.395,3347
1552870800000,0.396,2594
1552957200000,0.396,2416
1553043600000,0.393,2776
1553130000000,0.397,2678
1553216400000,0.396,2977
1553302800000,0.39,3443
1553389200000,0.389,3477
1553475600000,0.374,2922
1553562000000,0.37,2760
1553648400000,0.361,2842
1553734800000,0.362,2781
1553821200000,0.356,3261
1553907600000,0.353,3344
1553994000000,0.358,3118
1554080400000,0.356,2490
1554166800000,0.355,2238
1554253200000,0.355,2275
1554339600000,0.355,2225
1554426000000,0.354,2664
1554512400000,0.36,2983
1554598800000,0.349,2983
1554685200000,0.351,2432
1554771600000,0.352,2355
1554858000000,0.349,2444
1554944400000,0.352,2370
1555030800000,0.352,2708
1555117200000,0.348,3160
1555203600000,0.342,3022
1555290000000,0.345,2520
1555376400000,0.352,2332
1555462800000,0.348,2393
1555549200000,0.353,2363
1555635600000,0.35,2227
1555722000000,0.347,2554
1555808400000,0.347,2519
1555894800000,0.346,2257
1555981200000,0.344,2150
1556067600000,0.339,2264
1556154000000,0.331,2260
1556240400000,0.323,2355
1556326800000,0.327,2735
1556413200000,0.322,2612
1556499600000,0.32,2081
1556586000000,0.321,2214
1556672400000,0.318,2718
1556758800000,0.318,2276
1556845200000,0.318,2356
1556931600000,0.316,2496
1557018000000,0.313,2426
1557104400000,0.311,2020
1557190800000,0.309,1896
1557277200000,0.291,2300
1557363600000,0.292,2114
1557450000000,0.287,2140
1557536400000,0.292,2506
1557622800000,0.291,2216
1557709200000,0.288,1848
1557795600000,0.292,1846
1557882000000,0.291,1974
1557968400000,0.292,1827
1558054800000,0.287,2125
1558141200000,0.29,2502
1558227600000,0.288,2429
1558314000000,0.287,1828
1558400400000,0.288,1860
1558486800000,0.294,2164
1558573200000,0.284,2005
1558659600000,0.284,2160
1558746000000,0.289,2523
1558832400000,0.294,2346
1558918800000,0.295,2081
1559005200000,0.295,1897
1559091600000,0.292,2179
1559178000000,0.292,2246
1559264400000,0.297,2259
1559350800000,0.296,2319
1559437200000,0.3,2504
1559523600000,0.303,2183
1559610000000,0.3,2130
1559696400000,0.298,2183
1559782800000,0.302,2153
1559869200000,0.307,2232
1559955600000,0.303,2283
1560042000000,0.304,2349
1560128400000,0.304,2167
1560214800000,0.304,2033
1560301200000,0.302,2162
1560387600000,0.296,2155
1560474000000,0.296,2088
1560560400000,0.3,2174
1560646800000,0.299,3236
1560733200000,0.289,2360
1560819600000,0.294,2049
1560906000000,0.287,2214
1560992400000,0.288,2246
1561078800000,0.284,2030
1561165200000,0.291,2332
1561251600000,0.285,2292
1561338000000,0.283,2124
1561424400000,0.274,2604
1561510800000,0.251,3224
1561597200000,0.248,2752
1561683600000,0.252,2506
1561770000000,0.253,2347
1561856400000,0.254,2562
1561942800000,0.253,2431
1562029200000,0.255,2404
1562115600000,0.258,2484
1562202000000,0.258,2301
1562288400000,0.266,2168
1562374800000,0.263,2216
1562461200000,0.267,2307
1562547600000,0.267,2577
1562634000000,0.264,2454
1562720400000,0.272,2338
1562806800000,0.278,2287
1562893200000,0.279,2248
1562979600000,0.281,2234
1563066000000,0.28,2214
1563152400000,0.284,2367
1563238800000,0.286,2388
1563325200000,0.286,2355
1563411600000,0.285,2313
1563498000000,0.288,2322
1563584400000,0.282,2052
1563670800000,0.284,2277
1563757200000,0.286,2352
1563843600000,0.289,2212
1563930000000,0.279,2424
1564016400000,0.278,2295
1564102800000,0.279,2269
1564189200000,0.283,2238
1564275600000,0.283,2318
1564362000000,0.283,2409
1564448400000,0.28,2757
1564534800000,0.28,2483
1564621200000,0.277,2464
1564707600000,0.277,2281
1564794000000,0.275,2256
1564880400000,0.275,2374
1564966800000,0.277,2516
1565053200000,0.278,2327
1565139600000,0.274,2410
1565226000000,0.274,2460
1565312400000,0.277,2478
1565398800000,0.276,2367
1565485200000,0.276,2408
1565571600000,0.277,2498
1565658000000,0.276,2452
1565744400000,0.276,2663
1565830800000,0.272,2351
1565917200000,0.276,2494
1566003600000,0.275,2490
1566090000000,0.282,2620
1566176400000,0.281,2455
1566262800000,0.283,2240
1566349200000,0.279,2346
1566435600000,0.286,2468
1566522000000,0.286,2500
1566608400000,0.284,2464
1566694800000,0.286,2279
1566781200000,0.288,2379
1566867600000,0.286,2526
1566954000000,0.288,2034
1567040400000,0.282,2593
1567126800000,0.285,2504
1567213200000,0.283,2594
1567299600000,0.282,2627
1567386000000,0.281,2394
1567472400000,0.281,2066
1567558800000,0.276,2085
1567645200000,0.28,2107
1567731600000,0.283,2376
1567818000000,0.282,3228
1567904400000,0.26,3366
1567990800000,0.259,2342
1568077200000,0.261,1905
1568163600000,0.263,2072
1568250000000,0.263,1972
1568336400000,0.267,2326
1568422800000,0.268,2698
1568509200000,0.271,2573
1568595600000,0.271,1921
1568682000000,0.276,1869
1568768400000,0.27,1973
1568854800000,0.269,2031
1568941200000,0.268,2261
1569027600000,0.272,2805
1569114000000,0.272,2514
1569200400000,0.273,2028
1569286800000,0.273,1848
1569373200000,0.272,1991
1569459600000,0.275,1903
1569546000000,0.275,2157
1569632400000,0.28,2557
1569718800000,0.282,2573
1569805200000,0.285,1925
1569891600000,0.281,1984
1569978000000,0.279,2021
1570064400000,0.278,2312
1570150800000,0.282,2598
1570237200000,0.289,2867
1570323600000,0.288,2686
1570410000000,0.284,2095
1570496400000,0.287,2038
1570582800000,0.287,2127
1570669200000,0.289,2076
1570755600000,0.296,2357
1570842000000,0.295,2937
1570928400000,0.295,2645
1571014800000,0.299,2285
1571101200000,0.3,1889
1571187600000,0.294,1944
1571274000000,0.289,2007
1571360400000,0.289,2646
1571446800000,0.269,4647
1571533200000,0.271,4232
1571619600000,0.268,3016
1571706000000,0.275,3214
1571792400000,0.27,3082
1571878800000,0.269,2682
1571965200000,0.263,2984
1572051600000,0.261,3315
1572138000000,0.262,3039
1572224400000,0.263,2409
1572310800000,0.255,2681
1572397200000,0.25,2585
1572483600000,0.251,2514
1572570000000,0.253,2732
1572656400000,0.261,2777
1572742800000,0.261,2746
1572829200000,0.264,2466
1572915600000,0.267,2295
1573002000000,0.263,2274
1573088400000,0.262,2274
1573174800000,0.264,2555
1573261200000,0.261,2972
1573347600000,0.259,2735
1573434000000,0.256,2299
1573520400000,0.256,2069
1573606800000,0.259,2352
1573693200000,0.26,2067
1573779600000,0.258,2428
1573866000000,0.257,2997
1573952400000,0.258,2790
1574038800000,0.256,2147
1574125200000,0.227,3610
1574211600000,0.226,2609
1574298000000,0.226,2164
1574384400000,0.228,2304
1574470800000,0.231,2931
1574557200000,0.232,2743
1574643600000,0.222,2231
1574730000000,0.218,2220
1574816400000,0.209,2855
1574902800000,0.201,2673
1574989200000,0.203,2757
1575075600000,0.203,2938
1575162000000,0.204,2962
1575248400000,0.205,2285
1575334800000,0.206,2289
1575421200000,0.206,2119
1575507600000,0.207,2162
1575594000000,0.209,3188
1575680400000,0.211,2751
1575766800000,0.215,2881
1575853200000,0.223,2103
1575939600000,0.222,1981
1576026000000,0.219,2203
1576112400000,0.216,2022
1576198800000,0.219,2346
1576285200000,0.22,2995
1576371600000,0.22,2526
1576458000000,0.216,1964
1576544400000,0.217,1924
1576630800000,0.213,1961
1576717200000,0.213,2274
1576803600000,0.204,2870
1576890000000,0.206,3249
1576976400000,0.207,2880
1577062800000,0.209,2563
1577149200000,0.209,2449
1577235600000,0.204,2506
1577322000000,0.206,2653
1577408400000,0.209,2965
1577494800000,0.208,2793
1577581200000,0.212,2988
1577667600000,0.215,2830
1577754000000,0.213,2269
1577840400000,0.211,2607
1577926800000,0.211,4025
1578013200000,0.222,2684
1578099600000,0.223,2699
1578186000000,0.223,2621
1578272400000,0.225,2402
1578358800000,0.226,2364
1578445200000,0.225,2539
1578531600000,0.229,2535
1578618000000,0.23,2783
1578704400000,0.229,3178
1578790800000,0.225,2985
1578877200000,0.222,2617
1578963600000,0.222,2747
1579050000000,0.223,2817
1579136400000,0.223,2504
1579222800000,0.226,2990
1579309200000,0.229,3256
1579395600000,0.229,3064
1579482000000,0.233,2619
1579568400000,0.234,2402
1579654800000,0.227,2513
1579741200000,0.227,2762
1579827600000,0.223,3152
1579914000000,0.221,3279
1580000400000,0.223,3300
1580086800000,0.22,2601
1580173200000,0.225,2403
1580259600000,0.223,2413
1580346000000,0.225,2352
1580432400000,0.228,2969
1580518800000,0.228,3421
1580605200000,0.226,3103
1580691600000,0.226,2495
1580778000000,0.227,2856
1580864400000,0.223,2788
1580950800000,0.224,2938
1581037200000,0.224,3342
1581123600000,0.225,3560
1581210000000,0.222,3321
1581296400000,0.222,2755
1581382800000,0.223,2664
1581469200000,0.223,2856
1581555600000,0.222,2659
1581642000000,0.223,2886
1581728400000,0.228,3550
1581814800000,0.224,3381
1581901200000,0.225,2802
1581987600000,0.223,2570
1582074000000,0.222,2847
1582160400000,0.219,2712
1582246800000,0.221,2988
1582333200000,0.221,3334
1582419600000,0.22,3238
1582506000000,0.218,3004
1582592400000,0.214,3279
1582678800000,0.214,2989
1582765200000,0.211,2922
1582851600000,0.21,3333
1582938000000,0.21,3864
1583024400000,0.208,3568
1583110800000,0.211,2818
1583197200000,0.211,2663
1583283600000,0.21,3034
1583370000000,0.209,2883
1583456400000,0.209,3480
1583542800000,0.209,4133
1583629200000,0.208,3525
1583715600000,0.208,3143
1583802000000,0.207,2860
1583888400000,0.209,2892
1583974800000,0.206,3049
1584061200000,0.206,3443
1584147600000,0.209,3812
1584234000000,0.203,3537
1584320400000,0.2,3350
1584406800000,0.199,3420
1584493200000,0.196,3548
1584579600000,0.193,3655
1584666000000,0.186,3745
1584752400000,0.193,3129
1584838800000,0.187,4173
1584925200000,0.186,3797
1585011600000,0.182,3713
1585098000000,0.181,4164
1585184400000,0.178,3900
1585270800000,0.179,3614
1585357200000,0.179,3482
1585443600000,0.187,2737
1585530000000,0.187,3358
1585616400000,0.172,4908
1585702800000,0.171,5223
1585789200000,0.17,4934
1585875600000,0.171,5047
1585962000000,0.176,4750
1586048400000,0.177,4415
1586134800000,0.175,4588
1586221200000,0.179,4539
1586307600000,0.177,4792
1586394000000,0.179,5001
1586480400000,0.183,4692
1586566800000,0.179,5410
1586653200000,0.183,4855
1586739600000,0.182,4965
1586826000000,0.183,5480
1586912400000,0.18,5278
1586998800000,0.175,5073
1587085200000,0.18,5125
1587171600000,0.181,5034
1587258000000,0.182,4841
1587344400000,0.184,4763
1587430800000,0.186,4897
1587517200000,0.183,4877
1587603600000,0.18,4771
1587690000000,0.184,4933
1587776400000,0.184,4928
1587862800000,0.183,4436
1587949200000,0.184,4939
1588035600000,0.186,4361
1588122000000,0.183,5117
1588208400000,0.187,4970
1588294800000,0.185,4636
1588381200000,0.185,4540
1588467600000,0.187,4634
1588554000000,0.189,4506
1588640400000,0.192,4793
1588726800000,0.191,5439
1588813200000,0.19,5065
1588899600000,0.191,4682
1588986000000,0.193,4380
1589072400000,0.192,4324
1589158800000,0.192,4584
1589245200000,0.191,4519
1589331600000,0.19,4782
1589418000000,0.19,4531
1589504400000,0.19,4244
1589590800000,0.191,4080
1589677200000,0.193,3833
1589763600000,0.194,4116
1589850000000,0.193,3768
1589936400000,0.193,4226
1590022800000,0.193,4294
1590109200000,0.192,4083
1590195600000,0.192,4215
1590282000000,0.194,4038
1590368400000,0.192,3941
1590454800000,0.185,3961
1590541200000,0.188,3998
1590627600000,0.188,4042
1590714000000,0.188,4086
1590800400000,0.188,3787
1590886800000,0.187,3795
1590973200000,0.188,4080
1591059600000,0.189,3771
1591146000000,0.192,3813
1591232400000,0.19,3621
1591318800000,0.191,3811
1591405200000,0.192,3492
1591491600000,0.192,3354
1591578000000,0.192,3618
1591664400000,0.192,3272
1591750800000,0.188,3322
1591837200000,0.191,3843
1591923600000,0.191,3317
1592010000000,0.194,3301
1592096400000,0.196,3392
1592182800000,0.195,3446
1592269200000,0.195,3231
1592355600000,0.192,3295
1592442000000,0.193,3316
1592528400000,0.192,3419
1592614800000,0.19,3090
1592701200000,0.191,3258
1592787600000,0.188,3481
1592874000000,0.189,3344
1592960400000,0.184,3486
1593046800000,0.182,4036
1593133200000,0.176,4794
1593219600000,0.177,4311
1593306000000,0.178,3851
1593392400000,0.177,4295
1593478800000,0.171,3787
1593565200000,0.174,3775
1593651600000,0.177,3594
1593738000000,0.18,3911
1593824400000,0.18,3254
1593910800000,0.179,3244
1593997200000,0.177,3499
1594083600000,0.177,3423
1594170000000,0.176,3730
1594256400000,0.178,3443
1594342800000,0.186,3212
1594429200000,0.189,3211
1594515600000,0.191,3472
1594602000000,0.193,3580
1594688400000,0.192,3303
1594774800000,0.193,3567
1594861200000,0.193,3355
1594947600000,0.196,3139
1595034000000,0.197,3127
1595120400000,0.198,3437
1595206800000,0.196,3712
1595293200000,0.199,3189
1595379600000,0.201,3241
1595466000000,0.203,3208
1595552400000,0.205,3337
1595638800000,0.204,3357
1595725200000,0.198,3026
1595811600000,0.204,3095
1595898000000,0.205,3118
1595984400000,0.207,3063
1596070800000,0.208,3383
1596157200000,0.201,3169
1596243600000,0.202,3439
1596330000000,0.201,3222
1596416400000,0.202,3103
1596502800000,0.204,3306
1596589200000,0.202,3215
1596675600000,0.205,3232
1596762000000,0.203,3418
1596848400000,0.2,3485
1596934800000,0.2,3478
1597021200000,0.2,3728
1597107600000,0.201,4562
1597194000000,0.201,3547
1597280400000,0.202,3582
1597366800000,0.203,3650
1597453200000,0.203,3503
1597539600000,0.204,3556
1597626000000,0.203,3403
1597712400000,0.199,3348
1597798800000,0.197,3509
1597885200000,0.198,3431
1597971600000,0.199,3684
1598058000000,0.2,3513
1598144400000,0.201,3665
1598230800000,0.201,3307
1598317200000,0.199,3595
1598403600000,0.196,3617
1598490000000,0.197,3711
1598576400000,0.197,3633
1598662800000,0.196,3361
1598749200000,0.193,3339
1598835600000,0.196,3448
1598922000000,0.194,2852
1599008400000,0.193,3094
1599094800000,0.191,2866
1599181200000,0.191,3383
1599267600000,0.194,3864
1599354000000,0.194,3430
1599440400000,0.195,2672
1599526800000,0.195,2917
1599613200000,0.191,3192
1599699600000,0.191,3157
1599786000000,0.192,3565
1599872400000,0.195,4352
1599958800000,0.193,3586
1600045200000,0.191,2972
1600131600000,0.195,2834
1600218000000,0.192,3207
1600304400000,0.19,3049
1600390800000,0.19,3536
1600477200000,0.189,3588
1600563600000,0.188,3548
1600650000000,0.187,3045
1600736400000,0.189,2930
1600822800000,0.19,3214
1600909200000,0.19,3060
1600995600000,0.184,3427
1601082000000,0.185,3653
1601168400000,0.186,3762
1601254800000,0.184,2946
1601341200000,0.187,3039
1601427600000,0.186,3187
1601514000000,0.19,3172
1601600400000,0.19,3386
1601686800000,0.187,3573
1601773200000,0.19,3324
1601859600000,0.189,3088
1601946000000,0.19,3194
1602032400000,0.189,3095
1602118800000,0.19,3054
1602205200000,0.19,3204
1602291600000,0.195,3579
1602378000000,0.196,3512
1602464400000,0.196,2844
1602550800000,0.199,2991
1602637200000,0.195,3026
1602723600000,0.192,2810
1602810000000,0.192,2876
1602896400000,0.194,3101
1602982800000,0.196,3212
1603069200000,0.2,2988
1603155600000,0.2,2686
1603242000000,0.193,3020
1603328400000,0.192,2898
1603414800000,0.193,2990
1603501200000,0.191,3326
1603587600000,0.196,3137
1603674000000,0.196,2940
1603760400000,0.193,3339
1603846800000,0.189,3259
1603933200000,0.186,3290
1604019600000,0.179,3647
1604106000000,0.176,3934
1604192400000,0.177,3590
1604278800000,0.181,2815
1604365200000,0.182,3246
1604451600000,0.186,3714
1604538000000,0.184,3101
1604624400000,0.186,3293
1604710800000,0.184,3405
1604797200000,0.188,3352
1604883600000,0.192,3281
1604970000000,0.191,3224
1605056400000,0.19,3350
1605142800000,0.191,2909
1605229200000,0.19,3257
1605315600000,0.187,3246
1605402000000,0.189,3290
1605488400000,0.192,3331
1605574800000,0.196,3434
1605661200000,0.189,3608
1605747600000,0.19,3339
1605834000000,0.193,3804
1605920400000,0.195,3851
1606006800000,0.194,3655
1606093200000,0.196,3581
1606179600000,0.194,3462
1606266000000,0.194,3843
1606352400000,0.181,4623
1606438800000,0.185,4547
1606525200000,0.182,4483
1606611600000,0.181,3995
1606698000000,0.183,3837
1606784400000,0.184,3565
1606870800000,0.189,3418
1606957200000,0.19,3779
1607043600000,0.167,4743
1607130000000,0.173,3892
1607216400000,0.177,3694
1607302800000,0.178,3830
1607389200000,0.18,3426
1607475600000,0.179,3520
1607562000000,0.177,3585
1607648400000,0.179,3558
1607734800000,0.183,3833
1607821200000,0.183,3768
1607907600000,0.184,3439
1607994000000,0.184,3547
1608080400000,0.183,4078
1608166800000,0.185,3658
1608253200000,0.186,3707
1608339600000,0.186,4101
1608426000000,0.187,3874
1608512400000,0.19,3663
1608598800000,0.186,3897
1608685200000,0.175,4671
1608771600000,0.178,4543
1608858000000,0.184,3998
1608944400000,0.182,4468
1609030800000,0.187,3308
1609117200000,0.182,4428
1609203600000,0.185,4530
1609290000000,0.182,4682
1609376400000,0.183,4280
1609462800000,0.187,4384
1609549200000,0.188,4033
1609635600000,0.185,4484
1609722000000,0.187,4675
1609808400000,0.191,4209
1609894800000,0.193,4479
1609981200000,0.198,4599
1610067600000,0.202,4777
1610154000000,0.205,4480
1610240400000,0.205,4144
1610326800000,0.207,4363
1610413200000,0.208,4188
1610499600000,0.207,4531
1610586000000,0.208,4720
1610672400000,0.215,4562
1610758800000,0.215,4885
1610845200000,0.218,4385
1610931600000,0.22,4465
1611018000000,0.219,4457
1611104400000,0.22,4654
1611190800000,0.224,4352
1611277200000,0.224,4803
1611363600000,0.227,4663
1611450000000,0.232,4474
1611536400000,0.228,4455
1611622800000,0.231,3943
1611709200000,0.23,4515
1611795600000,0.211,7037
1611882000000,0.202,5202
1611968400000,0.202,4795
1612054800000,0.203,4230
1612141200000,0.207,3990
1612227600000,0.213,4053
1612314000000,0.209,4173
1612400400000,0.209,4110
1612486800000,0.213,4132
1612573200000,0.212,4439
1612659600000,0.214,4315
1612746000000,0.214,3806
1612832400000,0.213,4204
1612918800000,0.212,4421
1613005200000,0.21,4420
1613091600000,0.205,4974
1613178000000,0.201,5269
1613264400000,0.206,4831
1613350800000,0.207,4229
1613437200000,0.209,4075
1613523600000,0.212,4276
1613610000000,0.213,4175
1613696400000,0.217,4215
1613782800000,0.22,4622
1613869200000,0.221,4661
1613955600000,0.222,4639
1614042000000,0.224,4711
1614128400000,0.223,4782
1614214800000,0.23,4619
1614301200000,0.236,4698
1614387600000,0.237,5383
1614474000000,0.237,5260
1614560400000,0.238,4563
1614646800000,0.243,4644
1614733200000,0.239,4579
1614819600000,0.244,4615
1614906000000,0.244,5122
1614992400000,0.25,5568
1615078800000,0.253,5287
1615165200000,0.257,5175
1615251600000,0.26,5101
1615338000000,0.257,4944
1615424400000,0.26,4672
1615510800000,0.262,5257
1615597200000,0.267,5599
1615683600000,0.271,5247
1615770000000,0.272,4511
1615856400000,0.272,4315
1615942800000,0.265,5014
1616029200000,0.264,4883
1616115600000,0.255,5562
1616202000000,0.253,5306
1616288400000,0.256,5115
1616374800000,0.256,5014
1616461200000,0.249,5101
1616547600000,0.246,5265
1616634000000,0.242,5210
1616720400000,0.237,5083
1616806800000,0.24,5166
1616893200000,0.242,4974
1616979600000,0.248,5095
1617066000000,0.249,4172
1617152400000,0.247,4897
1617238800000,0.25,4802
1617325200000,0.254,4849
1617411600000,0.257,5333
1617498000000,0.255,4853
1617584400000,0.256,4851
1617670800000,0.256,4515
1617757200000,0.217,7376
1617843600000,0.196,6853
1617930000000,0.184,6593
1618016400000,0.181,5622
1618102800000,0.18,4237
1618189200000,0.184,4090
1618275600000,0.189,4100
1618362000000,0.201,1307
1618448400000,0.191,4642
1618534800000,0.19,4451
1618621200000,0.191,4098
1618707600000,0.191,4018
1618794000000,0.194,3754
1618880400000,0.197,3575
1618966800000,0.194,3720
1619053200000,0.192,3513
1619139600000,0.196,3759
1619226000000,0.198,3907
1619312400000,0.198,3843
1619398800000,0.199,3533
1619485200000,0.2,3413
1619571600000,0.196,3576
1619658000000,0.197,3677
1619744400000,0.199,3947
1619830800000,0.202,3370
1619917200000,0.207,3610
1620003600000,0.208,3944
1620090000000,0.203,4643
1620176400000,0.203,4889
1620262800000,0.205,4565
1620349200000,0.203,4429
1620435600000,0.208,4468
1620522000000,0.211,3967
1620608400000,0.21,4053
1620694800000,0.216,3846
1620781200000,0.216,3880
1620867600000,0.215,3915
1620954000000,0.218,3919
1621040400000,0.218,4000
1621126800000,0.218,3700
1621213200000,0.22,3336
1621299600000,0.221,3362
1621386000000,0.217,3668
1621472400000,0.216,3717
1621558800000,0.216,4143
1621645200000,0.223,4202
1621731600000,0.226,3974
1621818000000,0.224,4210
1621904400000,0.227,3944
1621990800000,0.228,3924
1622077200000,0.231,4024
1622163600000,0.222,4511
1622250000000,0.22,4455
1622336400000,0.22,4532
1622422800000,0.223,4303
1622509200000,0.228,3821
1622595600000,0.227,4132
1622682000000,0.228,3937
1622768400000,0.225,4949
1622854800000,0.225,4474
1622941200000,0.227,4251
1623027600000,0.225,4028
1623114000000,0.227,3769
1623200400000,0.227,3894
1623286800000,0.224,3744
1623373200000,0.224,3803
1623459600000,0.225,3696
1623546000000,0.221,3664
1623632400000,0.221,3673
1623718800000,0.22,3376
1623805200000,0.217,3550
1623891600000,0.218,3450
1623978000000,0.211,3532
1624064400000,0.213,3634
1624150800000,0.213,3354
1624237200000,0.214,3459
1624323600000,0.216,3505
1624410000000,0.21,3490
1624496400000,0.2,4447
1624582800000,0.19,5182
1624669200000,0.192,4379
1624755600000,0.19,3868
1624842000000,0.187,4048
1624928400000,0.181,3813
1625014800000,0.18,3705
1625101200000,0.181,3417
1625187600000,0.183,3619
1625274000000,0.182,3409
1625360400000,0.178,3430
1625446800000,0.18,3513
1625533200000,0.18,3444
1625619600000,0.178,3646
1625706000000,0.178,3598
1625792400000,0.181,3076
1625878800000,0.187,2774
1625965200000,0.187,2719
1626051600000,0.188,3015
1626138000000,0.19,2845
1626224400000,0.188,3248
1626310800000,0.186,2902
1626397200000,0.187,2738
1626483600000,0.187,2714
1626570000000,0.188,2764
1626656400000,0.19,3000
1626742800000,0.188,2889
1626829200000,0.186,2948
1626915600000,0.189,2830
1627002000000,0.189,2762
1627088400000,0.191,2700
1627174800000,0.192,2650
1627261200000,0.193,2744
1627347600000,0.2,1474
1627434000000,0.196,3028
1627520400000,0.193,3047
1627606800000,0.197,2960
1627693200000,0.199,2710
1627779600000,0.198,2562
1627866000000,0.196,3076
1627952400000,0.197,2910
1628038800000,0.198,2637
1628125200000,0.203,2207
1628211600000,0.197,3167
1628298000000,0.195,2815
1628384400000,0.2,2741
1628470800000,0.197,2868
1628557200000,0.195,2830
1628643600000,0.19,3150
1628730000000,0.193,2993
1628816400000,0.191,3021
1628902800000,0.189,2850
1628989200000,0.19,2715
1629075600000,0.19,3133
1629162000000,0.191,3132
1629248400000,0.19,3251
1629334800000,0.19,3012
1629421200000,0.188,2817
1629507600000,0.186,3894
1629594000000,0.187,2942
1629680400000,0.184,3103
1629766800000,0.185,2911
1629853200000,0.184,3220
1629939600000,0.187,3301
1630026000000,0.186,3008
1630112400000,0.185,2977
1630198800000,0.184,3013
1630285200000,0.19,3140
1630371600000,0.196,2933
1630458000000,0.195,2850
1630544400000,0.191,2490
1630630800000,0.197,2744
1630717200000,0.195,3105
1630803600000,0.193,3218
1630890000000,0.195,2526
1630976400000,0.199,2426
1631062800000,0.192,2573
1631149200000,0.193,2457
1631235600000,0.188,3337
1631322000000,0.188,3546
1631408400000,0.19,3153
1631494800000,0.187,2656
1631581200000,0.186,2457
1631667600000,0.188,2558
1631754000000,0.184,2863
1631840400000,0.183,3238
1631926800000,0.184,3745
1632013200000,0.187,3322
1632099600000,0.189,2785
1632186000000,0.185,2720
1632272400000,0.167,5003
1632358800000,0.157,3688
1632445200000,0.157,3202
1632531600000,0.161,3705
1632618000000,0.165,3708
1632704400000,0.171,3202
1632790800000,0.169,2604
1632877200000,0.166,3040
1632963600000,0.161,2828
1633050000000,0.168,2777
1633136400000,0.165,3440
1633222800000,0.162,2994
1633309200000,0.163,2539
1633395600000,0.161,2646
1633482000000,0.157,2872
1633568400000,0.157,2930
1633654800000,0.159,2913
1633741200000,0.163,3181
1633827600000,0.163,2768
1633914000000,0.163,2299
1634000400000,0.161,2541
1634086800000,0.159,2718
1634173200000,0.158,2688
1634259600000,0.159,2718
1634346000000,0.164,3344
1634432400000,0.166,2564
1634518800000,0.165,2323
1634605200000,0.16,2440
1634691600000,0.158,2484
1634778000000,0.158,2341
1634864400000,0.151,3658
1634950800000,0.154,3294
1635037200000,0.157,2713
1635123600000,0.151,2548
1635210000000,0.151,2401
1635296400000,0.149,2930
1635382800000,0.151,2902
1635469200000,0.143,3306
1635555600000,0.145,3524
1635642000000,0.146,3335
1635728400000,0.144,2907
1635814800000,0.15,2737
1635901200000,0.145,3158
1635987600000,0.146,2943
1636074000000,0.149,2750
1636160400000,0.154,2899
1636246800000,0.151,2905
1636333200000,0.149,2779
1636419600000,0.15,2534
1636506000000,0.145,3553
1636592400000,0.147,2979
1636678800000,0.149,3063
1636765200000,0.15,3408
1636851600000,0.149,3005
1636938000000,0.15,2658
1637024400000,0.154,2511
1637110800000,0.154,2707
1637197200000,0.152,2863
1637283600000,0.151,3139
1637370000000,0.151,3606
1637456400000,0.154,3177
1637542800000,0.158,2958
1637629200000,0.159,2652
1637715600000,0.159,2952
1637802000000,0.151,3477
1637888400000,0.149,3432
1637974800000,0.15,3587
1638061200000,0.152,4200
1638147600000,0.154,2936
1638234000000,0.149,4078
1638320400000,0.145,3435
1638406800000,0.15,2937
1638493200000,0.154,2884
1638579600000,0.157,3266
1638666000000,0.157,2921
1638752400000,0.16,2469
1638838800000,0.16,2302
1638925200000,0.161,2621
1639011600000,0.16,2410
1639098000000,0.161,2590
1639184400000,0.161,3151
1639270800000,0.159,2840
1639357200000,0.16,2425
1639443600000,0.162,2274
1639530000000,0.157,2382
1639616400000,0.156,2140
1639702800000,0.158,2479
1639789200000,0.156,2622
1639875600000,0.16,2773
1639962000000,0.16,2495
1640048400000,0.157,2182
1640134800000,0.162,2546
1640221200000,0.154,2878
1640307600000,0.158,3225
1640394000000,0.16,2914
1640480400000,0.169,3619
1640566800000,0.165,2793
1640653200000,0.171,3318
1640739600000,0.171,3385
1640826000000,0.168,3212
1640912400000,0.171,3185
1640998800000,0.171,3233
1641085200000,0.171,3222
1641171600000,0.171,3166
1641258000000,0.173,3291
1641344400000,0.174,3406
1641430800000,0.176,3041
1641517200000,0.176,2853
1641603600000,0.18,3024
1641690000000,0.179,2709
1641776400000,0.179,2499
1641862800000,0.182,2539
1641949200000,0.182,2710
1642035600000,0.181,2503
1642122000000,0.184,2814
1642208400000,0.185,3078
1642294800000,0.184,3025
1642381200000,0.19,2447
1642467600000,0.189,2764
1642554000000,0.189,2828
1642640400000,0.187,2742
1642726800000,0.185,3228
1642813200000,0.184,3709
1642899600000,0.184,3409
1642986000000,0.189,3343
1643072400000,0.189,3153
1643158800000,0.185,3471
1643245200000,0.185,3665
1643331600000,0.18,4236
1643418000000,0.179,4229
1643504400000,0.181,4090
1643590800000,0.178,4104
1643677200000,0.175,3802
1643763600000,0.176,4403
1643850000000,0.175,3808
1643936400000,0.183,3653
1644022800000,0.191,3717
1644109200000,0.191,3785
1644195600000,0.191,3380
1644282000000,0.193,3530
1644368400000,0.194,3678
1644454800000,0.194,3279
1644541200000,0.195,3732
1644627600000,0.197,4004
1644714000000,0.197,3798
1644800400000,0.2,3626
1644886800000,0.2,3443
1644973200000,0.199,3617
1645059600000,0.2,3325
1645146000000,0.202,3815
1645232400000,0.202,3793
1645318800000,0.203,3792
1645405200000,0.202,3324
1645491600000,0.203,3775
1645578000000,0.202,3628
1645664400000,0.202,3022
1645750800000,0.208,3760
1645837200000,0.204,3857
1645923600000,0.208,4011
1646010000000,0.211,3635
1646096400000,0.206,4109
1646182800000,0.205,3819
1646269200000,0.209,3620
1646355600000,0.215,4349
1646442000000,0.215,4378
1646528400000,0.214,4451
1646614800000,0.218,4013
1646701200000,0.204,4380
1646787600000,0.203,3787
1646874000000,0.206,3914
1646960400000,0.234,3623
1647046800000,0.224,4186
1647133200000,0.223,4185
1647219600000,0.223,3339
1647306000000,0.227,3349
1647392400000,0.219,3354
1647478800000,0.22,3378
1647565200000,0.221,3872
1647651600000,0.219,3900
1647738000000,0.221,3929
1647824400000,0.223,3351
1647910800000,0.221,3137
1647997200000,0.22,3328
1648083600000,0.224,3806
1648170000000,0.227,3619
1648256400000,0.227,3673
1648342800000,0.223,3790
1648429200000,0.221,3185
1648515600000,0.225,3809
1648602000000,0.237,2850
1648688400000,0.229,3116
1648774800000,0.23,3298
1648861200000,0.23,3494
1648947600000,0.231,3623
1649034000000,0.232,2871
1649120400000,0.233,2844
1649206800000,0.236,2845
1649293200000,0.236,2868
1649379600000,0.235,3134
1649466000000,0.235,3531
1649552400000,0.232,3521
1649638800000,0.232,2983
1649725200000,0.23,2911
1649811600000,0.229,2986
1649898000000,0.226,2826
1649984400000,0.236,3138
1650070800000,0.235,3506
1650157200000,0.235,3193
1650243600000,0.234,2982
1650330000000,0.241,3116
1650416400000,0.232,2672
1650502800000,0.218,2151
1650589200000,0.228,3038
1650675600000,0.231,3090
1650762000000,0.231,2896
1650848400000,0.235,2887
1650934800000,0.235,2571
1651021200000,0.229,2801
1651107600000,0.234,2467
1651194000000,0.233,2564
1651280400000,0.228,2799
1651366800000,0.233,2970
1651453200000,0.232,2643
1651539600000,0.229,2736
1651626000000,0.222,3764
1651712400000,0.213,2801
1651798800000,0.218,2812
1651885200000,0.214,2748
1651971600000,0.212,2991
1652058000000,0.206,2357
1652144400000,0.207,2360
1652230800000,0.204,2743
1652317200000,0.207,2395
1652403600000,0.207,2511
1652490000000,0.207,2879
1652576400000,0.205,2792
1652662800000,0.205,2505
1652749200000,0.212,2518
1652835600000,0.207,2354
1652922000000,0.205,2282
1653008400000,0.206,2359
1653094800000,0.207,2757
1653181200000,0.207,2569
1653267600000,0.206,2452
1653354000000,0.206,2507
1653440400000,0.206,2505
1653526800000,0.203,2519
1653613200000,0.198,2688
1653699600000,0.197,2946
1653786000000,0.2,3164
1653872400000,0.201,2532
1653958800000,0.202,2566
1654045200000,0.203,2617
1654131600000,0.204,2795
1654218000000,0.19,3531
1654304400000,0.189,3115
1654390800000,0.189,2966
1654477200000,0.191,2467
1654563600000,0.196,2571
1654650000000,0.187,2417
1654736400000,0.187,2496
1654822800000,0.184,2246
1654909200000,0.184,2292
1654995600000,0.183,2432
1655082000000,0.182,2351
1655168400000,0.179,2332
1655254800000,0.177,2441
1655341200000,0.168,2839
1655427600000,0.17,2398
1655514000000,0.173,2630
1655600400000,0.172,2357
1655686800000,0.167,2518
1655773200000,0.169,2628
1655859600000,0.161,2380
1655946000000,0.161,2404
1656032400000,0.155,3051
1656118800000,0.156,2836
1656205200000,0.159,2864
1656291600000,0.159,2639
1656378000000,0.153,2535
1656464400000,0.154,2536
1656550800000,0.156,2516
1656637200000,0.157,2744
1656723600000,0.164,4041
1656810000000,0.166,3066
1656896400000,0.166,2641
1656982800000,0.166,3133
1657069200000,0.164,3033
1657155600000,0.172,3026
1657242000000,0.178,2887
1657328400000,0.176,2432
1657414800000,0.176,2839
1657501200000,0.18,2941
1657587600000,0.181,2713
1657674000000,0.186,2425
1657760400000,0.182,2879
1657846800000,0.185,2533
1657933200000,0.181,2574
1658019600000,0.184,2589
1658106000000,0.188,2496
1658192400000,0.188,2594
1658278800000,0.19,2358
1658365200000,0.182,2896
1658451600000,0.181,2702
1658538000000,0.181,2620
1658624400000,0.183,2483
1658710800000,0.186,2897
1658797200000,0.188,2755
1658883600000,0.187,2606
1658970000000,0.186,2818
1659056400000,0.185,2621
1659142800000,0.185,2592
1659229200000,0.186,2851
1659315600000,0.193,2782
1659402000000,0.192,2973
1659488400000,0.194,3309
1659574800000,0.197,2974
1659661200000,0.194,2797
1659747600000,0.196,2821
1659834000000,0.195,2981
1659920400000,0.199,2932
1660006800000,0.198,1550
1660093200000,0.204,3587
1660179600000,0.213,3158
1660266000000,0.207,2601
1660352400000,0.204,2714
1660438800000,0.202,2784
1660525200000,0.203,2723
1660611600000,0.21,3007
1660698000000,0.198,3779
1660784400000,0.207,3274
1660870800000,0.207,3018
1660957200000,0.203,3026
1661043600000,0.207,2979
1661130000000,0.209,2877
1661216400000,0.21,2921
1661302800000,0.205,3040
1661389200000,0.207,2875
1661475600000,0.206,3199
1661562000000,0.206,2718
1661648400000,0.206,2890
1661734800000,0.209,2760
1661821200000,0.209,2983
1661907600000,0.207,2874
1661994000000,0.205,2728
1662080400000,0.201,3095
1662166800000,0.206,3138
1662253200000,0.21,2975
1662339600000,0.21,2507
1662426000000,0.206,2365
1662512400000,0.208,2672
1662598800000,0.212,2685
1662685200000,0.21,2721
1662771600000,0.209,3142
1662858000000,0.208,3143
1662944400000,0.212,2632
1663030800000,0.213,2489
1663117200000,0.203,2615
1663203600000,0.203,2720
1663290000000,0.211,2970
1663376400000,0.21,3205
1663462800000,0.206,3028
1663549200000,0.205,2343
1663635600000,0.202,2479
1663722000000,0.196,2395
1663808400000,0.199,2545
1663894800000,0.198,2446
1663981200000,0.202,2971
1664067600000,0.202,2984
1664154000000,0.201,2202
1664240400000,0.195,2073
1664326800000,0.19,2220
1664413200000,0.196,2581
1664499600000,0.196,2741
1664586000000,0.193,3090
1664672400000,0.193,2873
1664758800000,0.203,2518
1664845200000,0.21,2467
1664931600000,0.209,2738
1665018000000,0.208,2228
1665104400000,0.205,2502
1665190800000,0.208,2681
1665277200000,0.205,2592
1665363600000,0.206,2543
1665450000000,0.203,2538
1665536400000,0.198,2018
1665622800000,0.199,2359
1665709200000,0.191,1791
1665795600000,0.199,3252
1665882000000,0.204,2805
1665968400000,0.204,2121
1666054800000,0.202,2058
1666141200000,0.199,2152
1666227600000,0.205,2200
1666314000000,0.204,2534
1666400400000,0.195,3429
1666486800000,0.194,2960
1666573200000,0.192,2291
1666659600000,0.192,2189
1666746000000,0.188,2446
1666832400000,0.187,2504
1666918800000,0.186,2632
1667005200000,0.188,2893
1667091600000,0.191,3055
1667178000000,0.187,2648
1667264400000,0.188,2459
1667350800000,0.189,2626
1667437200000,0.192,2660
1667523600000,0.191,2515
1667610000000,0.192,2704
1667696400000,0.197,2662
1667782800000,0.197,2130
1667869200000,0.199,2255
1667955600000,0.199,2311
1668042000000,0.203,2395
1668128400000,0.198,2448
1668214800000,0.201,2806
1668301200000,0.2,2815
1668387600000,0.197,2273
1668474000000,0.199,2412
1668560400000,0.196,2262
1668646800000,0.195,2333
1668733200000,0.195,2722
1668819600000,0.195,3215
1668906000000,0.196,3080
1668992400000,0.194,2282
1669078800000,0.194,2608
1669165200000,0.182,3541
1669251600000,0.178,3053
1669338000000,0.174,3357
1669424400000,0.169,3533
1669510800000,0.175,3565
1669597200000,0.178,2887
1669683600000,0.178,2387
1669770000000,0.186,2270
1669856400000,0.187,2278
1669942800000,0.193,2770
1670029200000,0.198,3175
1670115600000,0.202,3266
1670202000000,0.2,2217
1670288400000,0.202,2176
1670374800000,0.201,2251
1670461200000,0.201,2305
1670547600000,0.203,2474
1670634000000,0.205,2834
1670720400000,0.206,2775
1670806800000,0.203,2268
1670893200000,0.202,2147
1670979600000,0.191,2686
1671066000000,0.194,2421
1671152400000,0.192,2737
1671238800000,0.197,2931
1671325200000,0.196,2843
1671411600000,0.194,2435
1671498000000,0.19,2184
1671584400000,0.187,2578
1671670800000,0.187,3263
1671757200000,0.181,4131
1671843600000,0.182,3912
1671930000000,0.18,3621
1672016400000,0.182,3371
1672102800000,0.187,3363
1672189200000,0.189,4004
1672275600000,0.187,3474
1672362000000,0.191,3596
1672448400000,0.19,2983
1672534800000,0.195,3351
1672621200000,0.191,3485
1672707600000,0.191,3574
1672794000000,0.193,3589
1672880400000,0.192,3561
1672966800000,0.199,3367
1673053200000,0.202,3526
1673139600000,0.202,3343
1673226000000,0.205,2832
1673312400000,0.21,2944
1673398800000,0.209,3135
1673485200000,0.208,2997
1673571600000,0.211,3317
1673658000000,0.214,3599
1673744400000,0.212,3268
1673830800000,0.214,2919
1673917200000,0.215,2809
1674003600000,0.215,3012
1674090000000,0.217,2978
1674176400000,0.212,3255
1674262800000,0.213,3665
1674349200000,0.216,3772
1674435600000,0.217,3274
1674522000000,0.219,3225
1674608400000,0.218,3276
1674694800000,0.219,3314
1674781200000,0.222,3427
1674867600000,0.22,3959
1674954000000,0.219,3830
1675040400000,0.224,3377
1675126800000,0.223,3104
1675213200000,0.223,3622
1675299600000,0.224,3354
1675386000000,0.225,3712
1675472400000,0.224,3957
1675558800000,0.223,3809
1675645200000,0.223,3304
1675731600000,0.225,2997
1675818000000,0.225,3184
1675904400000,0.223,3423
1675990800000,0.219,4170
1676077200000,0.221,4989
1676163600000,0.22,5123
1676250000000,0.223,3841
1676336400000,0.226,3712
1676422800000,0.222,4014
1676509200000,0.225,4047
1676595600000,0.225,4572
1676682000000,0.225,4993
1676768400000,0.225,4768
1676854800000,0.224,3843
1676941200000,0.224,3934
1677027600000,0.227,4027
1677114000000,0.228,4307
1677200400000,0.226,4504
1677286800000,0.235,4868
1677373200000,0.23,4771
1677459600000,0.231,3989
1677546000000,0.238,3844
1677632400000,0.242,3837
1677718800000,0.238,4216
1677805200000,0.242,4417
1677891600000,0.245,5043
1677978000000,0.247,5130
1678064400000,0.237,4002
1678150800000,0.239,4154
1678237200000,0.239,4503
1678323600000,0.237,4306
1678410000000,0.235,4507
1678496400000,0.236,5212
1678582800000,0.233,5246
1678669200000,0.236,4273
1678755600000,0.241,4119
1678842000000,0.239,4246
1678928400000,0.231,4728
1679014800000,0.222,5814
1679101200000,0.222,5785
1679187600000,0.222,5362
1679274000000,0.22,5042
1679360400000,0.225,4713
1679446800000,0.218,5245
1679533200000,0.226,6190
1679619600000,0.235,5706
1679706000000,0.241,6053
1679792400000,0.244,6883
1679878800000,0.242,5596
1679965200000,0.247,5539
1680051600000,0.248,5208
1680138000000,0.249,4108
1680224400000,0.254,4206
1680310800000,0.257,5589
1680397200000,0.261,5680
1680483600000,0.259,5176
1680570000000,0.264,4424
1680656400000,0.258,4710
1680742800000,0.257,5119
1680829200000,0.264,3951
1680915600000,0.269,4358
1681002000000,0.269,5240
1681088400000,0.27,4907
1681174800000,0.272,4345
1681261200000,0.274,4454
1681347600000,0.276,4163
1681434000000,0.278,3631
1681520400000,0.279,3416
1681606800000,0.285,3591
1681693200000,0.28,4436
1681779600000,0.28,3541
1681866000000,0.283,3737
1681952400000,0.279,440
1681966800000,0.28,130
1681970400000,0.28,196
1681974000000,0.276,186
1681977600000,0.28,185
1681981200000,0.283,212
1681984800000,0.282,216
1681988400000,0.28,231
1681992000000,0.28,296
1681995600000,0.282,337
1681999200000,0.284,329
1682002800000,0.282,338
1682006400000,0.28,380
1682010000000,0.282,415
1682013600000,0.279,414
1682017200000,0.284,209
1682020800000,0.286,114
1682024400000,0.273,332
1682028000000,0.268,267
1682031600000,0.269,177
1682035200000,0.275,126
1682038800000,0.28,95
1682042400000,0.28,99
1682046000000,0.272,78
1682049600000,0.274,73
1682053200000,0.27,110
1682056800000,0.274,108
1682060400000,0.275,145
1682064000000,0.27,193
1682067600000,0.27,217
1682071200000,0.27,198
1682074800000,0.28,298
1682078400000,0.277,235
1682082000000,0.28,254
1682085600000,0.289,330
1682089200000,0.289,354
1682092800000,0.281,332
1682096400000,0.281,325
1682100000000,0.277,349
1682103600000,0.28,410
1682107200000,0.274,339
1682110800000,0.281,365
1682114400000,0.275,248
1682118000000,0.275,173
1682121600000,0.274,126
1682125200000,0.271,128
1682128800000,0.273,103
1682132400000,0.277,96
1682136000000,0.28,110
1682139600000,0.273,107
1682143200000,0.282,119
1682146800000,0.282,194
1682150400000,0.292,204
1682154000000,0.287,253
1682157600000,0.283,259
1682161200000,0.283,284
1682164800000,0.28,317
1682168400000,0.278,289
1682172000000,0.278,303
1682175600000,0.277,266
1682179200000,0.282,306
1682182800000,0.282,341
1682186400000,0.28,368
1682190000000,0.282,379
1682193600000,0.282,422
1682197200000,0.282,323
1682200800000,0.278,269
1682204400000,0.271,213
1682208000000,0.275,153
1682211600000,0.278,135
1682215200000,0.276,185
1682218800000,0.28,112
1682222400000,0.288,104
1682226000000,0.28,108
1682229600000,0.28,100
1682233200000,0.29,158
1682236800000,0.28,285
1682240400000,0.286,238
1682244000000,0.293,323
1682247600000,0.29,353
1682251200000,0.281,310
1682254800000,0.28,292
1682258400000,0.278,292
1682262000000,0.279,319
1682265600000,0.279,313
1682269200000,0.277,314
1682272800000,0.275,349
1682276400000,0.27,354
1682280000000,0.27,327
1682283600000,0.265,279
1682287200000,0.27,202
1682290800000,0.264,138
1682294400000,0.264,103
1682298000000,0.269,83
1682301600000,0.278,86
1682305200000,0.267,73
1682308800000,0.28,89
1682312400000,0.276,74
1682316000000,0.272,80
1682319600000,0.264,116
1682323200000,0.267,110
1682326800000,0.27,134
1682330400000,0.27,148
1682334000000,0.269,156
1682337600000,0.27,179
1682341200000,0.268,237
1682344800000,0.27,273
1682348400000,0.281,300
1682352000000,0.275,295
1682355600000,0.275,335
1682359200000,0.274,316
1682362800000,0.275,332
1682366400000,0.268,314
1682370000000,0.266,248
1682373600000,0.264,181
1682377200000,0.268,124
1682380800000,0.264,103
1682384400000,0.253,112
1682388000000,0.252,217
1682391600000,0.253,145
1682395200000,0.253,159
1682398800000,0.252,152
1682402400000,0.253,167
1682406000000,0.258,207
1682409600000,0.252,236
1682413200000,0.253,252
1682416800000,0.253,327
1682420400000,0.261,364
1682424000000,0.254,349
1682427600000,0.252,402
1682431200000,0.253,445
1682434800000,0.253,416
1682438400000,0.252,457
1682442000000,0.251,459
1682445600000,0.251,496
1682449200000,0.253,470
1682452800000,0.253,420
1682456400000,0.251,282
1682460000000,0.245,212
1682463600000,0.246,85
1682467200000,0.25,145
1682470800000,0.251,106
1682474400000,0.25,86
1682478000000,0.246,82
1682481600000,0.246,87
1682485200000,0.245,74
1682488800000,0.25,102
1682492400000,0.268,196
1682496000000,0.258,131
1682499600000,0.25,151
1682503200000,0.249,170
1682506800000,0.256,204
1682510400000,0.25,202
1682514000000,0.248,254
1682517600000,0.249,260
1682521200000,0.252,322
1682524800000,0.249,272
1682528400000,0.252,332
1682532000000,0.252,328
1682535600000,0.252,329
1682539200000,0.245,372
1682542800000,0.252,264
1682546400000,0.244,190
1682550000000,0.244,149
1682553600000,0.248,109
1682557200000,0.246,78
1682560800000,0.247,69
1682564400000,0.25,80
1682568000000,0.244,80
1682571600000,0.25,83
1682575200000,0.255,76
1682578800000,0.256,109
1682582400000,0.255,116
1682586000000,0.254,139
1682589600000,0.25,153
1682593200000,0.256,182
1682596800000,0.244,174
1682600400000,0.255,207
1682604000000,0.249,236
1682607600000,0.244,275
1682611200000,0.244,308
1682614800000,0.252,358
1682618400000,0.255,343
1682622000000,0.251,335
1682625600000,0.244,320
1682629200000,0.245,233
1682632800000,0.244,166
1682636400000,0.253,141
1682640000000,0.24,117
1682643600000,0.24,100
1682647200000,0.231,92
1682650800000,0.263,87
1682654400000,0.25,64
1682658000000,0.242,70
1682661600000,0.245,94
1682665200000,0.253,128
1682668800000,0.243,127
1682672400000,0.242,138
1682676000000,0.245,178
1682679600000,0.24,196
1682683200000,0.244,206
1682686800000,0.245,246
1682690400000,0.245,251
1682694000000,0.251,242
1682697600000,0.245,299
1682701200000,0.249,258
1682704800000,0.247,299
1682708400000,0.252,330
1682712000000,0.245,330
1682715600000,0.248,322
1682719200000,0.25,240
1682722800000,0.24,187
1682726400000,0.25,144
1682730000000,0.254,125
1682733600000,0.246,89
1682737200000,0.246,82
1682740800000,0.246,87
1682744400000,0.258,130
1682748000000,0.25,131
1682751600000,0.253,161
1682755200000,0.244,182
1682758800000,0.251,210
1682762400000,0.246,232
1682766000000,0.249,257
1682769600000,0.244,267
1682773200000,0.246,250
1682776800000,0.246,289
1682780400000,0.243,276
1682784000000,0.253,281
1682787600000,0.253,256
1682791200000,0.251,313
1682794800000,0.249,305
1682798400000,0.251,304
1682802000000,0.251,255
1682805600000,0.243,211
1682809200000,0.252,171
1682812800000,0.231,123
1682816400000,0.236,103
1682820000000,0.253,87
1682823600000,0.25,80
1682827200000,0.26,77
1682830800000,0.257,85
1682834400000,0.251,97
1682838000000,0.248,108
1682841600000,0.251,181
1682845200000,0.251,226
1682848800000,0.253,251
1682852400000,0.251,217
1682856000000,0.251,255
1682859600000,0.246,248
1682863200000,0.244,346
1682866800000,0.252,307
1682870400000,0.249,292
1682874000000,0.248,292
1682877600000,0.25,298
1682881200000,0.249,334
1682884800000,0.253,334
1682888400000,0.251,281
1682892000000,0.253,241
1682895600000,0.259,172
1682899200000,0.25,140
1682902800000,0.25,102
1682906400000,0.24,105
1682910000000,0.25,91
1682913600000,0.246,81
1682917200000,0.25,101
1682920800000,0.251,97
1682924400000,0.26,122
1682928000000,0.26,156
1682931600000,0.261,191
1682935200000,0.258,230
1682938800000,0.257,250
1682942400000,0.254,266
1682946000000,0.253,275
1682949600000,0.257,325
1682953200000,0.24,618
1682956800000,0.26,306
1682960400000,0.257,296
1682964000000,0.247,308
1682967600000,0.253,328
1682971200000,0.251,305
1682974800000,0.247,256
1682978400000,0.242,187
1682982000000,0.24,157
1682985600000,0.26,131
1682989200000,0.256,137
1682992800000,0.24,100
1682996400000,0.25,93
1683000000000,0.25,80
1683003600000,0.25,89
1683007200000,0.25,132
1683010800000,0.261,141
1683014400000,0.256,133
1683018000000,0.253,155
1683021600000,0.242,154
1683025200000,0.244,168
1683028800000,0.256,278
1683032400000,0.251,234
1683036000000,0.251,210
1683039600000,0.249,273
1683043200000,0.254,279
1683046800000,0.252,276
1683050400000,0.253,282
1683054000000,0.25,284
1683057600000,0.249,263
1683061200000,0.248,211
1683064800000,0.248,215
1683068400000,0.247,120
1683072000000,0.241,106
1683075600000,0.24,73
1683079200000,0.24,58
1683082800000,0.242,102
1683086400000,0.25,71
1683090000000,0.253,105
1683093600000,0.256,89
1683097200000,0.249,83
1683100800000,0.249,106
1683104400000,0.248,120
1683108000000,0.249,130
1683111600000,0.248,129
1683115200000,0.25,198
1683118800000,0.249,228
1683122400000,0.249,245
1683126000000,0.251,257
1683129600000,0.249,240
1683133200000,0.249,289
1683136800000,0.246,297
1683140400000,0.244,361
1683144000000,0.241,302
1683147600000,0.243,239
1683151200000,0.242,202
1683154800000,0.242,124
1683158400000,0.24,103
1683162000000,0.246,88
1683165600000,0.246,56
1683169200000,0.24,135
1683172800000,0.243,62
1683176400000,0.246,104
1683180000000,0.243,71
1683183600000,0.248,111
1683187200000,0.248,141
1683190800000,0.244,110
1683194400000,0.246,141
1683198000000,0.243,171
1683201600000,0.243,158
1683205200000,0.243,234
1683208800000,0.243,227
1683212400000,0.242,255
1683216000000,0.243,280
1683219600000,0.249,315
1683223200000,0.25,316
1683226800000,0.252,292
1683230400000,0.252,257
1683234000000,0.248,257
1683237600000,0.242,181
1683241200000,0.243,133
1683244800000,0.243,80
1683248400000,0.24,210
1683252000000,0.24,159
1683255600000,0.24,118
1683259200000,0.242,117
1683262800000,0.25,129
1683266400000,0.24,140
1683270000000,0.24,159
1683273600000,0.24,177
1683277200000,0.24,239
1683280800000,0.242,232
1683284400000,0.24,252
1683288000000,0.242,273
1683291600000,0.24,308
1683295200000,0.242,166
1683298800000,0.25,151
1683302400000,0.242,253
1683306000000,0.24,349
1683309600000,0.243,367
1683313200000,0.242,357
1683316800000,0.243,381
1683320400000,0.243,319
1683324000000,0.242,270
1683327600000,0.24,178
1683331200000,0.231,129
1683334800000,0.229,105
1683338400000,0.229,85
1683342000000,0.231,91
1683345600000,0.229,76
1683349200000,0.233,126
1683352800000,0.229,90
1683356400000,0.231,115
1683360000000,0.23,148
1683363600000,0.233,216
1683367200000,0.233,210
1683370800000,0.233,252
1683374400000,0.231,299
1683378000000,0.237,198
1683381600000,0.231,209
1683385200000,0.231,203
1683388800000,0.226,393
1683392400000,0.233,327
1683396000000,0.238,305
1683399600000,0.238,351
1683403200000,0.231,293
1683406800000,0.231,286
1683410400000,0.223,239
1683414000000,0.225,171
1683417600000,0.253,237
1683421200000,0.23,98
1683424800000,0.231,90
1683428400000,0.226,78
1683432000000,0.23,64
1683435600000,0.228,89
1683439200000,0.227,107
1683442800000,0.227,143
1683446400000,0.231,146
1683450000000,0.225,183
1683453600000,0.228,225
1683457200000,0.231,247
1683460800000,0.224,275
1683464400000,0.227,283
1683468000000,0.231,224
1683471600000,0.23,297
1683475200000,0.231,253
1683478800000,0.227,257
1683482400000,0.231,351
1683486000000,0.227,284
1683489600000,0.227,273
1683493200000,0.23,196
1683496800000,0.227,180
1683500400000,0.222,136
1683504000000,0.222,130
1683507600000,0.222,87
1683511200000,0.26,434
1683514800000,0.225,70
1683518400000,0.225,58
1683522000000,0.243,82
1683525600000,0.236,74
1683529200000,0.243,69
1683532800000,0.225,115
1683536400000,0.23,133
1683540000000,0.231,165
1683543600000,0.222,163
1683547200000,0.227,199
1683550800000,0.226,253
1683554400000,0.224,253
1683558000000,0.233,223
1683561600000,0.233,271
1683565200000,0.23,256
1683568800000,0.231,300
1683572400000,0.231,283
1683576000000,0.238,305
1683579600000,0.225,212
1683583200000,0.23,177
1683586800000,0.224,133
1683590400000,0.224,102
1683594000000,0.223,70
1683597600000,0.235,60
1683601200000,0.25,86
1683604800000,0.225,43
1683608400000,0.23,65
1683612000000,0.222,77
1683615600000,0.247,145
1683619200000,0.231,106
1683622800000,0.23,154
1683626400000,0.23,159
1683630000000,0.221,255
1683633600000,0.228,213
1683637200000,0.232,267
1683640800000,0.23,195
1683644400000,0.228,215
1683648000000,0.227,216
1683651600000,0.227,261
1683655200000,0.238,306
1683658800000,0.228,267
1683662400000,0.222,234
1683666000000,0.23,179
1683669600000,0.23,158
1683673200000,0.224,92
1683676800000,0.229,89
1683680400000,0.226,64
1683684000000,0.226,63
1683687600000,0.224,57
1683691200000,0.228,42
1683694800000,0.231,74
1683698400000,0.232,71
1683702000000,0.232,111
1683705600000,0.23,111
1683709200000,0.229,102
1683712800000,0.23,139
1683716400000,0.23,122
1683720000000,0.224,162
1683723600000,0.226,185
1683727200000,0.23,233
1683730800000,0.23,261
1683734400000,0.23,238
1683738000000,0.231,280
1683741600000,0.23,256
1683745200000,0.226,268
1683748800000,0.226,254
1683752400000,0.227,193
1683756000000,0.225,178
1683759600000,0.226,121
1683763200000,0.221,82
1683766800000,0.225,70
1683770400000,0.225,60
1683774000000,0.22,56
1683777600000,0.225,55
1683781200000,0.224,68
1683784800000,0.237,64
1683788400000,0.223,84
1683792000000,0.23,132
1683795600000,0.238,142
1683799200000,0.229,122
1683802800000,0.223,138
1683806400000,0.223,152
1683810000000,0.226,190
1683813600000,0.235,229
1683817200000,0.228,240
1683820800000,0.223,207
1683824400000,0.227,232
1683828000000,0.227,265
1683831600000,0.227,270
1683835200000,0.224,234
1683838800000,0.219,197
1683842400000,0.219,141
1683846000000,0.218,127
1683849600000,0.221,71
1683853200000,0.224,61
1683856800000,0.222,64
1683860400000,0.221,61
1683864000000,0.222,50
1683867600000,0.23,44
1683871200000,0.228,81
1683874800000,0.219,85
1683878400000,0.222,98
1683882000000,0.221,107
1683885600000,0.22,125
1683889200000,0.224,147
1683892800000,0.226,184
1683896400000,0.223,185
1683900000000,0.223,221
1683903600000,0.224,219
1683907200000,0.229,233
1683910800000,0.226,277
1683914400000,0.221,249
1683918000000,0.226,287
1683921600000,0.226,302
1683925200000,0.221,251
1683928800000,0.226,196
1683932400000,0.225,137
1683936000000,0.231,183
1683939600000,0.223,83
1683943200000,0.223,57
1683946800000,0.225,66
1683950400000,0.23,77
1683954000000,0.231,79
1683957600000,0.224,90
1683961200000,0.23,140
1683964800000,0.22,151
1683968400000,0.221,167
1683972000000,0.225,202
1683975600000,0.22,293
1683979200000,0.228,239
1683982800000,0.225,233
1683986400000,0.228,236
1683990000000,0.228,213
1683993600000,0.231,231
1683997200000,0.226,250
1684000800000,0.228,270
1684004400000,0.229,300
1684008000000,0.23,278
1684011600000,0.228,225
1684015200000,0.223,419
1684018800000,0.225,141
1684022400000,0.23,170
1684026000000,0.223,88
1684029600000,0.23,71
1684033200000,0.224,52
1684036800000,0.23,77
1684040400000,0.226,65
1684044000000,0.227,102
1684047600000,0.238,113
1684051200000,0.231,141
1684054800000,0.232,171
1684058400000,0.233,204
1684062000000,0.23,204
1684065600000,0.226,207
1684069200000,0.225,214
1684072800000,0.224,238
1684076400000,0.227,213
1684080000000,0.223,233
1684083600000,0.228,217
1684087200000,0.228,249
1684090800000,0.229,268
1684094400000,0.228,264
1684098000000,0.222,206
1684101600000,0.24,306
1684105200000,0.222,129
1684108800000,0.222,74
1684112400000,0.214,64
1684116000000,0.21,74
1684119600000,0.21,69
1684123200000,0.22,93
1684126800000,0.221,71
1684130400000,0.231,67
1684134000000,0.225,82
1684137600000,0.223,92
1684141200000,0.228,115
1684144800000,0.23,174
1684148400000,0.22,156
1684152000000,0.222,172
1684155600000,0.226,177
1684159200000,0.23,226
1684162800000,0.225,230
1684166400000,0.23,221
1684170000000,0.228,235
1684173600000,0.225,232
1684177200000,0.225,237
1684180800000,0.22,263
1684184400000,0.221,216
1684188000000,0.226,140
1684191600000,0.22,94
1684195200000,0.228,92
1684198800000,0.23,63
1684202400000,0.235,50
1684206000000,0.23,53
1684209600000,0.241,34
1684213200000,0.23,56
1684216800000,0.235,62
1684220400000,0.23,74
1684224000000,0.228,105
1684227600000,0.224,91
1684231200000,0.225,149
1684234800000,0.23,134
1684238400000,0.232,147
1684242000000,0.23,204
1684245600000,0.221,214
1684249200000,0.226,218
1684252800000,0.221,203
1684256400000,0.226,239
1684260000000,0.224,251
1684263600000,0.225,261
1684267200000,0.227,228
1684270800000,0.218,231
1684274400000,0.217,171
1684278000000,0.211,70
1684281600000,0.216,68
1684285200000,0.22,72
1684288800000,0.211,56
1684292400000,0.211,57
1684296000000,0.222,48
1684299600000,0.211,79
1684303200000,0.21,86
1684306800000,0.217,114
1684310400000,0.226,113
1684314000000,0.219,108
1684317600000,0.219,122
1684321200000,0.215,154
1684324800000,0.217,152
1684328400000,0.21,190
1684332000000,0.217,196
1684335600000,0.218,229
1684339200000,0.223,215
1684342800000,0.217,267
1684346400000,0.217,307
1684350000000,0.217,296
1684353600000,0.217,259
1684357200000,0.22,213
1684360800000,0.21,161
1684364400000,0.21,114
1684368000000,0.21,86
1684371600000,0.213,69
1684375200000,0.223,59
1684378800000,0.218,60
1684382400000,0.23,89
1684386000000,0.216,75
1684389600000,0.213,89
1684393200000,0.216,82
1684396800000,0.213,99
1684400400000,0.224,143
1684404000000,0.212,130
1684407600000,0.223,137
1684411200000,0.216,192
1684414800000,0.216,225
1684418400000,0.212,277
1684422000000,0.221,250
1684425600000,0.222,242
1684429200000,0.221,270
1684432800000,0.216,255
1684436400000,0.216,319
1684440000000,0.216,252
1684443600000,0.223,279
1684447200000,0.223,185
1684450800000,0.223,146
1684454400000,0.223,88
1684458000000,0.223,69
1684461600000,0.223,73
1684465200000,0.223,57
1684468800000,0.223,55
1684472400000,0.223,58
1684476000000,0.223,74
1684479600000,0.223,71
1684483200000,0.223,85
1684486800000,0.223,128
1684490400000,0.223,136
1684494000000,0.22,138
1684497600000,0.216,172
1684501200000,0.219,198
1684504800000,0.216,233
1684508400000,0.222,223
1684512000000,0.21,241
1684515600000,0.216,200
1684519200000,0.223,233
1684522800000,0.221,286
1684526400000,0.223,296
1684530000000,0.223,221
1684533600000,0.221,205
1684537200000,0.21,155
1684540800000,0.216,113
1684544400000,0.21,94
1684548000000,0.218,82
1684551600000,0.221,65
