timestamp,price_dollar,sells
1385600400000,6.574,22
1385686800000,2.726,73
1385773200000,2.038,88
1385859600000,1.66,106
1385946000000,1.475,82
1386032400000,1.282,96
1386118800000,1.171,103
1386205200000,1.208,85
1386291600000,1.156,98
1386378000000,1.06,130
1386464400000,0.984,128
1386550800000,0.998,108
1386637200000,0.941,98
1386723600000,0.969,116
1386810000000,0.951,95
1386896400000,0.81,117
1386982800000,0.74,127
1387069200000,0.683,129
1387155600000,0.59,112
1387242000000,0.537,112
1387328400000,0.508,114
1387414800000,0.415,129
1387501200000,0.343,228
1387587600000,0.422,218
1387674000000,0.424,196
1387760400000,0.464,203
1387846800000,0.486,200
1387933200000,0.52,150
1388019600000,0.539,218
1388106000000,0.532,191
1388192400000,0.524,207
1388278800000,0.491,184
1388365200000,0.46,220
1388451600000,0.445,210
1388538000000,0.443,213
1388624400000,0.408,218
1388710800000,0.412,187
1388797200000,0.455,312
1388883600000,0.469,293
1388970000000,0.472,242
1389056400000,0.439,202
1389142800000,0.454,214
1389229200000,0.414,231
1389315600000,0.431,253
1389402000000,0.442,204
1389488400000,0.386,278
1389574800000,0.358,247
1389661200000,0.377,249
1389747600000,0.375,208
1389834000000,0.355,232
1389920400000,0.345,240
1390006800000,0.364,293
1390093200000,0.347,285
1390179600000,0.333,260
1390266000000,0.351,248
1390352400000,0.312,243
1390438800000,0.322,239
1390525200000,0.315,240
1390611600000,0.325,260
1390698000000,0.287,334
1390784400000,0.266,297
1390870800000,0.274,285
1390957200000,0.255,264
1391043600000,0.245,276
1391130000000,0.234,308
1391216400000,0.236,337
1391302800000,0.223,321
1391389200000,0.209,290
1391475600000,0.208,236
1391562000000,0.197,249
1391648400000,0.194,264
1391734800000,0.194,316
1391821200000,0.195,364
1391907600000,0.183,363
1391994000000,0.191,305
1392080400000,0.178,268
1392166800000,0.163,259
1392253200000,0.155,229
1392339600000,0.149,288
1392426000000,0.146,347
1392512400000,0.142,359
1392598800000,0.142,283
1392685200000,0.134,261
1392771600000,0.131,260
1392858000000,0.143,293
1392944400000,0.119,248
1393030800000,0.107,338
1393117200000,0.116,403
1393203600000,0.127,353
1393290000000,0.142,333
1393376400000,0.14,288
1393462800000,0.151,361
1393549200000,0.148,334
1393635600000,0.167,520
1393722000000,0.169,448
1393808400000,0.162,419
1393894800000,0.162,270
1393981200000,0.153,249
1394067600000,0.164,333
1394154000000,0.156,392
1394240400000,0.155,441
1394326800000,0.152,468
1394413200000,0.146,378
1394499600000,0.157,338
1394586000000,0.163,337
1394672400000,0.18,245
1394758800000,0.202,299
1394845200000,0.16,513
1394931600000,0.156,575
1395018000000,0.169,493
1395104400000,0.197,469
1395190800000,0.22,426
1395277200000,0.214,417
1395363600000,0.214,452
1395450000000,0.224,520
1395536400000,0.219,528
1395622800000,0.219,488
1395709200000,0.216,367
1395795600000,0.235,459
1395882000000,0.241,397
1395968400000,0.229,383
1396054800000,0.223,567
1396141200000,0.219,555
1396227600000,0.217,461
1396314000000,0.251,387
1396400400000,0.236,480
1396486800000,0.231,429
1396573200000,0.213,477
1396659600000,0.216,597
1396746000000,0.23,610
1396832400000,0.235,469
1396918800000,0.24,463
1397005200000,0.243,451
1397091600000,0.244,460
1397178000000,0.234,518
1397264400000,0.247,577
1397350800000,0.25,536
1397437200000,0.239,581
1397523600000,0.246,532
1397610000000,0.237,524
1397696400000,0.234,594
1397782800000,0.235,534
1397869200000,0.236,600
1397955600000,0.232,631
1398042000000,0.229,607
1398128400000,0.232,485
1398214800000,0.223,434
1398301200000,0.216,502
1398387600000,0.216,505
1398474000000,0.216,550
1398560400000,0.219,671
1398646800000,0.21,531
1398733200000,0.208,488
1398819600000,0.212,560
1398906000000,0.215,539
1398992400000,0.197,457
1399078800000,0.19,701
1399165200000,0.191,790
1399251600000,0.195,673
1399338000000,0.196,620
1399424400000,0.197,610
1399510800000,0.193,731
1399597200000,0.186,695
1399683600000,0.173,743
1399770000000,0.16,747
1399856400000,0.151,603
1399942800000,0.158,750
1400029200000,0.169,617
1400115600000,0.17,861
1400202000000,0.158,853
1400288400000,0.161,942
1400374800000,0.165,910
1400461200000,0.162,720
1400547600000,0.166,691
1400634000000,0.173,743
1400720400000,0.169,722
1400806800000,0.161,758
1400893200000,0.166,953
1400979600000,0.173,936
1401066000000,0.169,823
1401152400000,0.17,777
1401238800000,0.169,833
1401325200000,0.171,851
1401411600000,0.175,870
1401498000000,0.17,805
1401584400000,0.161,891
1401670800000,0.155,785
1401757200000,0.166,873
1401843600000,0.165,728
1401930000000,0.166,766
1402016400000,0.153,784
1402102800000,0.158,945
1402189200000,0.162,888
1402275600000,0.157,801
1402362000000,0.163,787
1402448400000,0.162,764
1402534800000,0.162,813
1402621200000,0.164,772
1402707600000,0.166,916
1402794000000,0.16,989
1402880400000,0.163,1058
1402966800000,0.152,915
1403053200000,0.159,879
1403139600000,0.15,879
1403226000000,0.117,970
1403312400000,0.111,1005
1403398800000,0.116,927
1403485200000,0.112,961
1403571600000,0.11,970
1403658000000,0.12,996
1403744400000,0.141,1115
1403830800000,0.158,1079
1403917200000,0.165,1128
1404003600000,0.159,1163
1404090000000,0.16,1211
1404176400000,0.2,1236
1404262800000,0.136,1112
1404349200000,0.151,1074
1404435600000,0.161,1000
1404522000000,0.181,962
1404608400000,0.201,1077
1404694800000,0.214,1048
1404781200000,0.214,1024
1404867600000,0.212,1078
1404954000000,0.201,1110
1405040400000,0.197,1076
1405126800000,0.196,1165
1405213200000,0.214,1194
1405299600000,0.224,1277
1405386000000,0.238,1209
1405472400000,0.235,1217
1405558800000,0.228,1210
1405645200000,0.219,1120
1405731600000,0.223,1158
1405818000000,0.223,1209
1405904400000,0.237,1231
1405990800000,0.241,1152
1406077200000,0.255,1279
1406163600000,0.248,1193
1406250000000,0.258,1307
1406336400000,0.264,1424
1406422800000,0.288,1306
1406509200000,0.292,1401
1406595600000,0.307,1446
1406682000000,0.311,1389
1406768400000,0.32,1447
1406854800000,0.318,1451
1406941200000,0.33,1483
1407027600000,0.326,1589
1407114000000,0.326,1524
1407200400000,0.273,1516
1407286800000,0.265,1435
1407373200000,0.292,1547
1407459600000,0.309,1499
1407546000000,0.301,1395
1407632400000,0.304,1423
1407718800000,0.314,1569
1407805200000,0.308,1482
1407891600000,0.326,1432
1407978000000,0.323,1521
1408064400000,0.318,1676
1408150800000,0.323,1763
1408237200000,0.222,2046
1408323600000,0.25,1534
1408410000000,0.294,1581
1408496400000,0.323,1531
1408582800000,0.344,1459
1408669200000,0.335,1608
1408755600000,0.348,1746
1408842000000,0.364,1751
1408928400000,0.361,1693
1409014800000,0.389,1625
1409101200000,0.394,1524
1409187600000,0.393,1602
1409274000000,0.373,1840
1409360400000,0.376,1860
1409446800000,0.387,1815
1409533200000,0.392,1652
1409619600000,0.399,1427
1409706000000,0.407,1425
1409792400000,0.402,1458
1409878800000,0.361,1543
1409965200000,0.358,1855
1410051600000,0.364,1870
1410138000000,0.37,1459
1410224400000,0.382,1399
1410310800000,0.395,1456
1410397200000,0.35,1592
1410483600000,0.292,1775
1410570000000,0.302,2148
1410656400000,0.325,1958
1410742800000,0.328,1549
1410829200000,0.326,1554
1410915600000,0.328,1537
1411002000000,0.33,1601
1411088400000,0.314,1856
1411174800000,0.304,2135
1411261200000,0.32,1919
1411347600000,0.305,1598
1411434000000,0.309,1433
1411520400000,0.311,1402
1411606800000,0.331,1321
1411693200000,0.32,1644
1411779600000,0.304,2068
1411866000000,0.325,2022
1411952400000,0.32,1567
1412038800000,0.316,1546
1412125200000,0.328,1644
1412211600000,0.324,1787
1412298000000,0.328,2004
1412384400000,0.341,2368
1412470800000,0.352,2299
1412557200000,0.357,1664
1412643600000,0.366,1645
1412730000000,0.357,1685
1412816400000,0.356,1631
1412902800000,0.333,1993
1412989200000,0.343,2330
1413075600000,0.356,2205
1413162000000,0.354,1790
1413248400000,0.377,1667
1413334800000,0.365,1700
1413421200000,0.362,1616
1413507600000,0.339,1937
1413594000000,0.334,2261
1413680400000,0.314,2091
1413766800000,0.311,1680
1413853200000,0.318,1531
1413939600000,0.324,1651
1414026000000,0.336,1649
1414112400000,0.344,1971
1414198800000,0.392,2122
1414285200000,0.306,2498
1414371600000,0.307,1855
1414458000000,0.319,1808
1414544400000,0.327,1738
1414630800000,0.433,1466
1414717200000,0.294,2356
1414803600000,0.305,2565
1414890000000,0.299,2488
1414976400000,0.301,1917
1415062800000,0.324,1732
1415149200000,0.32,1800
1415235600000,0.327,1819
1415322000000,0.329,1957
1415408400000,0.337,2473
1415494800000,0.321,2260
1415581200000,0.316,1862
1415667600000,0.313,1759
1415754000000,0.195,2217
1415840400000,0.179,1967
1415926800000,0.197,2058
1416013200000,0.205,2478
1416099600000,0.211,2267
1416186000000,0.205,1770
1416272400000,0.215,1574
1416358800000,0.21,1539
1416445200000,0.201,1528
1416531600000,0.182,1730
1416618000000,0.169,2202
1416704400000,0.165,2183
1416790800000,0.16,1698
1416877200000,0.18,1474
1416963600000,0.185,1665
1417050000000,0.179,2202
1417136400000,0.191,2441
1417222800000,0.314,487
1417309200000,0.22,3539
1417395600000,0.163,2266
1417482000000,0.183,2075
1417568400000,0.217,1978
1417654800000,0.242,1924
1417741200000,0.259,2345
1417827600000,0.27,2951
1417914000000,0.248,2777
1418000400000,0.24,2099
1418086800000,0.237,2167
1418173200000,0.221,2245
1418259600000,0.215,2304
1418346000000,0.193,2333
1418432400000,0.199,2979
1418518800000,0.195,2827
1418605200000,0.186,2279
1418691600000,0.17,2269
1418778000000,0.189,2373
1418864400000,0.178,2162
1418950800000,0.171,2668
1419037200000,0.166,2709
1419123600000,0.165,2802
1419210000000,0.159,2583
1419296400000,0.173,2334
1419382800000,0.164,2623
1419469200000,0.178,2615
1419555600000,0.183,2963
1419642000000,0.198,3496
1419728400000,0.214,3637
1419814800000,0.22,3576
1419901200000,0.225,3625
1419987600000,0.227,3315
1420074000000,0.225,2837
1420160400000,0.225,4349
1420246800000,0.241,3768
1420333200000,0.244,3671
1420419600000,0.242,3526
1420506000000,0.241,3431
1420592400000,0.247,3026
1420678800000,0.237,3391
1420765200000,0.228,4185
1420851600000,0.222,4524
1420938000000,0.223,4409
1421024400000,0.227,3798
1421110800000,0.224,3665
1421197200000,0.229,3845
1421283600000,0.236,3717
1421370000000,0.23,4218
1421456400000,0.229,4667
1421542800000,0.227,4895
1421629200000,0.227,4121
1421715600000,0.228,3947
1421802000000,0.23,3757
1421888400000,0.231,3857
1421974800000,0.231,4340
1422061200000,0.238,4854
1422147600000,0.22,5222
1422234000000,0.219,4331
1422320400000,0.221,3979
1422406800000,0.23,3890
1422493200000,0.214,4262
1422579600000,0.214,4795
1422666000000,0.225,5412
1422752400000,0.213,5707
1422838800000,0.212,4200
1422925200000,0.217,4031
1423011600000,0.219,3873
1423098000000,0.21,4040
1423184400000,0.204,4586
1423270800000,0.211,5479
1423357200000,0.202,5138
1423443600000,0.204,3880
1423530000000,0.207,3645
1423616400000,0.201,3827
1423702800000,0.194,4128
1423789200000,0.189,4572
1423875600000,0.192,5347
1423962000000,0.183,5248
1424048400000,0.179,4388
1424134800000,0.178,4319
1424221200000,0.185,4078
1424307600000,0.188,4103
1424394000000,0.184,4575
1424480400000,0.187,4656
1424566800000,0.19,4768
1424653200000,0.189,3921
1424739600000,0.192,3728
1424826000000,0.191,3681
1424912400000,0.198,3748
1424998800000,0.191,4504
1425085200000,0.18,5133
1425171600000,0.176,4883
1425258000000,0.175,3638
1425344400000,0.176,3639
1425430800000,0.173,3588
1425517200000,0.172,3783
1425603600000,0.173,4534
1425690000000,0.172,5584
1425776400000,0.173,5144
1425862800000,0.168,3860
1425949200000,0.166,3499
1426035600000,0.167,3428
1426122000000,0.169,3376
1426208400000,0.158,4559
1426294800000,0.158,5905
1426381200000,0.147,5985
1426467600000,0.135,4559
1426554000000,0.153,4288
1426640400000,0.166,4110
1426726800000,0.173,3911
1426813200000,0.176,4803
1426899600000,0.177,5952
1426986000000,0.182,5106
1427072400000,0.179,4513
1427158800000,0.187,4305
1427245200000,0.193,4347
1427331600000,0.194,4365
1427418000000,0.192,4941
1427504400000,0.195,5651
1427590800000,0.194,5762
1427677200000,0.186,4841
1427763600000,0.189,4532
1427850000000,0.179,5827
1427936400000,0.184,5230
1428022800000,0.187,5624
1428109200000,0.183,6149
1428195600000,0.183,5678
1428282000000,0.187,5354
1428368400000,0.189,4846
1428454800000,0.193,4752
1428541200000,0.196,4790
1428627600000,0.199,4235
1428714000000,0.199,5972
1428800400000,0.199,5428
1428886800000,0.199,4471
1428973200000,0.198,4249
1429059600000,0.201,4282
1429146000000,0.176,4653
1429232400000,0.158,5739
1429318800000,0.17,6782
1429405200000,0.17,6062
1429491600000,0.162,5499
1429578000000,0.164,5105
1429664400000,0.168,5198
1429750800000,0.171,5204
1429837200000,0.176,5797
1429923600000,0.176,7448
1430010000000,0.181,6564
1430096400000,0.178,5472
1430182800000,0.181,5146
1430269200000,0.184,5063
1430355600000,0.186,5906
1430442000000,0.183,5644
1430528400000,0.185,7163
1430614800000,0.188,6811
1430701200000,0.182,5638
1430787600000,0.184,5064
1430874000000,0.182,4939
1430960400000,0.185,4659
1431046800000,0.181,6020
1431133200000,0.179,6645
1431219600000,0.18,6713
1431306000000,0.175,5412
1431392400000,0.18,5037
1431478800000,0.185,5095
1431565200000,0.19,5354
1431651600000,0.198,5406
1431738000000,0.2,7240
1431824400000,0.198,7102
1431910800000,0.198,5110
1431997200000,0.201,5014
1432083600000,0.205,4910
1432170000000,0.205,4978
1432256400000,0.207,5598
1432342800000,0.21,6504
1432429200000,0.211,6036
1432515600000,0.213,5246
1432602000000,0.211,5144
1432688400000,0.127,5753
1432774800000,0.119,6242
1432861200000,0.162,5850
1432947600000,0.173,6301
1433034000000,0.173,6046
1433120400000,0.173,5586
1433206800000,0.175,5267
1433293200000,0.172,5783
1433379600000,0.172,5780
1433466000000,0.16,5836
1433552400000,0.16,5606
1433638800000,0.165,6013
1433725200000,0.167,5504
1433811600000,0.175,4837
1433898000000,0.179,5759
1433984400000,0.181,4948
1434070800000,0.151,5595
1434157200000,0.144,6187
1434243600000,0.141,6164
1434330000000,0.133,5771
1434416400000,0.138,5432
1434502800000,0.139,5976
1434589200000,0.14,5475
1434675600000,0.141,6343
1434762000000,0.143,6377
1434848400000,0.142,5840
1434934800000,0.142,5893
1435021200000,0.153,5695
1435107600000,0.172,6141
1435194000000,0.186,5715
1435280400000,0.189,5916
1435366800000,0.194,5745
1435453200000,0.197,5598
1435539600000,0.206,5652
1435626000000,0.217,5567
1435712400000,0.218,5593
1435798800000,0.22,5168
1435885200000,0.22,4715
1435971600000,0.219,4418
1436058000000,0.22,4558
1436144400000,0.217,4936
1436230800000,0.218,5112
1436317200000,0.207,4749
1436403600000,0.209,5535
1436490000000,0.218,5009
1436576400000,0.218,5004
1436662800000,0.217,5376
1436749200000,0.217,5683
1436835600000,0.225,5049
1436922000000,0.224,5454
1437008400000,0.225,5636
1437094800000,0.227,5246
1437181200000,0.23,5372
1437267600000,0.231,5622
1437354000000,0.233,5777
1437440400000,0.236,5562
1437526800000,0.237,5315
1437613200000,0.229,6053
1437699600000,0.229,5273
1437786000000,0.229,5147
1437872400000,0.219,5269
1437958800000,0.226,5473
1438045200000,0.229,5685
1438131600000,0.224,5497
1438218000000,0.221,5481
1438304400000,0.22,5371
1438390800000,0.217,4942
1438477200000,0.22,5484
1438563600000,0.223,5377
1438650000000,0.226,5303
1438736400000,0.217,5616
1438822800000,0.218,5301
1438909200000,0.215,5397
1438995600000,0.218,5517
1439082000000,0.221,5029
1439168400000,0.228,5643
1439254800000,0.231,5509
1439341200000,0.226,5463
1439427600000,0.222,5326
1439514000000,0.219,5676
1439600400000,0.182,5711
1439686800000,0.17,5372
1439773200000,0.176,5282
1439859600000,0.181,5346
1439946000000,0.181,5411
1440032400000,0.178,5596
1440118800000,0.168,6037
1440205200000,0.17,6402
1440291600000,0.144,7259
1440378000000,0.138,6716
1440464400000,0.171,6455
1440550800000,0.195,6799
1440637200000,0.206,6351
1440723600000,0.217,6312
1440810000000,0.23,6384
1440896400000,0.229,6223
1440982800000,0.232,5928
1441069200000,0.232,5488
1441155600000,0.232,5285
1441242000000,0.23,5461
1441328400000,0.232,5905
1441414800000,0.229,7737
1441501200000,0.231,6841
1441587600000,0.23,5000
1441674000000,0.241,5638
1441760400000,0.249,4806
1441846800000,0.245,5609
1441933200000,0.242,6636
1442019600000,0.244,7801
1442106000000,0.255,7374
1442192400000,0.26,5735
1442278800000,0.261,5361
1442365200000,0.235,8246
1442451600000,0.228,7267
1442538000000,0.204,8718
1442624400000,0.196,10701
1442710800000,0.19,8339
1442797200000,0.177,6497
1442883600000,0.174,6541
1442970000000,0.171,6553
1443056400000,0.17,6074
1443142800000,0.171,6709
1443229200000,0.174,8745
1443315600000,0.175,7858
1443402000000,0.173,5717
1443488400000,0.17,5538
1443574800000,0.166,5955
1443661200000,0.161,5804
1443747600000,0.161,6664
1443834000000,0.163,7597
1443920400000,0.164,6936
1444006800000,0.164,5519
1444093200000,0.166,5110
1444179600000,0.163,5974
1444266000000,0.165,5553
1444352400000,0.166,6191
1444438800000,0.171,7012
1444525200000,0.171,7329
1444611600000,0.171,5205
1444698000000,0.17,4979
1444784400000,0.163,5575
1444870800000,0.159,5249
1444957200000,0.157,4884
1445043600000,0.156,6890
1445130000000,0.152,6647
1445216400000,0.146,4261
1445302800000,0.147,4831
1445389200000,0.131,5080
1445475600000,0.12,4043
1445562000000,0.123,6159
1445648400000,0.128,7190
1445734800000,0.133,6860
1445821200000,0.131,4820
1445907600000,0.136,4786
1445994000000,0.125,5334
1446080400000,0.12,4741
1446166800000,0.109,6314
1446253200000,0.107,6987
1446339600000,0.088,7211
1446426000000,0.084,5446
1446512400000,0.095,5010
1446598800000,0.103,5325
1446685200000,0.106,4999
1446771600000,0.109,5534
1446858000000,0.115,6865
1446944400000,0.12,6384
1447030800000,0.119,4545
1447117200000,0.121,4249
1447203600000,0.123,4616
1447290000000,0.122,4318
1447376400000,0.119,4997
1447462800000,0.121,6567
1447549200000,0.122,6377
1447635600000,0.12,4493
1447722000000,0.122,4727
1447808400000,0.117,4835
1447894800000,0.117,4554
1447981200000,0.123,5324
1448067600000,0.123,6792
1448154000000,0.121,6075
1448240400000,0.115,4009
1448326800000,0.118,4617
1448413200000,0.112,5089
1448499600000,0.096,5364
1448586000000,0.088,6075
1448672400000,0.098,8051
1448758800000,0.104,6830
1448845200000,0.098,4841
1448931600000,0.1,4748
1449018000000,0.11,4548
1449104400000,0.113,4973
1449190800000,0.119,6161
1449277200000,0.121,7130
1449363600000,0.12,6843
1449450000000,0.123,5316
1449536400000,0.128,5086
1449622800000,0.108,5466
1449709200000,0.106,5211
1449795600000,0.117,6440
1449882000000,0.129,8678
1449968400000,0.135,7980
1450054800000,0.142,5332
1450141200000,0.147,5314
1450227600000,0.146,5271
1450314000000,0.144,4992
1450400400000,0.142,5655
1450486800000,0.139,6709
1450573200000,0.131,6393
1450659600000,0.137,5113
1450746000000,0.134,5021
1450832400000,0.096,6528
1450918800000,0.089,5162
1451005200000,0.097,5600
1451091600000,0.095,5993
1451178000000,0.114,7497
1451264400000,0.123,6786
1451350800000,0.124,6683
1451437200000,0.114,6854
1451523600000,0.115,5985
1451610000000,0.114,6299
1451696400000,0.107,6460
1451782800000,0.104,6223
1451869200000,0.103,6021
1451955600000,0.121,5487
1452042000000,0.123,5866
1452128400000,0.122,5009
1452214800000,0.125,5752
1452301200000,0.123,6603
1452387600000,0.127,6208
1452474000000,0.129,4516
1452560400000,0.129,4312
1452646800000,0.132,4196
1452733200000,0.126,4302
1452819600000,0.122,4851
1452906000000,0.12,6066
1452992400000,0.121,5434
1453078800000,0.117,4542
1453165200000,0.119,3998
1453251600000,0.116,4279
1453338000000,0.115,4082
1453424400000,0.117,4954
1453510800000,0.12,6107
1453597200000,0.124,5649
1453683600000,0.126,4809
1453770000000,0.129,4480
1453856400000,0.13,5043
1453942800000,0.13,5374
1454029200000,0.126,5501
1454115600000,0.129,6889
1454202000000,0.129,6017
1454288400000,0.129,4787
1454374800000,0.129,4687
1454461200000,0.127,4900
1454547600000,0.128,5047
1454634000000,0.124,5176
1454720400000,0.117,6099
1454806800000,0.107,5417
1454893200000,0.103,4489
1454979600000,0.106,4164
1455066000000,0.103,4348
1455152400000,0.111,6152
1455238800000,0.108,4495
1455325200000,0.117,8754
1455411600000,0.125,5020
1455498000000,0.139,6253
1455584400000,0.139,3980
1455670800000,0.133,4403
1455757200000,0.098,4953
1455843600000,0.107,6131
1455930000000,0.109,7233
1456016400000,0.114,6655
1456102800000,0.115,5407
1456189200000,0.115,4971
1456275600000,0.113,5259
1456362000000,0.115,4840
1456448400000,0.114,5444
1456534800000,0.126,9373
1456621200000,0.129,4774
1456707600000,0.125,4412
1456794000000,0.121,4063
1456880400000,0.121,3852
1456966800000,0.117,4402
1457053200000,0.114,5010
1457139600000,0.111,6476
1457226000000,0.109,6080
1457312400000,0.107,4947
1457398800000,0.105,4617
1457485200000,0.103,4584
1457571600000,0.112,2770
1457658000000,0.123,3436
1457744400000,0.138,4314
1457830800000,0.152,4180
1457917200000,0.159,2996
1458003600000,0.161,3132
1458090000000,0.171,3017
1458176400000,0.179,2966
1458262800000,0.174,3320
1458349200000,0.176,3912
1458435600000,0.177,3839
1458522000000,0.202,3630
1458608400000,0.203,2755
1458694800000,0.207,3136
1458781200000,0.2,2879
1458867600000,0.203,4133
1458954000000,0.195,3226
1459040400000,0.189,3141
1459126800000,0.202,3994
1459213200000,0.192,3236
1459299600000,0.18,3489
1459386000000,0.209,3746
1459472400000,0.209,3643
1459558800000,0.197,4588
1459645200000,0.145,4829
1459731600000,0.14,3236
1459818000000,0.167,3606
1459904400000,0.162,3189
1459990800000,0.175,3487
1460077200000,0.176,3196
1460163600000,0.186,5316
1460250000000,0.193,4424
1460336400000,0.189,3161
1460422800000,0.184,2641
1460509200000,0.18,2606
1460595600000,0.172,2842
1460682000000,0.182,3664
1460768400000,0.184,3452
1460854800000,0.182,3216
1460941200000,0.186,4608
1461027600000,0.191,2728
1461114000000,0.184,3130
1461200400000,0.18,2863
1461286800000,0.187,3810
1461373200000,0.188,4345
1461459600000,0.181,3574
1461546000000,0.178,2611
1461632400000,0.177,2764
1461718800000,0.171,2801
1461805200000,0.17,3070
1461891600000,0.17,3802
1461978000000,0.173,5016
1462064400000,0.171,4815
1462150800000,0.17,3531
1462237200000,0.172,3529
1462323600000,0.17,3361
1462410000000,0.168,3268
1462496400000,0.161,3605
1462582800000,0.175,5300
1462669200000,0.174,3817
1462755600000,0.173,3174
1462842000000,0.178,3738
1462928400000,0.177,3441
1463014800000,0.188,4852
1463101200000,0.194,5154
1463187600000,0.227,5538
1463274000000,0.188,3826
1463360400000,0.182,3097
1463446800000,0.175,3498
1463533200000,0.168,3084
1463619600000,0.154,2750
1463706000000,0.155,3914
1463792400000,0.135,4362
1463878800000,0.135,4001
1463965200000,0.131,3198
1464051600000,0.129,2638
1464138000000,0.133,2855
1464224400000,0.126,2994
1464310800000,0.118,3286
1464397200000,0.115,3653
1464483600000,0.114,4028
1464570000000,0.115,3142
1464656400000,0.114,3240
1464742800000,0.114,3323
1464829200000,0.11,3103
1464915600000,0.097,3291
1465002000000,0.091,3642
1465088400000,0.103,3507
1465174800000,0.103,3131
1465261200000,0.106,2339
1465347600000,0.113,2959
1465434000000,0.115,2667
1465520400000,0.115,2749
1465606800000,0.118,2677
1465693200000,0.124,2576
1465779600000,0.122,2430
1465866000000,0.121,2254
1465952400000,0.119,2546
1466038800000,0.111,2811
1466125200000,0.113,3070
1466211600000,0.109,3703
1466298000000,0.109,3395
1466384400000,0.1,3381
1466470800000,0.098,3333
1466557200000,0.1,3173
1466643600000,0.087,3174
1466730000000,0.076,3082
1466816400000,0.078,3136
1466902800000,0.08,3137
1466989200000,0.086,3230
1467075600000,0.086,3247
1467162000000,0.087,3263
1467248400000,0.088,3158
1467334800000,0.088,3350
1467421200000,0.089,3394
1467507600000,0.089,3443
1467594000000,0.09,3627
1467680400000,0.096,3281
1467766800000,0.096,3829
1467853200000,0.099,3394
1467939600000,0.102,3309
1468026000000,0.103,3496
1468112400000,0.097,3811
1468198800000,0.094,3014
1468285200000,0.101,3146
1468371600000,0.109,2944
1468458000000,0.108,3312
1468544400000,0.112,3079
1468630800000,0.113,3265
1468717200000,0.114,3103
1468803600000,0.117,3210
1468890000000,0.122,3053
1468976400000,0.121,2929
1469062800000,0.122,3032
1469149200000,0.122,2830
1469235600000,0.121,2822
1469322000000,0.123,3107
1469408400000,0.126,3240
1469494800000,0.125,3031
1469581200000,0.123,3675
1469667600000,0.125,3286
1469754000000,0.125,3047
1469840400000,0.124,3022
1469926800000,0.124,3036
1470013200000,0.126,3052
1470099600000,0.127,3058
1470186000000,0.128,2976
1470272400000,0.128,3029
1470358800000,0.13,2886
1470445200000,0.126,2647
1470531600000,0.123,2489
1470618000000,0.122,2581
1470704400000,0.122,2544
1470790800000,0.121,2547
1470877200000,0.119,2638
1470963600000,0.113,2517
1471050000000,0.111,2406
1471136400000,0.111,2423
1471222800000,0.113,2676
1471309200000,0.113,2819
1471395600000,0.113,2631
1471482000000,0.111,2729
1471568400000,0.108,2923
1471654800000,0.108,3035
1471741200000,0.106,3184
1471827600000,0.103,3210
1471914000000,0.104,3178
1472000400000,0.106,2988
1472086800000,0.104,3059
1472173200000,0.103,3089
1472259600000,0.106,2958
1472346000000,0.106,3030
1472432400000,0.106,3072
1472518800000,0.108,3032
1472605200000,0.108,3220
1472691600000,0.111,3013
1472778000000,0.11,2812
1472864400000,0.109,3390
1472950800000,0.106,3157
1473037200000,0.106,2532
1473123600000,0.103,2396
1473210000000,0.106,2537
1473296400000,0.104,2494
1473382800000,0.104,2862
1473469200000,0.103,3332
1473555600000,0.101,3316
1473642000000,0.102,2403
1473728400000,0.102,2267
1473814800000,0.101,2097
1473901200000,0.1,2440
1473987600000,0.098,2865
1474074000000,0.1,3649
1474160400000,0.096,3007
1474246800000,0.09,2168
1474333200000,0.093,2196
1474419600000,0.095,2378
1474506000000,0.092,2353
1474592400000,0.093,2547
1474678800000,0.091,3057
1474765200000,0.09,3041
1474851600000,0.085,2388
1474938000000,0.086,2182
1475024400000,0.087,2255
1475110800000,0.089,2341
1475197200000,0.088,2813
1475283600000,0.091,3331
1475370000000,0.091,3179
1475456400000,0.088,2322
1475542800000,0.091,2249
1475629200000,0.092,2576
1475715600000,0.088,2436
1475802000000,0.087,2830
1475888400000,0.087,3379
1475974800000,0.087,3261
1476061200000,0.086,2474
1476147600000,0.083,2125
1476234000000,0.082,2131
1476320400000,0.083,2218
1476406800000,0.084,2510
1476493200000,0.085,3002
1476579600000,0.083,3080
1476666000000,0.084,2133
1476752400000,0.081,2247
1476838800000,0.077,2299
1476925200000,0.076,2291
1477011600000,0.078,2242
1477098000000,0.078,2825
1477184400000,0.078,2976
1477270800000,0.076,2323
1477357200000,0.075,2430
1477443600000,0.073,2080
1477530000000,0.069,2001
1477616400000,0.066,2441
1477702800000,0.067,2742
1477789200000,0.068,2910
1477875600000,0.068,2212
1477962000000,0.069,2043
1478048400000,0.071,2375
1478134800000,0.075,1651
1478221200000,0.076,2273
1478307600000,0.079,2742
1478394000000,0.079,2789
1478480400000,0.078,2231
1478566800000,0.079,1876
1478653200000,0.078,1859
1478739600000,0.079,1984
1478826000000,0.077,2250
1478912400000,0.078,2915
1478998800000,0.079,2936
1479085200000,0.078,2211
1479171600000,0.078,2051
1479258000000,0.078,2066
1479344400000,0.074,2051
1479430800000,0.078,2344
1479517200000,0.079,2874
1479603600000,0.079,2735
1479690000000,0.079,2155
1479776400000,0.081,1843
1479862800000,0.078,1967
1479949200000,0.069,2288
1480035600000,0.068,2624
1480122000000,0.07,2989
1480208400000,0.07,2643
1480294800000,0.071,2109
1480381200000,0.07,2262
1480467600000,0.073,2406
1480554000000,0.075,2697
1480640400000,0.077,2795
1480726800000,0.079,3727
1480813200000,0.083,3536
1480899600000,0.084,3090
1480986000000,0.085,2794
1481072400000,0.084,2874
1481158800000,0.084,3069
1481245200000,0.086,2578
1481331600000,0.088,3585
1481418000000,0.089,3255
1481504400000,0.088,2531
1481590800000,0.087,2186
1481677200000,0.089,2246
1481763600000,0.086,2153
1481850000000,0.091,2493
1481936400000,0.089,2894
1482022800000,0.089,2910
1482109200000,0.087,2352
1482195600000,0.085,2153
1482282000000,0.086,1948
1482368400000,0.084,2371
1482454800000,0.071,2218
1482541200000,0.076,3022
1482627600000,0.08,3173
1482714000000,0.08,3082
1482800400000,0.08,2982
1482886800000,0.08,3253
1482973200000,0.082,3167
1483059600000,0.082,3014
1483146000000,0.083,2852
1483232400000,0.084,2936
1483318800000,0.086,2996
1483405200000,0.085,2414
1483491600000,0.088,2489
1483578000000,0.09,2648
1483664400000,0.091,2912
1483750800000,0.091,3159
1483837200000,0.091,3007
1483923600000,0.091,2515
1484010000000,0.091,2379
1484096400000,0.09,2368
1484182800000,0.089,2356
1484269200000,0.091,2825
1484355600000,0.091,3128
1484442000000,0.09,2929
1484528400000,0.09,2359
1484614800000,0.09,2304
1484701200000,0.092,2468
1484787600000,0.092,2308
1484874000000,0.091,2589
1484960400000,0.092,3146
1485046800000,0.091,2917
1485133200000,0.09,2698
1485219600000,0.093,2747
1485306000000,0.094,2864
1485392400000,0.096,2944
1485478800000,0.096,2943
1485565200000,0.097,3495
1485651600000,0.095,3973
1485738000000,0.09,2933
1485824400000,0.092,2726
1485910800000,0.094,2653
1485997200000,0.096,2710
1486083600000,0.099,2927
1486170000000,0.102,3112
1486256400000,0.102,2937
1486342800000,0.105,2344
1486429200000,0.104,2395
1486515600000,0.106,2487
1486602000000,0.105,2433
1486688400000,0.104,2705
1486774800000,0.105,3173
1486861200000,0.106,3232
1486947600000,0.105,2333
1487034000000,0.103,2299
1487120400000,0.1,2243
1487206800000,0.095,2186
1487293200000,0.1,2555
1487379600000,0.102,3036
1487466000000,0.101,3003
1487552400000,0.101,2348
1487638800000,0.1,2243
1487725200000,0.103,2214
1487811600000,0.1,2376
1487898000000,0.098,2784
1487984400000,0.101,3016
1488070800000,0.101,2813
1488157200000,0.101,2121
1488243600000,0.1,2028
1488330000000,0.099,2168
1488416400000,0.1,1982
1488502800000,0.099,2149
1488589200000,0.1,2800
1488675600000,0.102,2671
1488762000000,0.101,2085
1488848400000,0.101,2064
1488934800000,0.1,2187
1489021200000,0.099,1937
1489107600000,0.1,2253
1489194000000,0.099,2975
1489280400000,0.1,2966
1489366800000,0.099,2113
1489453200000,0.099,1891
1489539600000,0.099,2115
1489626000000,0.098,2337
1489712400000,0.1,2680
1489798800000,0.099,3649
1489885200000,0.1,3481
1489971600000,0.1,2712
1490058000000,0.102,2608
1490144400000,0.101,2772
1490230800000,0.1,2658
1490317200000,0.101,2943
1490403600000,0.099,3494
1490490000000,0.099,3428
1490576400000,0.094,2873
1490662800000,0.095,2602
1490749200000,0.097,2418
1490835600000,0.098,2642
1490922000000,0.1,2707
1491008400000,0.108,5380
1491094800000,0.108,3484
1491181200000,0.106,2685
1491267600000,0.105,2512
1491354000000,0.106,2481
1491440400000,0.103,2306
1491526800000,0.099,2755
1491613200000,0.101,3151
1491699600000,0.101,2965
1491786000000,0.1,2636
1491872400000,0.099,2520
1491958800000,0.097,2611
1492045200000,0.099,2648
1492131600000,0.099,2922
1492218000000,0.098,2875
1492304400000,0.099,2893
1492390800000,0.098,2761
1492477200000,0.097,2864
1492563600000,0.098,2704
1492650000000,0.098,2494
1492736400000,0.098,2790
1492822800000,0.098,3439
1492909200000,0.1,3246
1492995600000,0.102,2406
1493082000000,0.101,2333
1493168400000,0.1,2316
1493254800000,0.1,2205
1493341200000,0.099,2577
1493427600000,0.1,2818
1493514000000,0.1,2943
1493600400000,0.1,2710
1493686800000,0.097,2376
1493773200000,0.097,2352
1493859600000,0.097,2285
1493946000000,0.096,2718
1494032400000,0.096,2866
1494118800000,0.097,2762
1494205200000,0.097,2367
1494291600000,0.097,2132
1494378000000,0.098,2292
1494464400000,0.098,2306
1494550800000,0.099,2637
1494637200000,0.098,3070
1494723600000,0.099,2706
1494810000000,0.099,2318
1494896400000,0.099,2288
1494982800000,0.101,1963
1495069200000,0.099,2360
1495155600000,0.1,2188
1495242000000,0.102,2704
1495328400000,0.101,2713
1495414800000,0.101,2100
1495501200000,0.101,2243
1495587600000,0.09,2440
1495674000000,0.086,2209
1495760400000,0.087,2444
1495846800000,0.086,2648
1495933200000,0.088,2514
1496019600000,0.088,2217
1496106000000,0.089,2219
1496192400000,0.089,2316
1496278800000,0.089,2107
1496365200000,0.09,2027
1496451600000,0.09,2251
1496538000000,0.09,2317
1496624400000,0.09,2241
1496710800000,0.09,2068
1496797200000,0.088,2154
1496883600000,0.089,2036
1496970000000,0.089,2108
1497056400000,0.089,2202
1497142800000,0.088,2302
1497229200000,0.091,2135
1497315600000,0.089,1909
1497402000000,0.091,1688
1497488400000,0.09,1794
1497574800000,0.089,1832
1497661200000,0.088,1937
1497747600000,0.088,1939
1497834000000,0.086,1806
1497920400000,0.085,1702
1498006800000,0.082,1872
1498093200000,0.077,2017
1498179600000,0.06,2249
1498266000000,0.061,2237
1498352400000,0.061,2231
1498438800000,0.062,2085
1498525200000,0.062,2221
1498611600000,0.064,2211
1498698000000,0.064,2156
1498784400000,0.065,2066
1498870800000,0.066,2136
1498957200000,0.069,2393
1499043600000,0.068,2398
1499130000000,0.07,2359
1499216400000,0.071,2164
1499302800000,0.073,1863
1499389200000,0.076,1959
1499475600000,0.076,1912
1499562000000,0.076,1912
1499648400000,0.077,1958
1499734800000,0.077,2165
1499821200000,0.075,1918
1499907600000,0.075,1888
1499994000000,0.077,1908
1500080400000,0.077,1852
1500166800000,0.077,1891
1500253200000,0.077,1904
1500339600000,0.076,2063
1500426000000,0.077,2129
1500512400000,0.078,1913
1500598800000,0.078,1780
1500685200000,0.078,1808
1500771600000,0.076,2206
1500858000000,0.073,1831
1500944400000,0.073,1874
1501030800000,0.074,2036
1501117200000,0.076,2072
1501203600000,0.078,2143
1501290000000,0.08,2005
1501376400000,0.08,2119
1501462800000,0.081,2062
1501549200000,0.081,1835
1501635600000,0.082,1773
1501722000000,0.081,1895
1501808400000,0.084,1888
1501894800000,0.085,1725
1501981200000,0.083,1847
1502067600000,0.083,1813
1502154000000,0.084,1853
1502240400000,0.083,1741
1502326800000,0.084,1732
1502413200000,0.084,1723
1502499600000,0.084,1686
1502586000000,0.085,1782
1502672400000,0.084,1830
1502758800000,0.085,1725
1502845200000,0.083,1729
1502931600000,0.082,1770
1503018000000,0.085,1684
1503104400000,0.086,1641
1503190800000,0.085,1724
1503277200000,0.085,1621
1503363600000,0.084,1560
1503450000000,0.085,1590
1503536400000,0.085,1581
1503622800000,0.086,1594
1503709200000,0.084,1613
1503795600000,0.084,1653
1503882000000,0.083,1810
1503968400000,0.085,1526
1504054800000,0.082,1650
1504141200000,0.085,1373
1504227600000,0.083,1633
1504314000000,0.084,1903
1504400400000,0.085,1900
1504486800000,0.084,1501
1504573200000,0.084,1369
1504659600000,0.084,1402
1504746000000,0.084,1322
1504832400000,0.085,1583
1504918800000,0.084,1876
1505005200000,0.083,1840
1505091600000,0.083,1357
1505178000000,0.083,1319
1505264400000,0.082,1339
1505350800000,0.083,1383
1505437200000,0.082,1646
1505523600000,0.083,2136
1505610000000,0.083,2018
1505696400000,0.082,1591
1505782800000,0.085,3170
1505869200000,0.083,1416
1505955600000,0.082,1381
1506042000000,0.082,1741
1506128400000,0.087,3146
1506214800000,0.084,1982
1506301200000,0.085,1483
1506387600000,0.085,2383
1506474000000,0.084,1513
1506560400000,0.083,1449
1506646800000,0.083,1465
1506733200000,0.084,1910
1506819600000,0.083,1857
1506906000000,0.082,1528
1506992400000,0.081,1370
1507078800000,0.08,1420
1507165200000,0.08,1514
1507251600000,0.08,1635
1507338000000,0.079,2112
1507424400000,0.08,1785
1507510800000,0.08,1428
1507597200000,0.082,1313
1507683600000,0.08,1286
1507770000000,0.083,1328
1507856400000,0.082,1483
1507942800000,0.083,1740
1508029200000,0.083,1758
1508115600000,0.083,1302
1508202000000,0.081,1265
1508288400000,0.082,1254
1508374800000,0.082,1331
1508461200000,0.082,1314
1508547600000,0.082,1613
1508634000000,0.083,1564
1508720400000,0.08,1302
1508806800000,0.079,1153
1508893200000,0.08,1234
1508979600000,0.079,1204
1509066000000,0.076,1459
1509152400000,0.078,1755
1509238800000,0.076,1758
1509325200000,0.075,1457
1509411600000,0.076,1408
1509498000000,0.076,1429
1509584400000,0.073,1309
1509670800000,0.073,1330
1509757200000,0.072,1597
1509843600000,0.071,1577
1509930000000,0.071,1185
1510016400000,0.072,1070
1510102800000,0.073,1135
1510189200000,0.072,1211
1510275600000,0.072,1272
1510362000000,0.072,1553
1510448400000,0.072,1513
1510534800000,0.071,1167
1510621200000,0.069,1214
1510707600000,0.067,1271
1510794000000,0.068,1251
1510880400000,0.067,1494
1510966800000,0.067,1585
1511053200000,0.067,1597
1511139600000,0.066,1159
1511226000000,0.066,1058
1511312400000,0.066,1195
1511398800000,0.061,1453
1511485200000,0.06,1479
1511571600000,0.059,1693
1511658000000,0.059,1546
1511744400000,0.059,1204
1511830800000,0.058,1272
1511917200000,0.059,1210
1512003600000,0.063,1109
1512090000000,0.062,1263
1512176400000,0.062,1535
1512262800000,0.062,1560
1512349200000,0.061,1096
1512435600000,0.063,1216
1512522000000,0.063,1084
1512608400000,0.065,1155
1512694800000,0.065,1261
1512781200000,0.067,1577
1512867600000,0.068,1393
1512954000000,0.068,1138
1513040400000,0.069,994
1513126800000,0.067,913
1513213200000,0.068,1065
1513299600000,0.068,1090
1513386000000,0.069,1348
1513472400000,0.068,1315
1513558800000,0.066,1005
1513645200000,0.068,923
1513731600000,0.067,1042
1513818000000,0.06,1162
1513904400000,0.056,1535
1513990800000,0.058,1737
1514077200000,0.056,1474
1514163600000,0.059,1450
1514250000000,0.061,1348
1514336400000,0.061,1528
1514422800000,0.063,1557
1514509200000,0.063,1539
1514595600000,0.062,1695
1514682000000,0.063,1481
1514768400000,0.065,1577
1514854800000,0.066,1669
1514941200000,0.065,1844
1515027600000,0.066,1543
1515114000000,0.069,1690
1515200400000,0.069,1730
1515286800000,0.071,1661
1515373200000,0.073,1429
1515459600000,0.075,1330
1515546000000,0.075,1269
1515632400000,0.072,1367
1515718800000,0.07,1898
1515805200000,0.073,1707
1515891600000,0.073,1668
1515978000000,0.072,1526
1516064400000,0.072,1397
1516150800000,0.072,1305
1516237200000,0.071,1372
1516323600000,0.071,1508
1516410000000,0.074,1729
1516496400000,0.072,1806
1516582800000,0.073,1463
1516669200000,0.074,1473
1516755600000,0.075,1456
1516842000000,0.075,1516
1516928400000,0.072,1712
1517014800000,0.074,1820
1517101200000,0.074,1919
1517187600000,0.071,1531
1517274000000,0.076,1464
1517360400000,0.075,1457
1517446800000,0.076,1395
1517533200000,0.075,1553
1517619600000,0.077,1797
1517706000000,0.076,1603
1517792400000,0.073,1385
1517878800000,0.073,1164
1517965200000,0.075,1293
1518051600000,0.078,1374
1518138000000,0.079,1438
1518224400000,0.078,1630
1518310800000,0.077,1480
1518397200000,0.078,1222
1518483600000,0.078,1189
1518570000000,0.079,1218
1518656400000,0.078,1303
1518742800000,0.075,1701
1518829200000,0.074,1980
1518915600000,0.073,1896
1519002000000,0.075,1621
1519088400000,0.079,1458
1519174800000,0.078,1501
1519261200000,0.078,1503
1519347600000,0.079,1751
1519434000000,0.079,1872
1519520400000,0.078,1807
1519606800000,0.076,1447
1519693200000,0.078,1432
1519779600000,0.079,1444
1519866000000,0.078,1468
1519952400000,0.076,1651
1520038800000,0.077,1928
1520125200000,0.076,1824
1520211600000,0.077,1410
1520298000000,0.079,1534
1520384400000,0.078,1555
1520470800000,0.075,1621
1520557200000,0.075,1606
1520643600000,0.075,1740
1520730000000,0.076,1583
1520816400000,0.074,1245
1520902800000,0.074,1154
1520989200000,0.074,1189
1521075600000,0.073,1150
1521162000000,0.075,1276
1521248400000,0.073,1575
1521334800000,0.073,1526
1521421200000,0.071,1235
1521507600000,0.07,1214
1521594000000,0.072,1173
1521680400000,0.073,1143
1521766800000,0.073,1204
1521853200000,0.074,1440
1521939600000,0.074,1450
1522026000000,0.073,1209
1522112400000,0.072,1129
1522198800000,0.07,1165
1522285200000,0.067,1459
1522371600000,0.066,1657
1522458000000,0.065,1338
1522544400000,0.069,1337
1522630800000,0.069,1238
1522717200000,0.068,1092
1522803600000,0.068,1097
1522890000000,0.068,987
1522976400000,0.067,1083
1523062800000,0.068,1308
1523149200000,0.068,1286
1523235600000,0.068,1006
1523322000000,0.066,1003
1523408400000,0.064,1075
1523494800000,0.062,971
1523581200000,0.065,1107
1523667600000,0.065,1224
1523754000000,0.066,1198
1523840400000,0.067,995
1523926800000,0.066,865
1524013200000,0.065,864
1524099600000,0.066,912
1524186000000,0.068,945
1524272400000,0.067,1141
1524358800000,0.066,1179
1524445200000,0.068,888
1524531600000,0.067,786
1524618000000,0.066,929
1524704400000,0.065,814
1524790800000,0.066,998
1524877200000,0.066,1231
1524963600000,0.065,1184
1525050000000,0.068,1214
1525136400000,0.067,1020
1525222800000,0.07,897
1525309200000,0.067,920
1525395600000,0.069,1066
1525482000000,0.069,1201
1525568400000,0.069,1174
1525654800000,0.07,1152
1525741200000,0.069,1078
1525827600000,0.067,1112
1525914000000,0.068,1041
1526000400000,0.068,920
1526086800000,0.069,1001
1526173200000,0.069,1108
1526259600000,0.069,786
1526346000000,0.069,785
1526432400000,0.068,903
1526518800000,0.067,888
1526605200000,0.069,945
1526691600000,0.072,1512
1526778000000,0.072,1268
1526864400000,0.076,1126
1526950800000,0.074,796
1527037200000,0.073,754
1527123600000,0.072,780
1527210000000,0.073,947
1527296400000,0.072,893
1527382800000,0.073,932
1527469200000,0.073,885
1527555600000,0.071,805
1527642000000,0.071,779
1527728400000,0.068,1007
1527814800000,0.068,930
1527901200000,0.067,1000
1527987600000,0.07,930
1528074000000,0.073,804
1528160400000,0.072,893
1528246800000,0.069,1005
1528333200000,0.068,866
1528419600000,0.07,841
1528506000000,0.069,923
1528592400000,0.069,878
1528678800000,0.072,869
1528765200000,0.069,847
1528851600000,0.071,969
1528938000000,0.071,942
1529024400000,0.073,893
1529110800000,0.071,854
1529197200000,0.071,1054
1529283600000,0.07,959
1529370000000,0.072,939
1529456400000,0.067,930
1529542800000,0.07,1262
1529629200000,0.063,1572
1529715600000,0.063,1341
1529802000000,0.062,1266
1529888400000,0.063,1294
1529974800000,0.062,1013
1530061200000,0.062,982
1530147600000,0.063,976
1530234000000,0.063,1055
1530320400000,0.064,1001
1530406800000,0.064,952
1530493200000,0.066,1178
1530579600000,0.067,1134
1530666000000,0.066,1121
1530752400000,0.063,1188
1530838800000,0.066,884
1530925200000,0.066,890
1531011600000,0.07,1382
1531098000000,0.07,1111
1531184400000,0.068,1042
1531270800000,0.068,902
1531357200000,0.068,922
1531443600000,0.068,1010
1531530000000,0.068,997
1531616400000,0.067,915
1531702800000,0.07,1043
1531789200000,0.07,1007
1531875600000,0.07,1024
1531962000000,0.069,955
1532048400000,0.069,807
1532134800000,0.069,922
1532221200000,0.072,993
1532307600000,0.071,1040
1532394000000,0.073,1016
1532480400000,0.073,1113
1532566800000,0.078,1022
1532653200000,0.077,890
1532739600000,0.077,931
1532826000000,0.078,939
1532912400000,0.078,964
1532998800000,0.078,995
1533085200000,0.078,1004
1533171600000,0.078,1010
1533258000000,0.081,1133
1533344400000,0.077,1118
1533430800000,0.077,1058
1533517200000,0.078,1133
1533603600000,0.078,1115
1533690000000,0.078,1222
1533776400000,0.078,1244
1533862800000,0.076,1250
1533949200000,0.075,1200
1534035600000,0.076,1294
1534122000000,0.077,1239
1534208400000,0.077,1233
1534294800000,0.077,1224
1534381200000,0.081,1164
1534467600000,0.078,1110
1534554000000,0.079,1098
1534640400000,0.079,1153
1534726800000,0.08,1192
1534813200000,0.081,1137
1534899600000,0.079,1038
1534986000000,0.079,1110
1535072400000,0.079,1066
1535158800000,0.082,992
1535245200000,0.083,1237
1535331600000,0.082,1295
1535418000000,0.086,1222
1535504400000,0.084,1314
1535590800000,0.08,1120
1535677200000,0.083,1045
1535763600000,0.081,1073
1535850000000,0.08,1045
1535936400000,0.082,894
1536022800000,0.082,895
1536109200000,0.08,852
1536195600000,0.078,834
1536282000000,0.078,1017
1536368400000,0.078,1134
1536454800000,0.077,1274
1536541200000,0.078,848
1536627600000,0.077,905
1536714000000,0.075,908
1536800400000,0.075,921
1536886800000,0.077,966
1536973200000,0.077,1170
1537059600000,0.076,1014
1537146000000,0.079,790
1537232400000,0.078,781
1537318800000,0.077,734
1537405200000,0.079,752
1537491600000,0.077,857
1537578000000,0.076,1322
1537664400000,0.074,1374
1537750800000,0.071,887
1537837200000,0.074,847
1537923600000,0.073,866
1538010000000,0.073,828
1538096400000,0.074,881
1538182800000,0.073,1047
1538269200000,0.075,1104
1538355600000,0.075,853
1538442000000,0.077,845
1538528400000,0.075,879
1538614800000,0.074,985
1538701200000,0.075,1116
1538787600000,0.076,1346
1538874000000,0.076,1258
1538960400000,0.076,951
1539046800000,0.075,926
1539133200000,0.076,1103
1539219600000,0.075,974
1539306000000,0.076,1093
1539392400000,0.076,1294
1539478800000,0.077,1229
1539565200000,0.076,977
1539651600000,0.078,1040
1539738000000,0.077,881
1539824400000,0.077,951
1539910800000,0.077,1169
1539997200000,0.076,1403
1540083600000,0.073,1502
1540170000000,0.075,871
1540256400000,0.074,874
1540342800000,0.072,901
1540429200000,0.071,861
1540515600000,0.069,1018
1540602000000,0.069,1122
1540688400000,0.07,1159
1540774800000,0.067,1033
1540861200000,0.061,1055
1540947600000,0.062,1095
1541034000000,0.063,1114
1541120400000,0.066,914
1541206800000,0.066,1039
1541293200000,0.066,981
1541379600000,0.068,862
1541466000000,0.066,797
1541552400000,0.067,834
1541638800000,0.066,982
1541725200000,0.065,1187
1541811600000,0.065,1199
1541898000000,0.065,1327
1541984400000,0.065,903
1542070800000,0.066,823
1542157200000,0.066,896
1542243600000,0.064,1006
1542330000000,0.066,1015
1542416400000,0.066,1489
1542502800000,0.065,1247
1542589200000,0.065,907
1542675600000,0.064,883
1542762000000,0.065,1048
1542848400000,0.058,1286
1542934800000,0.058,1416
1543021200000,0.06,1419
1543107600000,0.06,1524
1543194000000,0.061,975
1543280400000,0.061,943
1543366800000,0.062,870
1543453200000,0.063,846
1543539600000,0.062,1065
1543626000000,0.064,1304
1543712400000,0.064,1237
1543798800000,0.068,1150
1543885200000,0.063,946
1543971600000,0.062,1041
1544058000000,0.063,964
1544144400000,0.062,1437
1544230800000,0.065,1883
1544317200000,0.067,1798
1544403600000,0.066,1432
1544490000000,0.068,1467
1544576400000,0.066,1490
1544662800000,0.069,1367
1544749200000,0.071,1536
1544835600000,0.072,1817
1544922000000,0.072,1816
1545008400000,0.069,1516
1545094800000,0.07,1406
1545181200000,0.068,1480
1545267600000,0.067,1320
1545354000000,0.061,1956
1545440400000,0.061,2101
1545526800000,0.062,1886
1545613200000,0.062,1561
1545699600000,0.062,1465
1545786000000,0.063,1487
1545872400000,0.063,1633
1545958800000,0.067,1593
1546045200000,0.064,1888
1546131600000,0.062,1932
1546218000000,0.062,1607
1546304400000,0.065,1695
1546390800000,0.063,1905
1546477200000,0.065,1802
1546563600000,0.068,1864
1546650000000,0.071,1813
1546736400000,0.073,1675
1546822800000,0.07,1675
1546909200000,0.072,1608
1546995600000,0.075,1696
1547082000000,0.076,1499
1547168400000,0.075,1796
1547254800000,0.078,2133
1547341200000,0.081,1887
1547427600000,0.08,1472
1547514000000,0.08,1399
1547600400000,0.078,1494
1547686800000,0.077,1426
1547773200000,0.078,1400
1547859600000,0.079,1916
1547946000000,0.079,1810
1548032400000,0.082,1507
1548118800000,0.082,1324
1548205200000,0.082,1583
1548291600000,0.083,1666
1548378000000,0.084,1707
1548464400000,0.083,1926
1548550800000,0.084,1764
1548637200000,0.081,1374
1548723600000,0.083,1427
1548810000000,0.081,1420
1548896400000,0.082,1450
1548982800000,0.083,1490
1549069200000,0.083,1717
1549155600000,0.085,1725
1549242000000,0.08,1346
1549328400000,0.08,1419
1549414800000,0.076,1376
1549501200000,0.075,1527
1549587600000,0.076,1603
1549674000000,0.075,1881
1549760400000,0.075,1733
1549846800000,0.077,1480
1549933200000,0.081,1275
1550019600000,0.077,1194
1550106000000,0.076,1182
1550192400000,0.076,1244
1550278800000,0.076,1426
1550365200000,0.078,1376
1550451600000,0.078,1187
1550538000000,0.078,1136
1550624400000,0.078,1328
1550710800000,0.078,1083
1550797200000,0.079,1321
1550883600000,0.08,1664
1550970000000,0.081,1502
1551056400000,0.08,1185
1551142800000,0.08,1202
1551229200000,0.08,1098
1551315600000,0.082,1023
1551402000000,0.08,1143
1551488400000,0.077,1836
1551574800000,0.073,1757
1551661200000,0.071,1216
1551747600000,0.067,1069
1551834000000,0.068,1079
1551920400000,0.069,1109
1552006800000,0.068,1299
1552093200000,0.068,1560
1552179600000,0.068,1432
1552266000000,0.068,1082
1552352400000,0.069,1091
1552438800000,0.069,1184
1552525200000,0.075,2093
1552611600000,0.081,1993
1552698000000,0.084,2403
1552784400000,0.085,2586
1552870800000,0.086,1776
1552957200000,0.086,1616
1553043600000,0.087,1770
1553130000000,0.089,1634
1553216400000,0.086,1942
1553302800000,0.088,2129
1553389200000,0.086,2075
1553475600000,0.084,1748
1553562000000,0.085,1673
1553648400000,0.086,1703
1553734800000,0.086,1570
1553821200000,0.082,1734
1553907600000,0.085,1903
1553994000000,0.085,1829
1554080400000,0.085,1448
1554166800000,0.087,1413
1554253200000,0.086,1535
1554339600000,0.088,1496
1554426000000,0.087,1651
1554512400000,0.087,1855
1554598800000,0.086,1854
1554685200000,0.088,1449
1554771600000,0.088,1500
1554858000000,0.086,1428
1554944400000,0.088,1470
1555030800000,0.088,1666
1555117200000,0.089,1809
1555203600000,0.09,1763
1555290000000,0.091,1461
1555376400000,0.088,1356
1555462800000,0.089,1427
1555549200000,0.089,1406
1555635600000,0.09,1445
1555722000000,0.09,1639
1555808400000,0.091,1665
1555894800000,0.09,1444
1555981200000,0.089,1427
1556067600000,0.087,1346
1556154000000,0.089,1352
1556240400000,0.088,1333
1556326800000,0.089,1755
1556413200000,0.087,1754
1556499600000,0.089,1461
1556586000000,0.089,1456
1556672400000,0.089,1686
1556758800000,0.089,1362
1556845200000,0.089,1473
1556931600000,0.088,1529
1557018000000,0.089,1619
1557104400000,0.088,1179
1557190800000,0.087,1235
1557277200000,0.082,1409
1557363600000,0.086,1286
1557450000000,0.085,1273
1557536400000,0.088,1477
1557622800000,0.084,1412
1557709200000,0.083,1058
1557795600000,0.085,1140
1557882000000,0.083,1202
1557968400000,0.085,1202
1558054800000,0.083,1242
1558141200000,0.083,1814
1558227600000,0.083,1421
1558314000000,0.084,1140
1558400400000,0.086,1143
1558486800000,0.086,1266
1558573200000,0.084,1201
1558659600000,0.085,1314
1558746000000,0.085,1428
1558832400000,0.085,1483
1558918800000,0.085,1219
1559005200000,0.085,1202
1559091600000,0.086,1245
1559178000000,0.086,1322
1559264400000,0.087,1454
1559350800000,0.085,1350
1559437200000,0.086,1395
1559523600000,0.086,1273
1559610000000,0.086,1277
1559696400000,0.087,1303
1559782800000,0.088,1309
1559869200000,0.088,1318
1559955600000,0.088,1510
1560042000000,0.089,1657
1560128400000,0.088,1354
1560214800000,0.087,1372
1560301200000,0.088,1227
1560387600000,0.089,1359
1560474000000,0.09,1376
1560560400000,0.09,1418
1560646800000,0.091,1323
1560733200000,0.091,1255
1560819600000,0.089,1217
1560906000000,0.09,1331
1560992400000,0.09,1372
1561078800000,0.089,1431
1561165200000,0.091,1357
1561251600000,0.092,1286
1561338000000,0.091,1308
1561424400000,0.087,1559
1561510800000,0.08,2010
1561597200000,0.075,1673
1561683600000,0.073,1500
1561770000000,0.074,1409
1561856400000,0.073,1536
1561942800000,0.074,1434
1562029200000,0.074,1441
1562115600000,0.074,1885
1562202000000,0.075,1507
1562288400000,0.077,1512
1562374800000,0.076,1300
1562461200000,0.075,1384
1562547600000,0.076,1596
1562634000000,0.075,1465
1562720400000,0.079,1342
1562806800000,0.081,1248
1562893200000,0.084,1333
1562979600000,0.082,1320
1563066000000,0.08,1337
1563152400000,0.081,1338
1563238800000,0.083,1481
1563325200000,0.082,1341
1563411600000,0.083,1414
1563498000000,0.083,1450
1563584400000,0.085,1338
1563670800000,0.085,1368
1563757200000,0.086,1362
1563843600000,0.088,1366
1563930000000,0.086,1349
1564016400000,0.084,1396
1564102800000,0.086,1367
1564189200000,0.086,1360
1564275600000,0.087,1395
1564362000000,0.088,1509
1564448400000,0.088,1482
1564534800000,0.088,1640
1564621200000,0.086,1514
1564707600000,0.084,1427
1564794000000,0.086,1497
1564880400000,0.086,1429
1564966800000,0.086,1493
1565053200000,0.086,1515
1565139600000,0.084,1546
1565226000000,0.084,1609
1565312400000,0.086,1601
1565398800000,0.085,1660
1565485200000,0.088,1543
1565571600000,0.087,1485
1565658000000,0.088,1503
1565744400000,0.087,1633
1565830800000,0.088,1493
1565917200000,0.087,1698
1566003600000,0.089,1514
1566090000000,0.088,1438
1566176400000,0.089,1439
1566262800000,0.089,1493
1566349200000,0.091,1438
1566435600000,0.091,1491
1566522000000,0.089,1403
1566608400000,0.09,1468
1566694800000,0.09,1455
1566781200000,0.09,1523
1566867600000,0.091,1422
1566954000000,0.089,1239
1567040400000,0.09,1521
1567126800000,0.091,1501
1567213200000,0.091,1556
1567299600000,0.089,1602
1567386000000,0.09,1526
1567472400000,0.089,1165
1567558800000,0.089,1238
1567645200000,0.09,1292
1567731600000,0.09,1385
1567818000000,0.089,1749
1567904400000,0.085,1944
1567990800000,0.085,1405
1568077200000,0.087,1281
1568163600000,0.086,1270
1568250000000,0.086,1254
1568336400000,0.087,1499
1568422800000,0.088,1709
1568509200000,0.089,1671
1568595600000,0.089,1336
1568682000000,0.09,1255
1568768400000,0.088,1181
1568854800000,0.087,1162
1568941200000,0.088,1355
1569027600000,0.088,1847
1569114000000,0.088,1709
1569200400000,0.089,1259
1569286800000,0.089,1329
1569373200000,0.09,1402
1569459600000,0.089,1260
1569546000000,0.089,1345
1569632400000,0.09,1835
1569718800000,0.09,1848
1569805200000,0.09,1456
1569891600000,0.089,1322
1569978000000,0.089,1578
1570064400000,0.087,1624
1570150800000,0.09,1835
1570237200000,0.09,1938
1570323600000,0.09,2021
1570410000000,0.089,1470
1570496400000,0.091,1469
1570582800000,0.091,1421
1570669200000,0.091,1620
1570755600000,0.092,1723
1570842000000,0.091,1972
1570928400000,0.092,2043
1571014800000,0.091,1606
1571101200000,0.093,1462
1571187600000,0.092,1433
1571274000000,0.09,1344
1571360400000,0.089,1633
1571446800000,0.086,2704
1571533200000,0.083,2528
1571619600000,0.082,1802
1571706000000,0.083,1666
1571792400000,0.084,1719
1571878800000,0.083,1461
1571965200000,0.08,1583
1572051600000,0.083,1935
1572138000000,0.083,1902
1572224400000,0.081,1357
1572310800000,0.079,1493
1572397200000,0.078,1528
1572483600000,0.076,1492
1572570000000,0.077,1564
1572656400000,0.079,1603
1572742800000,0.079,1619
1572829200000,0.079,1549
1572915600000,0.079,1355
1573002000000,0.079,1452
1573088400000,0.078,1321
1573174800000,0.078,1463
1573261200000,0.08,2015
1573347600000,0.08,1807
1573434000000,0.081,1467
1573520400000,0.08,1186
1573606800000,0.081,1274
1573693200000,0.081,1335
1573779600000,0.08,1417
1573866000000,0.08,1774
1573952400000,0.08,1671
1574038800000,0.08,1777
1574125200000,0.071,2677
1574211600000,0.069,1499
1574298000000,0.071,1403
1574384400000,0.07,1478
1574470800000,0.071,1697
1574557200000,0.071,1685
1574643600000,0.072,1231
1574730000000,0.072,1315
1574816400000,0.066,1545
1574902800000,0.067,1291
1574989200000,0.065,1550
1575075600000,0.066,1855
1575162000000,0.068,1948
1575248400000,0.066,1465
1575334800000,0.069,1244
1575421200000,0.071,1335
1575507600000,0.072,1355
1575594000000,0.072,1450
1575680400000,0.071,1748
1575766800000,0.072,1827
1575853200000,0.072,1414
1575939600000,0.073,1564
1576026000000,0.073,1417
1576112400000,0.07,1375
1576198800000,0.073,1448
1576285200000,0.073,1780
1576371600000,0.073,1572
1576458000000,0.073,1293
1576544400000,0.074,1334
1576630800000,0.072,1386
1576717200000,0.072,1515
1576803600000,0.065,1731
1576890000000,0.065,2176
1576976400000,0.065,1779
1577062800000,0.066,2034
1577149200000,0.067,1453
1577235600000,0.068,1679
1577322000000,0.068,1587
1577408400000,0.068,1793
1577494800000,0.068,1918
1577581200000,0.066,1618
1577667600000,0.067,2133
1577754000000,0.069,1466
1577840400000,0.068,1811
1577926800000,0.069,1960
1578013200000,0.071,1838
1578099600000,0.073,2170
1578186000000,0.075,2010
1578272400000,0.075,1882
1578358800000,0.076,1915
1578445200000,0.078,2755
1578531600000,0.079,1955
1578618000000,0.08,2124
1578704400000,0.08,2178
1578790800000,0.082,2140
1578877200000,0.081,1547
1578963600000,0.081,1576
1579050000000,0.082,1852
1579136400000,0.081,1728
1579222800000,0.082,1887
1579309200000,0.083,2251
1579395600000,0.083,1966
1579482000000,0.085,1850
1579568400000,0.084,1593
1579654800000,0.086,1839
1579741200000,0.085,2098
1579827600000,0.082,2059
1579914000000,0.08,2419
1580000400000,0.083,2648
1580086800000,0.082,1855
1580173200000,0.084,1793
1580259600000,0.081,1826
1580346000000,0.084,1701
1580432400000,0.086,2002
1580518800000,0.087,2367
1580605200000,0.088,2355
1580691600000,0.089,1944
1580778000000,0.09,1818
1580864400000,0.094,3099
1580950800000,0.092,1868
1581037200000,0.091,2240
1581123600000,0.092,2420
1581210000000,0.093,2273
1581296400000,0.092,1854
1581382800000,0.094,1891
1581469200000,0.092,2012
1581555600000,0.092,2070
1581642000000,0.092,2370
1581728400000,0.093,2356
1581814800000,0.092,2385
1581901200000,0.091,1872
1581987600000,0.097,1992
1582074000000,0.092,1878
1582160400000,0.094,2278
1582246800000,0.092,1947
1582333200000,0.092,2331
1582419600000,0.092,2350
1582506000000,0.094,2117
1582592400000,0.091,2090
1582678800000,0.089,1989
1582765200000,0.087,2219
1582851600000,0.087,2161
1582938000000,0.089,2937
1583024400000,0.09,2513
1583110800000,0.092,1859
1583197200000,0.096,2684
1583283600000,0.096,2299
1583370000000,0.097,2039
1583456400000,0.096,2421
1583542800000,0.097,2735
1583629200000,0.098,2546
1583715600000,0.1,2424
1583802000000,0.1,1652
1583888400000,0.099,1871
1583974800000,0.098,2089
1584061200000,0.097,2293
1584147600000,0.097,2441
1584234000000,0.095,2358
1584320400000,0.096,2439
1584406800000,0.094,2260
1584493200000,0.091,2609
1584579600000,0.088,2405
1584666000000,0.086,2799
1584752400000,0.092,2417
1584838800000,0.087,2799
1584925200000,0.089,2605
1585011600000,0.091,3045
1585098000000,0.09,2592
1585184400000,0.084,2853
1585270800000,0.085,2728
1585357200000,0.085,2412
1585443600000,0.092,1920
1585530000000,0.093,2135
1585616400000,0.084,3317
1585702800000,0.079,3274
1585789200000,0.079,3383
1585875600000,0.078,3036
1585962000000,0.079,3126
1586048400000,0.08,3139
1586134800000,0.081,2976
1586221200000,0.082,3008
1586307600000,0.085,3435
1586394000000,0.079,2971
1586480400000,0.081,3375
1586566800000,0.093,5996
1586653200000,0.099,4323
1586739600000,0.103,4030
1586826000000,0.109,4368
1586912400000,0.111,4308
1586998800000,0.117,4844
1587085200000,0.118,3630
1587171600000,0.116,3414
1587258000000,0.111,4216
1587344400000,0.107,3858
1587430800000,0.107,3480
1587517200000,0.102,3422
1587603600000,0.098,3530
1587690000000,0.1,3630
1587776400000,0.101,3487
1587862800000,0.098,3119
1587949200000,0.094,3440
1588035600000,0.093,3316
1588122000000,0.096,3621
1588208400000,0.098,3532
1588294800000,0.099,3580
1588381200000,0.101,3157
1588467600000,0.101,3050
1588554000000,0.103,3167
1588640400000,0.104,3207
1588726800000,0.105,3342
1588813200000,0.103,3196
1588899600000,0.101,3195
1588986000000,0.101,2955
1589072400000,0.101,3061
1589158800000,0.1,3360
1589245200000,0.1,3272
1589331600000,0.098,3228
1589418000000,0.097,3136
1589504400000,0.097,3036
1589590800000,0.098,2906
1589677200000,0.097,2801
1589763600000,0.097,2692
1589850000000,0.098,2588
1589936400000,0.097,2949
1590022800000,0.099,2728
1590109200000,0.097,2975
1590195600000,0.098,2623
1590282000000,0.098,2962
1590368400000,0.097,2824
1590454800000,0.094,2834
1590541200000,0.095,2857
1590627600000,0.094,2649
1590714000000,0.093,2691
1590800400000,0.093,2622
1590886800000,0.092,2850
1590973200000,0.091,2945
1591059600000,0.093,2476
1591146000000,0.092,2477
1591232400000,0.091,2447
1591318800000,0.089,2472
1591405200000,0.091,2187
1591491600000,0.091,2259
1591578000000,0.089,2350
1591664400000,0.089,2441
1591750800000,0.089,2656
1591837200000,0.089,2547
1591923600000,0.089,2281
1592010000000,0.09,2182
1592096400000,0.089,2203
1592182800000,0.089,2450
1592269200000,0.089,2310
1592355600000,0.089,2268
1592442000000,0.086,2211
1592528400000,0.085,2184
1592614800000,0.085,2151
1592701200000,0.083,2115
1592787600000,0.084,2261
1592874000000,0.085,2146
1592960400000,0.081,2266
1593046800000,0.079,2602
1593133200000,0.075,2994
1593219600000,0.076,2750
1593306000000,0.075,2296
1593392400000,0.075,2748
1593478800000,0.074,2597
1593565200000,0.074,2505
1593651600000,0.073,2526
1593738000000,0.073,2497
1593824400000,0.073,2248
1593910800000,0.073,2198
1593997200000,0.075,2579
1594083600000,0.077,2609
1594170000000,0.075,2600
1594256400000,0.076,2367
1594342800000,0.078,2318
1594429200000,0.078,2157
1594515600000,0.079,2070
1594602000000,0.082,2721
1594688400000,0.083,2465
1594774800000,0.082,2196
1594861200000,0.083,2365
1594947600000,0.082,1964
1595034000000,0.08,2009
1595120400000,0.081,2132
1595206800000,0.08,2251
1595293200000,0.083,2021
1595379600000,0.083,2214
1595466000000,0.082,2151
1595552400000,0.082,2260
1595638800000,0.082,2079
1595725200000,0.082,2267
1595811600000,0.083,2131
1595898000000,0.083,2125
1595984400000,0.082,2304
1596070800000,0.082,2142
1596157200000,0.081,2020
1596243600000,0.082,2095
1596330000000,0.083,2086
1596416400000,0.085,2394
1596502800000,0.087,2192
1596589200000,0.085,2113
1596675600000,0.086,2131
1596762000000,0.084,2250
1596848400000,0.082,2258
1596934800000,0.082,2203
1597021200000,0.082,2351
1597107600000,0.081,2218
1597194000000,0.081,2371
1597280400000,0.08,2255
1597366800000,0.082,2263
1597453200000,0.082,2144
1597539600000,0.081,2173
1597626000000,0.08,2196
1597712400000,0.081,2255
1597798800000,0.081,2360
1597885200000,0.079,2237
1597971600000,0.078,2253
1598058000000,0.079,2239
1598144400000,0.079,2108
1598230800000,0.079,2294
1598317200000,0.079,2340
1598403600000,0.078,2389
1598490000000,0.078,2266
1598576400000,0.078,2288
1598662800000,0.077,2351
1598749200000,0.075,2508
1598835600000,0.078,2370
1598922000000,0.077,1830
1599008400000,0.078,2033
1599094800000,0.077,1749
1599181200000,0.077,1975
1599267600000,0.076,2066
1599354000000,0.08,2269
1599440400000,0.078,1834
1599526800000,0.077,1774
1599613200000,0.075,2006
1599699600000,0.076,1917
1599786000000,0.078,2445
1599872400000,0.077,2438
1599958800000,0.079,2265
1600045200000,0.077,2032
1600131600000,0.079,2080
1600218000000,0.077,1981
1600304400000,0.078,2053
1600390800000,0.079,2232
1600477200000,0.078,2256
1600563600000,0.08,2091
1600650000000,0.075,1844
1600736400000,0.077,1841
1600822800000,0.078,2001
1600909200000,0.076,1943
1600995600000,0.073,1955
1601082000000,0.075,2311
1601168400000,0.074,2145
1601254800000,0.071,1779
1601341200000,0.07,1773
1601427600000,0.07,1774
1601514000000,0.07,2009
1601600400000,0.07,2057
1601686800000,0.07,2169
1601773200000,0.07,2271
1601859600000,0.07,2009
1601946000000,0.071,1814
1602032400000,0.069,2006
1602118800000,0.071,1858
1602205200000,0.07,1930
1602291600000,0.071,1929
1602378000000,0.071,2244
1602464400000,0.07,1875
1602550800000,0.072,1835
1602637200000,0.071,1849
1602723600000,0.071,2335
1602810000000,0.071,1823
1602896400000,0.072,2182
1602982800000,0.071,1838
1603069200000,0.072,1879
1603155600000,0.073,1690
1603242000000,0.07,1960
1603328400000,0.07,1882
1603414800000,0.071,1889
1603501200000,0.071,1970
1603587600000,0.072,2033
1603674000000,0.072,2022
1603760400000,0.07,1814
1603846800000,0.071,2023
1603933200000,0.07,1974
1604019600000,0.066,2184
1604106000000,0.064,2291
1604192400000,0.065,2181
1604278800000,0.066,1618
1604365200000,0.066,1958
1604451600000,0.067,2194
1604538000000,0.066,1906
1604624400000,0.068,2011
1604710800000,0.068,1993
1604797200000,0.07,2188
1604883600000,0.069,1958
1604970000000,0.071,2021
1605056400000,0.07,1959
1605142800000,0.069,1853
1605229200000,0.069,2040
1605315600000,0.068,2126
1605402000000,0.069,1974
1605488400000,0.068,2077
1605574800000,0.068,1923
1605661200000,0.071,2198
1605747600000,0.073,2245
1605834000000,0.072,2234
1605920400000,0.072,2413
1606006800000,0.072,2220
1606093200000,0.072,2061
1606179600000,0.073,2144
1606266000000,0.07,2510
1606352400000,0.067,2865
1606438800000,0.067,2862
1606525200000,0.066,2712
1606611600000,0.066,2436
1606698000000,0.065,2499
1606784400000,0.065,2241
1606870800000,0.067,2064
1606957200000,0.067,2130
1607043600000,0.062,2997
1607130000000,0.063,2722
1607216400000,0.064,2662
1607302800000,0.064,2566
1607389200000,0.065,2362
1607475600000,0.067,2144
1607562000000,0.067,2319
1607648400000,0.066,2189
1607734800000,0.067,2270
1607821200000,0.067,2259
1607907600000,0.069,2299
1607994000000,0.068,2073
1608080400000,0.069,2365
1608166800000,0.07,2330
1608253200000,0.07,2887
1608339600000,0.071,2764
1608426000000,0.071,2968
1608512400000,0.07,2764
1608598800000,0.068,2718
1608685200000,0.065,2817
1608771600000,0.064,2761
1608858000000,0.066,2766
1608944400000,0.067,2794
1609030800000,0.067,2065
1609117200000,0.067,2629
1609203600000,0.067,2827
1609290000000,0.069,3309
1609376400000,0.068,2784
1609462800000,0.072,3192
1609549200000,0.073,2960
1609635600000,0.073,3392
1609722000000,0.075,3079
1609808400000,0.078,3135
1609894800000,0.079,2938
1609981200000,0.082,3066
1610067600000,0.081,2996
1610154000000,0.082,3189
1610240400000,0.083,2794
1610326800000,0.083,2787
1610413200000,0.083,2690
1610499600000,0.085,2806
1610586000000,0.085,2849
1610672400000,0.086,2701
1610758800000,0.087,2965
1610845200000,0.087,2860
1610931600000,0.09,2722
1611018000000,0.09,2580
1611104400000,0.089,2865
1611190800000,0.094,4389
1611277200000,0.093,2787
1611363600000,0.094,2594
1611450000000,0.097,2583
1611536400000,0.098,2408
1611622800000,0.099,2299
1611709200000,0.096,2712
1611795600000,0.086,3488
1611882000000,0.081,2823
1611968400000,0.082,2709
1612054800000,0.085,2577
1612141200000,0.082,2218
1612227600000,0.082,2477
1612314000000,0.081,2421
1612400400000,0.081,2321
1612486800000,0.081,2342
1612573200000,0.081,2393
1612659600000,0.082,2548
1612746000000,0.081,2259
1612832400000,0.082,2472
1612918800000,0.081,2754
1613005200000,0.08,2605
1613091600000,0.078,2951
1613178000000,0.077,3153
1613264400000,0.079,2843
1613350800000,0.076,2708
1613437200000,0.077,2809
1613523600000,0.076,2583
1613610000000,0.076,2735
1613696400000,0.079,2642
1613782800000,0.081,2961
1613869200000,0.081,2708
1613955600000,0.082,2674
1614042000000,0.085,2879
1614128400000,0.088,2706
1614214800000,0.088,2657
1614301200000,0.089,3152
1614387600000,0.09,3470
1614474000000,0.091,3219
1614560400000,0.091,2625
1614646800000,0.09,2885
1614733200000,0.091,3214
1614819600000,0.092,2986
1614906000000,0.093,3174
1614992400000,0.095,3541
1615078800000,0.095,3374
1615165200000,0.097,3170
1615251600000,0.099,2737
1615338000000,0.101,3185
1615424400000,0.101,3117
1615510800000,0.101,3130
1615597200000,0.103,3314
1615683600000,0.103,2966
1615770000000,0.103,2937
1615856400000,0.105,2849
1615942800000,0.102,3179
1616029200000,0.103,3145
1616115600000,0.102,3203
1616202000000,0.101,3304
1616288400000,0.102,2993
1616374800000,0.103,3055
1616461200000,0.104,3428
1616547600000,0.106,3828
1616634000000,0.112,3393
1616720400000,0.11,3009
1616806800000,0.108,3056
1616893200000,0.111,3089
1616979600000,0.11,3231
1617066000000,0.107,2688
1617152400000,0.106,3523
1617238800000,0.108,2719
1617325200000,0.109,3182
1617411600000,0.111,3343
1617498000000,0.109,2946
1617584400000,0.108,3116
1617670800000,0.111,2928
1617757200000,0.099,3511
1617843600000,0.083,3726
1617930000000,0.083,4367
1618016400000,0.084,3838
1618102800000,0.085,2969
1618189200000,0.085,2732
1618275600000,0.094,2842
1618362000000,0.099,1237
1618448400000,0.098,2893
1618534800000,0.098,3115
1618621200000,0.1,3027
1618707600000,0.099,2442
1618794000000,0.102,2541
1618880400000,0.104,2288
1618966800000,0.105,2589
1619053200000,0.105,2177
1619139600000,0.107,2188
1619226000000,0.107,2424
1619312400000,0.111,2565
1619398800000,0.109,2073
1619485200000,0.111,2086
1619571600000,0.11,2170
1619658000000,0.112,2254
1619744400000,0.117,2660
1619830800000,0.119,2153
1619917200000,0.121,2495
1620003600000,0.12,2295
1620090000000,0.126,3784
1620176400000,0.134,3488
1620262800000,0.138,3420
1620349200000,0.141,2711
1620435600000,0.14,2649
1620522000000,0.138,2506
1620608400000,0.139,2588
1620694800000,0.144,2636
1620781200000,0.145,3516
1620867600000,0.144,2402
1620954000000,0.144,2275
1621040400000,0.14,2340
1621126800000,0.135,2049
1621213200000,0.132,1821
1621299600000,0.128,1975
1621386000000,0.127,2066
1621472400000,0.123,2104
1621558800000,0.12,2063
1621645200000,0.121,2106
1621731600000,0.12,1922
1621818000000,0.121,1990
1621904400000,0.119,2017
1621990800000,0.124,2288
1622077200000,0.123,2208
1622163600000,0.123,2459
1622250000000,0.125,2488
1622336400000,0.125,2286
1622422800000,0.129,2073
1622509200000,0.126,1763
1622595600000,0.125,1943
1622682000000,0.126,2132
1622768400000,0.122,2329
1622854800000,0.121,2204
1622941200000,0.116,2037
1623027600000,0.114,2194
1623114000000,0.116,1852
1623200400000,0.114,1863
1623286800000,0.119,2027
1623373200000,0.113,1922
1623459600000,0.121,2497
1623546000000,0.12,1806
1623632400000,0.116,1695
1623718800000,0.116,1777
1623805200000,0.114,1658
1623891600000,0.113,1689
1623978000000,0.111,1611
1624064400000,0.111,1672
1624150800000,0.11,1635
1624237200000,0.109,1624
1624323600000,0.109,1640
1624410000000,0.104,1677
1624496400000,0.1,1991
1624582800000,0.092,2426
1624669200000,0.092,2049
1624755600000,0.091,1763
1624842000000,0.089,1809
1624928400000,0.086,2011
1625014800000,0.087,1725
1625101200000,0.086,1424
1625187600000,0.086,1772
1625274000000,0.088,1604
1625360400000,0.083,1614
1625446800000,0.081,1723
1625533200000,0.081,1926
1625619600000,0.079,1873
1625706000000,0.078,2068
1625792400000,0.079,1431
1625878800000,0.079,1340
1625965200000,0.078,1350
1626051600000,0.079,1604
1626138000000,0.079,1719
1626224400000,0.078,1699
1626310800000,0.076,2122
1626397200000,0.075,1777
1626483600000,0.075,1800
1626570000000,0.078,1471
1626656400000,0.078,1451
1626742800000,0.077,1588
1626829200000,0.076,1531
1626915600000,0.076,1687
1627002000000,0.075,1473
1627088400000,0.076,1463
1627174800000,0.078,1562
1627261200000,0.078,1608
1627347600000,0.08,809
1627434000000,0.078,1658
1627520400000,0.077,1589
1627606800000,0.078,1536
1627693200000,0.078,1391
1627779600000,0.078,1426
1627866000000,0.078,1484
1627952400000,0.079,1551
1628038800000,0.079,1466
1628125200000,0.079,1204
1628211600000,0.078,1894
1628298000000,0.076,1483
1628384400000,0.077,1394
1628470800000,0.077,1603
1628557200000,0.077,1651
1628643600000,0.075,1668
1628730000000,0.076,1486
1628816400000,0.077,1405
1628902800000,0.075,1333
1628989200000,0.075,1364
1629075600000,0.076,1647
1629162000000,0.075,1574
1629248400000,0.074,1566
1629334800000,0.076,1575
1629421200000,0.075,1495
1629507600000,0.075,1462
1629594000000,0.075,1496
1629680400000,0.074,1504
1629766800000,0.075,1649
1629853200000,0.075,1613
1629939600000,0.076,1569
1630026000000,0.075,1657
1630112400000,0.076,1612
1630198800000,0.075,1526
1630285200000,0.074,1490
1630371600000,0.076,1562
1630458000000,0.075,1461
1630544400000,0.074,1306
1630630800000,0.075,1250
1630717200000,0.076,1516
1630803600000,0.076,1411
1630890000000,0.076,1251
1630976400000,0.077,1263
1631062800000,0.075,1269
1631149200000,0.075,1220
1631235600000,0.072,1506
1631322000000,0.074,1788
1631408400000,0.074,1551
1631494800000,0.071,1425
1631581200000,0.072,1240
1631667600000,0.07,1173
1631754000000,0.07,1390
1631840400000,0.073,1846
1631926800000,0.071,1682
1632013200000,0.072,1589
1632099600000,0.072,1519
1632186000000,0.072,1264
1632272400000,0.067,2620
1632358800000,0.072,3604
1632445200000,0.079,4453
1632531600000,0.094,4648
1632618000000,0.106,2797
1632704400000,0.109,1962
1632790800000,0.114,1866
1632877200000,0.107,1853
1632963600000,0.101,1995
1633050000000,0.106,2341
1633136400000,0.107,2356
1633222800000,0.106,2238
1633309200000,0.107,2147
1633395600000,0.113,2107
1633482000000,0.112,1902
1633568400000,0.111,1767
1633654800000,0.112,1798
1633741200000,0.114,2061
1633827600000,0.115,1823
1633914000000,0.115,1655
1634000400000,0.115,1613
1634086800000,0.112,1584
1634173200000,0.111,1567
1634259600000,0.11,1748
1634346000000,0.111,1872
1634432400000,0.11,1619
1634518800000,0.111,1634
1634605200000,0.112,1312
1634691600000,0.109,1360
1634778000000,0.105,1388
1634864400000,0.096,2032
1634950800000,0.096,1938
1635037200000,0.098,1563
1635123600000,0.095,1742
1635210000000,0.096,1433
1635296400000,0.096,1679
1635382800000,0.095,1684
1635469200000,0.091,1955
1635555600000,0.094,2020
1635642000000,0.092,2142
1635728400000,0.099,2179
1635814800000,0.106,1847
1635901200000,0.103,1919
1635987600000,0.107,1733
1636074000000,0.108,1694
1636160400000,0.111,2053
1636246800000,0.113,1911
1636333200000,0.113,2045
1636419600000,0.118,1609
1636506000000,0.111,1959
1636592400000,0.11,1770
1636678800000,0.111,1719
1636765200000,0.11,1902
1636851600000,0.113,1831
1636938000000,0.116,1502
1637024400000,0.116,1498
1637110800000,0.116,1649
1637197200000,0.116,1756
1637283600000,0.114,1794
1637370000000,0.116,2028
1637456400000,0.119,1924
1637542800000,0.12,1635
1637629200000,0.12,1469
1637715600000,0.116,1759
1637802000000,0.106,2040
1637888400000,0.108,2270
1637974800000,0.109,2304
1638061200000,0.107,2198
1638147600000,0.107,1764
1638234000000,0.1,2342
1638320400000,0.1,2000
1638406800000,0.101,1721
1638493200000,0.103,1849
1638579600000,0.105,1980
1638666000000,0.105,1720
1638752400000,0.106,1464
1638838800000,0.106,1434
1638925200000,0.104,1476
1639011600000,0.106,1613
1639098000000,0.105,1545
1639184400000,0.11,1885
1639270800000,0.106,1731
1639357200000,0.107,1300
1639443600000,0.107,1394
1639530000000,0.104,1482
1639616400000,0.103,1337
1639702800000,0.104,1522
1639789200000,0.102,1544
1639875600000,0.103,1517
1639962000000,0.105,1488
1640048400000,0.105,1191
1640134800000,0.102,1500
1640221200000,0.099,1590
1640307600000,0.099,1813
1640394000000,0.101,1747
1640480400000,0.103,1897
1640566800000,0.102,1709
1640653200000,0.102,1692
1640739600000,0.101,2020
1640826000000,0.099,1764
1640912400000,0.104,1948
1640998800000,0.105,1793
1641085200000,0.105,1807
1641171600000,0.105,1942
1641258000000,0.108,1796
1641344400000,0.106,1952
1641430800000,0.112,1881
1641517200000,0.112,1827
1641603600000,0.116,1790
1641690000000,0.118,1865
1641776400000,0.119,1576
1641862800000,0.125,2366
1641949200000,0.126,1715
1642035600000,0.127,1574
1642122000000,0.129,1698
1642208400000,0.129,1844
1642294800000,0.131,1924
1642381200000,0.131,1752
1642467600000,0.132,1594
1642554000000,0.132,1721
1642640400000,0.135,1822
1642726800000,0.133,2148
1642813200000,0.132,2343
1642899600000,0.135,2358
1642986000000,0.136,2218
1643072400000,0.138,2395
1643158800000,0.133,2598
1643245200000,0.133,2400
1643331600000,0.131,2677
1643418000000,0.131,2755
1643504400000,0.128,2640
1643590800000,0.131,2577
1643677200000,0.133,2423
1643763600000,0.134,2841
1643850000000,0.133,2683
1643936400000,0.138,2440
1644022800000,0.141,2388
1644109200000,0.147,2564
1644195600000,0.149,2283
1644282000000,0.152,2331
1644368400000,0.155,2516
1644454800000,0.16,2365
1644541200000,0.17,2676
1644627600000,0.177,2545
1644714000000,0.179,2310
1644800400000,0.186,2531
1644886800000,0.195,2020
1644973200000,0.193,2215
1645059600000,0.19,1998
1645146000000,0.193,2357
1645232400000,0.188,2495
1645318800000,0.187,2453
1645405200000,0.189,2050
1645491600000,0.194,2464
1645578000000,0.185,2445
1645664400000,0.185,1977
1645750800000,0.191,2164
1645837200000,0.188,2506
1645923600000,0.19,2504
1646010000000,0.194,2220
1646096400000,0.196,2206
1646182800000,0.199,2362
1646269200000,0.195,2339
1646355600000,0.203,2554
1646442000000,0.207,2795
1646528400000,0.209,2892
1646614800000,0.208,2453
1646701200000,0.193,2923
1646787600000,0.185,2592
1646874000000,0.181,3060
1646960400000,0.202,2386
1647046800000,0.2,2923
1647133200000,0.199,2678
1647219600000,0.202,2119
1647306000000,0.204,2181
1647392400000,0.198,2261
1647478800000,0.198,2249
1647565200000,0.207,2384
1647651600000,0.206,2714
1647738000000,0.209,2613
1647824400000,0.21,2290
1647910800000,0.213,2128
1647997200000,0.209,2133
1648083600000,0.213,2474
1648170000000,0.214,2391
1648256400000,0.216,2403
1648342800000,0.217,2370
1648429200000,0.215,2124
1648515600000,0.217,2581
1648602000000,0.222,2099
1648688400000,0.225,2094
1648774800000,0.232,2434
1648861200000,0.239,2728
1648947600000,0.257,2820
1649034000000,0.265,2264
1649120400000,0.274,2010
1649206800000,0.279,2027
1649293200000,0.277,2022
1649379600000,0.274,2100
1649466000000,0.276,2482
1649552400000,0.271,2559
1649638800000,0.266,2100
1649725200000,0.251,1901
1649811600000,0.244,2114
1649898000000,0.241,2053
1649984400000,0.245,2361
1650070800000,0.248,2535
1650157200000,0.246,2272
1650243600000,0.248,2124
1650330000000,0.254,1924
1650416400000,0.244,1825
1650502800000,0.231,1573
1650589200000,0.242,2049
1650675600000,0.241,2119
1650762000000,0.239,2093
1650848400000,0.243,2089
1650934800000,0.241,1696
1651021200000,0.235,1838
1651107600000,0.234,1758
1651194000000,0.236,1848
1651280400000,0.236,2087
1651366800000,0.239,2257
1651453200000,0.238,2166
1651539600000,0.235,1931
1651626000000,0.219,2718
1651712400000,0.219,2044
1651798800000,0.214,2144
1651885200000,0.208,2080
1651971600000,0.211,2204
1652058000000,0.21,1743
1652144400000,0.212,1748
1652230800000,0.205,1959
1652317200000,0.207,1647
1652403600000,0.205,2023
1652490000000,0.206,2121
1652576400000,0.206,2224
1652662800000,0.201,1979
1652749200000,0.199,1733
1652835600000,0.196,1878
1652922000000,0.195,1775
1653008400000,0.192,1880
1653094800000,0.195,2209
1653181200000,0.194,2249
1653267600000,0.196,1994
1653354000000,0.194,1971
1653440400000,0.194,2003
1653526800000,0.191,1973
1653613200000,0.196,2216
1653699600000,0.202,2036
1653786000000,0.199,2215
1653872400000,0.203,2039
1653958800000,0.205,1809
1654045200000,0.21,1945
1654131600000,0.211,1921
1654218000000,0.194,2810
1654304400000,0.192,2353
1654390800000,0.19,2384
1654477200000,0.191,1958
1654563600000,0.193,2108
1654650000000,0.191,1964
1654736400000,0.186,1877
1654822800000,0.188,1872
1654909200000,0.186,1983
1654995600000,0.186,2037
1655082000000,0.184,1834
1655168400000,0.182,2054
1655254800000,0.179,1785
1655341200000,0.173,2565
1655427600000,0.164,2194
1655514000000,0.165,1926
1655600400000,0.165,2033
1655686800000,0.162,2118
1655773200000,0.159,1825
1655859600000,0.155,1719
1655946000000,0.149,1956
1656032400000,0.138,2367
1656118800000,0.128,2271
1656205200000,0.123,2168
1656291600000,0.123,2269
1656378000000,0.122,1956
1656464400000,0.122,2009
1656550800000,0.122,2016
1656637200000,0.122,1999
1656723600000,0.121,2165
1656810000000,0.122,2432
1656896400000,0.123,2270
1656982800000,0.123,2682
1657069200000,0.119,2484
1657155600000,0.123,2114
1657242000000,0.125,1983
1657328400000,0.126,1913
1657414800000,0.127,2122
1657501200000,0.136,1919
1657587600000,0.135,1877
1657674000000,0.147,1818
1657760400000,0.138,2062
1657846800000,0.137,2032
1657933200000,0.138,1934
1658019600000,0.138,2042
1658106000000,0.141,2129
1658192400000,0.14,2163
1658278800000,0.142,2116
1658365200000,0.14,2157
1658451600000,0.135,2001
1658538000000,0.137,1992
1658624400000,0.141,2095
1658710800000,0.147,2221
1658797200000,0.152,2015
1658883600000,0.151,2014
1658970000000,0.152,1985
1659056400000,0.154,2030
1659142800000,0.154,2080
1659229200000,0.161,2182
1659315600000,0.165,2157
1659402000000,0.165,2155
1659488400000,0.163,2249
1659574800000,0.163,2210
1659661200000,0.166,2070
1659747600000,0.171,2062
1659834000000,0.169,2159
1659920400000,0.175,2242
1660006800000,0.18,1155
1660093200000,0.178,2298
1660179600000,0.178,2194
1660266000000,0.179,2144
1660352400000,0.174,2065
1660438800000,0.178,2138
1660525200000,0.178,1972
1660611600000,0.183,2329
1660698000000,0.175,2862
1660784400000,0.174,2377
1660870800000,0.175,2157
1660957200000,0.177,2255
1661043600000,0.174,2276
1661130000000,0.18,2272
1661216400000,0.18,2212
1661302800000,0.175,2317
1661389200000,0.175,2372
1661475600000,0.177,2190
1661562000000,0.184,2265
1661648400000,0.183,2385
1661734800000,0.185,2498
1661821200000,0.189,2476
1661907600000,0.194,2378
1661994000000,0.196,2240
1662080400000,0.198,2610
1662166800000,0.197,2371
1662253200000,0.202,2435
1662339600000,0.205,1971
1662426000000,0.201,1832
1662512400000,0.197,1879
1662598800000,0.197,1999
1662685200000,0.192,2039
1662771600000,0.196,2290
1662858000000,0.196,2279
1662944400000,0.194,1920
1663030800000,0.193,1798
1663117200000,0.185,1996
1663203600000,0.188,1892
1663290000000,0.185,2069
1663376400000,0.183,2546
1663462800000,0.186,2350
1663549200000,0.183,1798
1663635600000,0.184,1761
1663722000000,0.182,1910
1663808400000,0.185,2092
1663894800000,0.181,1919
1663981200000,0.189,2696
1664067600000,0.19,2341
1664154000000,0.191,1873
1664240400000,0.188,1873
1664326800000,0.19,2335
1664413200000,0.194,2140
1664499600000,0.199,2491
1664586000000,0.203,2649
1664672400000,0.212,2642
1664758800000,0.218,2044
1664845200000,0.223,1974
1664931600000,0.223,1933
1665018000000,0.222,1845
1665104400000,0.212,1774
1665190800000,0.214,2076
1665277200000,0.213,2147
1665363600000,0.216,1767
1665450000000,0.208,1845
1665536400000,0.2,1510
1665622800000,0.197,1945
1665709200000,0.189,1443
1665795600000,0.198,2655
1665882000000,0.199,2256
1665968400000,0.2,1721
1666054800000,0.202,1640
1666141200000,0.196,1773
1666227600000,0.199,1803
1666314000000,0.199,2045
1666400400000,0.19,2622
1666486800000,0.193,2293
1666573200000,0.192,1935
1666659600000,0.191,1715
1666746000000,0.182,1948
1666832400000,0.18,1973
1666918800000,0.181,2094
1667005200000,0.185,2476
1667091600000,0.189,2764
1667178000000,0.188,2201
1667264400000,0.189,2077
1667350800000,0.194,2693
1667437200000,0.196,2091
1667523600000,0.201,2418
1667610000000,0.211,2626
1667696400000,0.223,2246
1667782800000,0.222,1778
1667869200000,0.22,1637
1667955600000,0.212,1774
1668042000000,0.212,1775
1668128400000,0.212,2066
1668214800000,0.214,2379
1668301200000,0.214,2383
1668387600000,0.216,1804
1668474000000,0.213,1848
1668560400000,0.211,1915
1668646800000,0.214,1883
1668733200000,0.211,2196
1668819600000,0.197,3145
1668906000000,0.194,2511
1668992400000,0.189,1905
1669078800000,0.19,2030
1669165200000,0.181,2899
1669251600000,0.167,2368
1669338000000,0.156,2451
1669424400000,0.147,2675
1669510800000,0.142,2592
1669597200000,0.142,2088
1669683600000,0.142,2094
1669770000000,0.146,1862
1669856400000,0.15,1787
1669942800000,0.154,2058
1670029200000,0.159,2073
1670115600000,0.163,2174
1670202000000,0.159,1713
1670288400000,0.161,1764
1670374800000,0.16,1949
1670461200000,0.158,1792
1670547600000,0.157,1769
1670634000000,0.158,2037
1670720400000,0.159,2088
1670806800000,0.157,1657
1670893200000,0.156,1481
1670979600000,0.147,1829
1671066000000,0.148,1675
1671152400000,0.147,1845
1671238800000,0.15,2011
1671325200000,0.149,1778
1671411600000,0.149,1694
1671498000000,0.147,1543
1671584400000,0.145,1799
1671670800000,0.143,2031
1671757200000,0.133,2685
1671843600000,0.129,2586
1671930000000,0.129,2425
1672016400000,0.131,2337
1672102800000,0.128,2263
1672189200000,0.126,2508
1672275600000,0.126,2482
1672362000000,0.126,2581
1672448400000,0.126,2158
1672534800000,0.129,2441
1672621200000,0.129,2447
1672707600000,0.129,2379
1672794000000,0.133,2559
1672880400000,0.13,2309
1672966800000,0.136,2324
1673053200000,0.141,2530
1673139600000,0.142,2377
1673226000000,0.145,2154
1673312400000,0.144,2204
1673398800000,0.145,2244
1673485200000,0.146,2094
1673571600000,0.147,2509
1673658000000,0.149,2798
1673744400000,0.15,2641
1673830800000,0.151,2087
1673917200000,0.15,2148
1674003600000,0.147,2164
1674090000000,0.15,2140
1674176400000,0.149,2375
1674262800000,0.149,2960
1674349200000,0.149,2668
1674435600000,0.148,2242
1674522000000,0.147,2160
1674608400000,0.144,2368
1674694800000,0.143,2355
1674781200000,0.149,2604
1674867600000,0.147,2869
1674954000000,0.15,3031
1675040400000,0.148,2379
1675126800000,0.15,2393
1675213200000,0.152,2417
1675299600000,0.153,2350
1675386000000,0.156,2698
1675472400000,0.158,3041
1675558800000,0.156,2882
1675645200000,0.155,2315
1675731600000,0.155,2232
1675818000000,0.157,2373
1675904400000,0.157,2276
1675990800000,0.153,3020
1676077200000,0.153,3414
1676163600000,0.154,3456
1676250000000,0.157,2798
1676336400000,0.153,2590
1676422800000,0.151,2744
1676509200000,0.153,2757
1676595600000,0.149,3055
1676682000000,0.15,3411
1676768400000,0.15,3377
1676854800000,0.151,2555
1676941200000,0.148,2660
1677027600000,0.147,2852
1677114000000,0.149,3151
1677200400000,0.144,3106
1677286800000,0.146,3282
1677373200000,0.145,3369
1677459600000,0.145,2757
1677546000000,0.147,2638
1677632400000,0.145,2840
1677718800000,0.145,2872
1677805200000,0.142,2891
1677891600000,0.14,3187
1677978000000,0.139,3276
1678064400000,0.14,2946
1678150800000,0.139,3469
1678237200000,0.138,3126
1678323600000,0.141,2946
1678410000000,0.142,2975
1678496400000,0.146,3520
1678582800000,0.143,3754
1678669200000,0.143,2900
1678755600000,0.139,2747
1678842000000,0.141,2895
1678928400000,0.138,3283
1679014800000,0.133,4033
1679101200000,0.131,4097
1679187600000,0.129,3821
1679274000000,0.129,3560
1679360400000,0.125,3212
1679446800000,0.125,3715
1679533200000,0.127,4132
1679619600000,0.129,3801
1679706000000,0.134,3893
1679792400000,0.136,4442
1679878800000,0.137,3765
1679965200000,0.137,3798
1680051600000,0.137,3555
1680138000000,0.138,2759
1680224400000,0.142,2573
1680310800000,0.143,3775
1680397200000,0.142,3903
1680483600000,0.14,3654
1680570000000,0.141,2759
1680656400000,0.145,3421
1680742800000,0.145,4165
1680829200000,0.148,3024
1680915600000,0.149,3424
1681002000000,0.149,4221
1681088400000,0.157,3710
1681174800000,0.159,3171
1681261200000,0.161,3545
1681347600000,0.16,2860
1681434000000,0.162,2558
1681520400000,0.164,2439
1681606800000,0.17,2784
1681693200000,0.168,3031
1681779600000,0.169,2323
1681866000000,0.166,2602
1681952400000,0.165,2385
1682010000000,0.164,265
1682013600000,0.16,244
1682017200000,0.159,139
1682020800000,0.164,90
1682024400000,0.163,266
1682028000000,0.16,161
1682031600000,0.155,110
1682035200000,0.163,99
1682038800000,0.153,67
1682042400000,0.153,76
1682046000000,0.16,62
1682049600000,0.162,71
1682053200000,0.16,84
1682056800000,0.169,92
1682060400000,0.167,88
1682064000000,0.16,120
1682067600000,0.16,126
1682071200000,0.154,126
1682074800000,0.156,161
1682078400000,0.16,137
1682082000000,0.165,219
1682085600000,0.165,203
1682089200000,0.164,211
1682092800000,0.161,215
1682096400000,0.161,233
1682100000000,0.163,229
1682103600000,0.163,250
1682107200000,0.164,239
1682110800000,0.165,250
1682114400000,0.162,207
1682118000000,0.159,133
1682121600000,0.158,92
1682125200000,0.159,96
1682128800000,0.16,72
1682132400000,0.163,75
1682136000000,0.17,68
1682139600000,0.169,70
1682143200000,0.161,61
1682146800000,0.162,105
1682150400000,0.16,122
1682154000000,0.162,145
1682157600000,0.167,218
1682161200000,0.164,215
1682164800000,0.159,187
1682168400000,0.167,186
1682172000000,0.164,221
1682175600000,0.158,189
1682179200000,0.162,201
1682182800000,0.165,215
1682186400000,0.165,242
1682190000000,0.165,269
1682193600000,0.16,231
1682197200000,0.164,242
1682200800000,0.159,176
1682204400000,0.162,148
1682208000000,0.157,103
1682211600000,0.159,88
1682215200000,0.162,63
1682218800000,0.16,72
1682222400000,0.16,87
1682226000000,0.167,79
1682229600000,0.16,60
1682233200000,0.164,90
1682236800000,0.165,115
1682240400000,0.165,155
1682244000000,0.171,149
1682247600000,0.162,203
1682251200000,0.159,208
1682254800000,0.17,172
1682258400000,0.164,181
1682262000000,0.161,198
1682265600000,0.164,196
1682269200000,0.164,206
1682272800000,0.164,243
1682276400000,0.165,215
1682280000000,0.159,220
1682283600000,0.159,189
1682287200000,0.157,129
1682290800000,0.158,126
1682294400000,0.155,55
1682298000000,0.156,50
1682301600000,0.166,57
1682305200000,0.16,59
1682308800000,0.158,58
1682312400000,0.162,73
1682316000000,0.155,66
1682319600000,0.16,86
1682323200000,0.159,79
1682326800000,0.159,103
1682330400000,0.159,111
1682334000000,0.16,122
1682337600000,0.159,148
1682341200000,0.16,189
1682344800000,0.158,212
1682348400000,0.164,214
1682352000000,0.164,222
1682355600000,0.165,230
1682359200000,0.164,249
1682362800000,0.159,226
1682366400000,0.162,227
1682370000000,0.156,185
1682373600000,0.155,125
1682377200000,0.156,118
1682380800000,0.167,86
1682384400000,0.159,91
1682388000000,0.153,138
1682391600000,0.154,110
1682395200000,0.159,116
1682398800000,0.162,172
1682402400000,0.17,279
1682406000000,0.174,494
1682409600000,0.175,323
1682413200000,0.165,220
1682416800000,0.166,325
1682420400000,0.167,285
1682424000000,0.163,292
1682427600000,0.165,362
1682431200000,0.163,338
1682434800000,0.162,396
1682438400000,0.162,353
1682442000000,0.16,350
1682445600000,0.159,351
1682449200000,0.157,309
1682452800000,0.157,253
1682456400000,0.156,211
1682460000000,0.154,160
1682463600000,0.152,62
1682467200000,0.161,187
1682470800000,0.159,121
1682474400000,0.156,75
1682478000000,0.16,72
1682481600000,0.16,67
1682485200000,0.16,89
1682488800000,0.169,68
1682492400000,0.165,89
1682496000000,0.17,225
1682499600000,0.17,122
1682503200000,0.168,166
1682506800000,0.156,144
1682510400000,0.162,188
1682514000000,0.165,215
1682517600000,0.163,201
1682521200000,0.16,204
1682524800000,0.164,189
1682528400000,0.162,206
1682532000000,0.16,201
1682535600000,0.159,246
1682539200000,0.156,209
1682542800000,0.156,200
1682546400000,0.154,134
1682550000000,0.155,108
1682553600000,0.154,62
1682557200000,0.155,50
1682560800000,0.158,46
1682564400000,0.155,45
1682568000000,0.159,63
1682571600000,0.154,53
1682575200000,0.159,63
1682578800000,0.161,76
1682582400000,0.154,74
1682586000000,0.154,93
1682589600000,0.157,102
1682593200000,0.16,123
1682596800000,0.16,119
1682600400000,0.166,154
1682604000000,0.161,172
1682607600000,0.161,177
1682611200000,0.161,224
1682614800000,0.16,215
1682618400000,0.156,196
1682622000000,0.157,253
1682625600000,0.154,201
1682629200000,0.155,205
1682632800000,0.155,124
1682636400000,0.154,100
1682640000000,0.153,93
1682643600000,0.152,91
1682647200000,0.156,76
1682650800000,0.169,86
1682654400000,0.164,42
1682658000000,0.16,55
1682661600000,0.172,102
1682665200000,0.16,71
1682668800000,0.16,106
1682672400000,0.171,106
1682676000000,0.16,100
1682679600000,0.156,138
1682683200000,0.155,140
1682686800000,0.158,132
1682690400000,0.154,181
1682694000000,0.17,216
1682697600000,0.159,193
1682701200000,0.16,203
1682704800000,0.16,205
1682708400000,0.159,202
1682712000000,0.16,225
1682715600000,0.159,195
1682719200000,0.161,161
1682722800000,0.161,97
1682726400000,0.155,109
1682730000000,0.161,86
1682733600000,0.16,63
1682737200000,0.16,79
1682740800000,0.16,52
1682744400000,0.163,76
1682748000000,0.17,92
1682751600000,0.16,101
1682755200000,0.161,119
1682758800000,0.16,135
1682762400000,0.166,197
1682766000000,0.16,155
1682769600000,0.165,202
1682773200000,0.16,178
1682776800000,0.16,195
1682780400000,0.16,161
1682784000000,0.16,228
1682787600000,0.162,167
1682791200000,0.163,205
1682794800000,0.162,217
1682798400000,0.16,216
1682802000000,0.162,163
1682805600000,0.164,162
1682809200000,0.16,118
1682812800000,0.164,93
1682816400000,0.161,73
1682820000000,0.157,68
1682823600000,0.159,58
1682827200000,0.162,50
1682830800000,0.157,61
1682834400000,0.16,52
1682838000000,0.159,81
1682841600000,0.16,104
1682845200000,0.15,123
1682848800000,0.151,133
1682852400000,0.15,151
1682856000000,0.151,153
1682859600000,0.15,170
1682863200000,0.15,140
1682866800000,0.15,187
1682870400000,0.151,193
1682874000000,0.152,204
1682877600000,0.161,214
1682881200000,0.15,220
1682884800000,0.151,252
1682888400000,0.152,199
1682892000000,0.152,131
1682895600000,0.15,134
1682899200000,0.15,95
1682902800000,0.15,59
1682906400000,0.15,61
1682910000000,0.15,67
1682913600000,0.157,62
1682917200000,0.159,54
1682920800000,0.154,68
1682924400000,0.154,68
1682928000000,0.151,101
1682931600000,0.159,119
1682935200000,0.159,160
1682938800000,0.155,167
1682942400000,0.151,169
1682946000000,0.153,166
1682949600000,0.156,148
1682953200000,0.162,201
1682956800000,0.154,204
1682960400000,0.154,192
1682964000000,0.151,179
1682967600000,0.16,178
1682971200000,0.154,180
1682974800000,0.151,178
1682978400000,0.154,127
1682982000000,0.154,104
1682985600000,0.153,62
1682989200000,0.152,66
1682992800000,0.15,67
1682996400000,0.15,55
1683000000000,0.151,52
1683003600000,0.152,55
1683007200000,0.16,77
1683010800000,0.158,81
1683014400000,0.15,90
1683018000000,0.153,109
1683021600000,0.16,129
1683025200000,0.162,135
1683028800000,0.163,140
1683032400000,0.16,150
1683036000000,0.162,197
1683039600000,0.16,164
1683043200000,0.16,166
1683046800000,0.153,182
1683050400000,0.152,210
1683054000000,0.153,191
1683057600000,0.152,158
1683061200000,0.153,173
1683064800000,0.145,107
1683068400000,0.145,84
1683072000000,0.145,62
1683075600000,0.159,53
1683079200000,0.149,38
1683082800000,0.146,48
1683086400000,0.15,42
1683090000000,0.15,43
1683093600000,0.153,66
1683097200000,0.162,64
1683100800000,0.152,86
1683104400000,0.156,69
1683108000000,0.155,90
1683111600000,0.155,97
1683115200000,0.15,125
1683118800000,0.153,144
1683122400000,0.151,159
1683126000000,0.153,128
1683129600000,0.151,156
1683133200000,0.152,166
1683136800000,0.153,179
1683140400000,0.153,208
1683144000000,0.155,212
1683147600000,0.151,180
1683151200000,0.152,124
1683154800000,0.149,78
1683158400000,0.15,56
1683162000000,0.153,43
1683165600000,0.15,42
1683169200000,0.15,48
1683172800000,0.151,26
1683176400000,0.153,47
1683180000000,0.151,51
1683183600000,0.154,48
1683187200000,0.159,89
1683190800000,0.15,75
1683194400000,0.16,104
1683198000000,0.159,85
1683201600000,0.161,115
1683205200000,0.152,117
1683208800000,0.152,140
1683212400000,0.151,149
1683216000000,0.156,159
1683219600000,0.155,202
1683223200000,0.155,162
1683226800000,0.154,186
1683230400000,0.153,174
1683234000000,0.152,135
1683237600000,0.15,111
1683241200000,0.15,79
1683244800000,0.141,39
1683248400000,0.15,120
1683252000000,0.15,63
1683255600000,0.15,76
1683259200000,0.15,57
1683262800000,0.15,109
1683266400000,0.15,73
1683270000000,0.15,106
1683273600000,0.151,112
1683277200000,0.149,132
1683280800000,0.149,144
1683284400000,0.148,163
1683288000000,0.149,154
1683291600000,0.15,174
1683295200000,0.15,113
1683298800000,0.152,82
1683302400000,0.15,158
1683306000000,0.149,230
1683309600000,0.143,179
1683313200000,0.146,237
1683316800000,0.143,220
1683320400000,0.142,183
1683324000000,0.141,160
1683327600000,0.14,110
1683331200000,0.141,87
1683334800000,0.14,69
1683338400000,0.146,68
1683342000000,0.146,55
1683345600000,0.141,59
1683349200000,0.141,71
1683352800000,0.141,76
1683356400000,0.141,92
1683360000000,0.141,111
1683363600000,0.147,156
1683367200000,0.141,130
1683370800000,0.141,180
1683374400000,0.141,201
1683378000000,0.143,187
1683381600000,0.146,182
1683385200000,0.144,138
1683388800000,0.148,241
1683392400000,0.146,236
1683396000000,0.144,218
1683399600000,0.143,242
1683403200000,0.144,246
1683406800000,0.143,206
1683410400000,0.143,190
1683414000000,0.145,174
1683417600000,0.143,103
1683421200000,0.142,76
1683424800000,0.14,45
1683428400000,0.144,57
1683432000000,0.14,54
1683435600000,0.141,76
1683439200000,0.141,81
1683442800000,0.146,237
1683446400000,0.141,106
1683450000000,0.146,152
1683453600000,0.141,154
1683457200000,0.143,160
1683460800000,0.143,224
1683464400000,0.144,244
1683468000000,0.141,184
1683471600000,0.141,229
1683475200000,0.146,282
1683478800000,0.144,201
1683482400000,0.144,223
1683486000000,0.146,265
1683489600000,0.146,214
1683493200000,0.145,206
1683496800000,0.144,138
1683500400000,0.144,134
1683504000000,0.144,107
1683507600000,0.139,60
1683511200000,0.14,56
1683514800000,0.146,56
1683518400000,0.149,193
1683522000000,0.14,45
1683525600000,0.146,66
1683529200000,0.147,97
1683532800000,0.14,82
1683536400000,0.14,77
1683540000000,0.142,122
1683543600000,0.14,131
1683547200000,0.143,151
1683550800000,0.144,181
1683554400000,0.148,218
1683558000000,0.149,207
1683561600000,0.14,168
1683565200000,0.141,171
1683568800000,0.146,198
1683572400000,0.142,177
1683576000000,0.145,179
1683579600000,0.142,120
1683583200000,0.14,116
1683586800000,0.14,79
1683590400000,0.14,81
1683594000000,0.146,102
1683597600000,0.144,102
1683601200000,0.144,47
1683604800000,0.146,52
1683608400000,0.146,86
1683612000000,0.146,90
1683615600000,0.146,91
1683619200000,0.146,149
1683622800000,0.146,173
1683626400000,0.144,125
1683630000000,0.146,208
1683633600000,0.146,235
1683637200000,0.147,164
1683640800000,0.141,151
1683644400000,0.142,150
1683648000000,0.15,218
1683651600000,0.15,216
1683655200000,0.149,149
1683658800000,0.145,182
1683662400000,0.146,171
1683666000000,0.144,121
1683669600000,0.148,109
1683673200000,0.143,55
1683676800000,0.143,83
1683680400000,0.14,63
1683684000000,0.141,58
1683687600000,0.146,56
1683691200000,0.148,46
1683694800000,0.148,116
1683698400000,0.149,75
1683702000000,0.148,57
1683705600000,0.149,107
1683709200000,0.143,85
1683712800000,0.139,80
1683716400000,0.14,81
1683720000000,0.141,107
1683723600000,0.15,334
1683727200000,0.15,166
1683730800000,0.15,181
1683734400000,0.152,199
1683738000000,0.151,146
1683741600000,0.15,172
1683745200000,0.15,211
1683748800000,0.15,177
1683752400000,0.15,152
1683756000000,0.141,111
1683759600000,0.141,73
1683763200000,0.146,74
1683766800000,0.139,46
1683770400000,0.15,111
1683774000000,0.151,80
1683777600000,0.152,286
1683781200000,0.152,68
1683784800000,0.151,42
1683788400000,0.152,79
1683792000000,0.152,77
1683795600000,0.152,111
1683799200000,0.152,96
1683802800000,0.153,132
1683806400000,0.151,123
1683810000000,0.151,169
1683813600000,0.151,160
1683817200000,0.15,142
1683820800000,0.15,140
1683824400000,0.151,150
1683828000000,0.15,151
1683831600000,0.15,167
1683835200000,0.15,173
1683838800000,0.15,140
1683842400000,0.14,122
1683846000000,0.15,80
1683849600000,0.145,66
1683853200000,0.149,47
1683856800000,0.143,25
1683860400000,0.144,41
1683864000000,0.151,27
1683867600000,0.141,25
1683871200000,0.142,41
1683874800000,0.148,62
1683878400000,0.143,59
1683882000000,0.15,83
1683885600000,0.148,79
1683889200000,0.143,77
1683892800000,0.145,106
1683896400000,0.149,140
1683900000000,0.149,136
1683903600000,0.145,149
1683907200000,0.15,132
1683910800000,0.148,147
1683914400000,0.15,163
1683918000000,0.15,180
1683921600000,0.15,158
1683925200000,0.15,183
1683928800000,0.144,106
1683932400000,0.144,84
1683936000000,0.14,66
1683939600000,0.139,58
1683943200000,0.142,40
1683946800000,0.154,93
1683950400000,0.154,73
1683954000000,0.152,88
1683957600000,0.154,69
1683961200000,0.155,137
1683964800000,0.15,99
1683968400000,0.15,150
1683972000000,0.15,116
1683975600000,0.15,129
1683979200000,0.15,157
1683982800000,0.152,171
1683986400000,0.151,139
1683990000000,0.15,127
1683993600000,0.15,135
1683997200000,0.149,128
1684000800000,0.147,126
1684004400000,0.15,153
1684008000000,0.15,162
1684011600000,0.151,156
1684015200000,0.141,132
1684018800000,0.149,71
1684022400000,0.14,73
1684026000000,0.149,85
1684029600000,0.14,44
1684033200000,0.146,45
1684036800000,0.145,47
1684040400000,0.154,87
1684044000000,0.15,75
1684047600000,0.153,72
1684051200000,0.143,90
1684054800000,0.141,98
1684058400000,0.143,110
1684062000000,0.141,110
1684065600000,0.145,175
1684069200000,0.149,181
1684072800000,0.147,159
1684076400000,0.141,147
1684080000000,0.141,156
1684083600000,0.141,155
1684087200000,0.141,154
1684090800000,0.141,150
1684094400000,0.145,170
1684098000000,0.142,125
1684101600000,0.142,112
1684105200000,0.14,92
1684108800000,0.14,55
1684112400000,0.14,38
1684116000000,0.14,52
1684119600000,0.142,37
1684123200000,0.14,58
1684126800000,0.14,70
1684130400000,0.14,40
1684134000000,0.141,50
1684137600000,0.141,52
1684141200000,0.141,63
1684144800000,0.147,69
1684148400000,0.149,84
1684152000000,0.148,83
1684155600000,0.141,117
1684159200000,0.148,144
1684162800000,0.14,137
1684166400000,0.141,131
1684170000000,0.148,187
1684173600000,0.146,152
1684177200000,0.142,173
1684180800000,0.139,147
1684184400000,0.14,144
1684188000000,0.138,109
1684191600000,0.142,77
1684195200000,0.14,54
1684198800000,0.144,72
1684202400000,0.139,38
1684206000000,0.144,43
1684209600000,0.145,54
1684213200000,0.139,42
1684216800000,0.141,35
1684220400000,0.142,58
1684224000000,0.14,51
1684227600000,0.138,60
1684231200000,0.139,66
1684234800000,0.14,80
1684238400000,0.139,89
1684242000000,0.144,132
1684245600000,0.144,130
1684249200000,0.139,158
1684252800000,0.14,176
1684256400000,0.142,156
1684260000000,0.142,175
1684263600000,0.14,143
1684267200000,0.141,134
1684270800000,0.138,99
1684274400000,0.143,93
1684278000000,0.146,64
1684281600000,0.138,68
1684285200000,0.137,29
1684288800000,0.14,40
1684292400000,0.138,33
1684296000000,0.139,39
1684299600000,0.142,48
1684303200000,0.142,46
1684306800000,0.142,72
1684310400000,0.149,108
1684314000000,0.139,88
1684317600000,0.142,95
1684321200000,0.139,101
1684324800000,0.139,109
1684328400000,0.139,143
1684332000000,0.139,150
1684335600000,0.139,133
1684339200000,0.139,137
1684342800000,0.139,144
1684346400000,0.14,210
1684350000000,0.139,190
1684353600000,0.137,173
1684357200000,0.139,137
1684360800000,0.139,107
1684364400000,0.139,85
1684368000000,0.139,57
1684371600000,0.139,35
1684375200000,0.143,57
1684378800000,0.14,27
1684382400000,0.144,47
1684386000000,0.144,69
1684389600000,0.143,37
1684393200000,0.139,50
1684396800000,0.139,60
1684400400000,0.146,98
1684404000000,0.139,93
1684407600000,0.141,97
1684411200000,0.139,117
1684414800000,0.139,116
1684418400000,0.14,121
1684422000000,0.14,100
1684425600000,0.143,162
1684429200000,0.14,180
1684432800000,0.14,239
1684436400000,0.14,294
1684440000000,0.14,167
1684443600000,0.143,155
1684447200000,0.14,116
1684450800000,0.14,94
1684454400000,0.14,61
1684458000000,0.14,47
1684461600000,0.14,40
1684465200000,0.141,27
1684468800000,0.147,33
1684472400000,0.138,44
1684476000000,0.147,48
1684479600000,0.139,31
1684483200000,0.142,44
1684486800000,0.141,74
1684490400000,0.142,89
1684494000000,0.137,94
1684497600000,0.142,128
1684501200000,0.14,105
1684504800000,0.139,121
1684508400000,0.139,152
1684512000000,0.136,157
1684515600000,0.137,152
1684519200000,0.136,162
1684522800000,0.134,148
1684526400000,0.136,160
1684530000000,0.131,137
1684533600000,0.133,121
1684537200000,0.131,117
1684540800000,0.132,92
1684544400000,0.129,60
1684548000000,0.133,75
1684551600000,0.131,57
1684555200000,0.137,70
1684558800000,0.138,44
1684562400000,0.135,60
1684566000000,0.138,89
1684569600000,0.137,89
1684573200000,0.137,98
1684576800000,0.136,127
1684580400000,0.131,114
1684584000000,0.132,127
1684587600000,0.137,168
1684591200000,0.136,113
1684594800000,0.14,144
