timestamp,price_dollar,sells
1385600400000,3.242,22
1385686800000,1.995,66
1385773200000,1.657,90
1385859600000,1.448,97
1385946000000,1.499,77
1386032400000,1.15,80
1386118800000,0.99,97
1386205200000,1.025,74
1386291600000,0.979,89
1386378000000,0.835,117
1386464400000,0.762,128
1386550800000,0.828,97
1386637200000,0.654,112
1386723600000,0.765,100
1386810000000,0.711,96
1386896400000,0.689,90
1386982800000,0.659,136
1387069200000,0.655,111
1387155600000,0.61,113
1387242000000,0.515,84
1387328400000,0.499,91
1387414800000,0.416,99
1387501200000,0.341,159
1387587600000,0.349,155
1387674000000,0.347,174
1387760400000,0.347,163
1387846800000,0.323,158
1387933200000,0.318,100
1388019600000,0.379,180
1388106000000,0.372,156
1388192400000,0.364,190
1388278800000,0.346,167
1388365200000,0.327,209
1388451600000,0.331,146
1388538000000,0.357,169
1388624400000,0.299,193
1388710800000,0.323,168
1388797200000,0.407,257
1388883600000,0.42,239
1388970000000,0.404,210
1389056400000,0.38,179
1389142800000,0.403,208
1389229200000,0.402,201
1389315600000,0.366,190
1389402000000,0.377,216
1389488400000,0.324,238
1389574800000,0.289,194
1389661200000,0.275,206
1389747600000,0.314,183
1389834000000,0.292,175
1389920400000,0.286,207
1390006800000,0.299,251
1390093200000,0.289,262
1390179600000,0.291,226
1390266000000,0.261,211
1390352400000,0.297,210
1390438800000,0.269,208
1390525200000,0.266,185
1390611600000,0.257,223
1390698000000,0.234,281
1390784400000,0.211,232
1390870800000,0.205,249
1390957200000,0.197,253
1391043600000,0.195,235
1391130000000,0.201,286
1391216400000,0.198,322
1391302800000,0.188,347
1391389200000,0.19,241
1391475600000,0.167,239
1391562000000,0.17,255
1391648400000,0.179,236
1391734800000,0.174,279
1391821200000,0.176,326
1391907600000,0.159,314
1391994000000,0.141,208
1392080400000,0.143,234
1392166800000,0.124,257
1392253200000,0.118,204
1392339600000,0.12,291
1392426000000,0.12,368
1392512400000,0.124,347
1392598800000,0.128,274
1392685200000,0.13,262
1392771600000,0.119,223
1392858000000,0.115,242
1392944400000,0.099,299
1393030800000,0.103,336
1393117200000,0.109,357
1393203600000,0.119,310
1393290000000,0.121,293
1393376400000,0.123,274
1393462800000,0.13,282
1393549200000,0.13,299
1393635600000,0.123,394
1393722000000,0.127,436
1393808400000,0.132,362
1393894800000,0.14,320
1393981200000,0.136,257
1394067600000,0.151,326
1394154000000,0.145,430
1394240400000,0.153,485
1394326800000,0.165,570
1394413200000,0.18,369
1394499600000,0.163,287
1394586000000,0.154,329
1394672400000,0.189,305
1394758800000,0.22,381
1394845200000,0.174,613
1394931600000,0.151,599
1395018000000,0.15,419
1395104400000,0.169,469
1395190800000,0.197,439
1395277200000,0.196,453
1395363600000,0.189,501
1395450000000,0.211,646
1395536400000,0.215,531
1395622800000,0.195,454
1395709200000,0.203,370
1395795600000,0.209,423
1395882000000,0.211,384
1395968400000,0.209,461
1396054800000,0.193,529
1396141200000,0.183,544
1396227600000,0.189,469
1396314000000,0.209,333
1396400400000,0.196,406
1396486800000,0.189,459
1396573200000,0.179,445
1396659600000,0.193,562
1396746000000,0.2,603
1396832400000,0.203,506
1396918800000,0.22,399
1397005200000,0.203,408
1397091600000,0.205,521
1397178000000,0.205,453
1397264400000,0.211,691
1397350800000,0.238,678
1397437200000,0.238,650
1397523600000,0.249,612
1397610000000,0.24,536
1397696400000,0.238,569
1397782800000,0.233,598
1397869200000,0.247,647
1397955600000,0.244,656
1398042000000,0.231,638
1398128400000,0.255,544
1398214800000,0.231,437
1398301200000,0.212,453
1398387600000,0.214,525
1398474000000,0.216,655
1398560400000,0.209,652
1398646800000,0.205,528
1398733200000,0.214,461
1398819600000,0.21,505
1398906000000,0.205,546
1398992400000,0.194,465
1399078800000,0.189,699
1399165200000,0.191,846
1399251600000,0.194,615
1399338000000,0.183,584
1399424400000,0.18,591
1399510800000,0.174,652
1399597200000,0.158,680
1399683600000,0.154,790
1399770000000,0.145,685
1399856400000,0.135,551
1399942800000,0.139,665
1400029200000,0.14,616
1400115600000,0.14,720
1400202000000,0.139,729
1400288400000,0.135,864
1400374800000,0.141,926
1400461200000,0.142,658
1400547600000,0.142,680
1400634000000,0.14,691
1400720400000,0.13,599
1400806800000,0.13,841
1400893200000,0.129,900
1400979600000,0.143,895
1401066000000,0.143,710
1401152400000,0.145,759
1401238800000,0.136,760
1401325200000,0.135,728
1401411600000,0.132,708
1401498000000,0.131,770
1401584400000,0.126,742
1401670800000,0.117,770
1401757200000,0.121,683
1401843600000,0.116,635
1401930000000,0.118,752
1402016400000,0.12,765
1402102800000,0.12,793
1402189200000,0.116,832
1402275600000,0.114,770
1402362000000,0.112,711
1402448400000,0.116,772
1402534800000,0.12,776
1402621200000,0.123,861
1402707600000,0.123,882
1402794000000,0.121,974
1402880400000,0.121,911
1402966800000,0.109,890
1403053200000,0.108,789
1403139600000,0.104,864
1403226000000,0.086,893
1403312400000,0.083,864
1403398800000,0.083,788
1403485200000,0.075,813
1403571600000,0.077,824
1403658000000,0.08,861
1403744400000,0.087,939
1403830800000,0.095,971
1403917200000,0.097,948
1404003600000,0.101,1081
1404090000000,0.098,1029
1404176400000,0.114,968
1404262800000,0.086,944
1404349200000,0.095,961
1404435600000,0.099,918
1404522000000,0.111,915
1404608400000,0.12,948
1404694800000,0.12,933
1404781200000,0.119,890
1404867600000,0.122,959
1404954000000,0.122,1002
1405040400000,0.118,1023
1405126800000,0.123,1024
1405213200000,0.133,1086
1405299600000,0.127,1028
1405386000000,0.135,1111
1405472400000,0.139,1102
1405558800000,0.13,995
1405645200000,0.12,1019
1405731600000,0.125,1037
1405818000000,0.122,1086
1405904400000,0.129,1067
1405990800000,0.12,1033
1406077200000,0.133,1107
1406163600000,0.14,1071
1406250000000,0.138,1111
1406336400000,0.132,1103
1406422800000,0.138,1096
1406509200000,0.134,1195
1406595600000,0.141,1177
1406682000000,0.147,1093
1406768400000,0.145,1223
1406854800000,0.143,1279
1406941200000,0.15,1321
1407027600000,0.149,1366
1407114000000,0.151,1336
1407200400000,0.126,1414
1407286800000,0.129,1258
1407373200000,0.145,1305
1407459600000,0.142,1183
1407546000000,0.142,1280
1407632400000,0.143,1177
1407718800000,0.143,1327
1407805200000,0.151,1203
1407891600000,0.154,1298
1407978000000,0.154,1296
1408064400000,0.149,1451
1408150800000,0.152,1582
1408237200000,0.105,1656
1408323600000,0.112,1374
1408410000000,0.133,1337
1408496400000,0.145,1388
1408582800000,0.157,1372
1408669200000,0.157,1316
1408755600000,0.154,1519
1408842000000,0.161,1426
1408928400000,0.157,1443
1409014800000,0.167,1429
1409101200000,0.169,1371
1409187600000,0.173,1465
1409274000000,0.173,1562
1409360400000,0.175,1701
1409446800000,0.176,1535
1409533200000,0.18,1482
1409619600000,0.177,1345
1409706000000,0.187,1260
1409792400000,0.183,1217
1409878800000,0.161,1413
1409965200000,0.172,1724
1410051600000,0.172,1677
1410138000000,0.177,1244
1410224400000,0.174,1260
1410310800000,0.178,1240
1410397200000,0.163,1365
1410483600000,0.129,1581
1410570000000,0.137,1697
1410656400000,0.14,1592
1410742800000,0.135,1247
1410829200000,0.14,1308
1410915600000,0.137,1280
1411002000000,0.139,1307
1411088400000,0.129,1348
1411174800000,0.128,1718
1411261200000,0.137,1576
1411347600000,0.132,1193
1411434000000,0.128,1152
1411520400000,0.127,1178
1411606800000,0.134,1213
1411693200000,0.13,1361
1411779600000,0.126,1722
1411866000000,0.14,1584
1411952400000,0.133,1197
1412038800000,0.129,1144
1412125200000,0.135,1340
1412211600000,0.131,1314
1412298000000,0.138,1542
1412384400000,0.145,1853
1412470800000,0.15,1898
1412557200000,0.144,1304
1412643600000,0.148,1248
1412730000000,0.137,1319
1412816400000,0.135,1425
1412902800000,0.128,1559
1412989200000,0.132,1850
1413075600000,0.135,1816
1413162000000,0.123,1475
1413248400000,0.137,1431
1413334800000,0.13,1292
1413421200000,0.128,1320
1413507600000,0.121,1473
1413594000000,0.123,1826
1413680400000,0.117,1728
1413766800000,0.108,1275
1413853200000,0.113,1245
1413939600000,0.123,1400
1414026000000,0.131,1420
1414112400000,0.132,1532
1414198800000,0.13,1763
1414285200000,0.112,2105
1414371600000,0.108,1375
1414458000000,0.113,1463
1414544400000,0.115,1411
1414630800000,0.133,1381
1414717200000,0.107,1748
1414803600000,0.109,2014
1414890000000,0.112,2044
1414976400000,0.111,1478
1415062800000,0.113,1435
1415149200000,0.117,1356
1415235600000,0.119,1460
1415322000000,0.117,1642
1415408400000,0.123,2082
1415494800000,0.115,1937
1415581200000,0.12,1428
1415667600000,0.107,1433
1415754000000,0.073,1609
1415840400000,0.066,1629
1415926800000,0.069,1628
1416013200000,0.077,1831
1416099600000,0.075,1825
1416186000000,0.077,1322
1416272400000,0.079,1180
1416358800000,0.075,1164
1416445200000,0.074,1034
1416531600000,0.071,1372
1416618000000,0.075,1808
1416704400000,0.076,1694
1416790800000,0.062,1225
1416877200000,0.068,1071
1416963600000,0.071,1183
1417050000000,0.071,1508
1417136400000,0.07,1719
1417222800000,0.089,410
1417309200000,0.065,2260
1417395600000,0.056,1534
1417482000000,0.059,1459
1417568400000,0.069,1539
1417654800000,0.072,1380
1417741200000,0.082,1453
1417827600000,0.083,2009
1417914000000,0.082,1871
1418000400000,0.08,1466
1418086800000,0.08,1214
1418173200000,0.082,1444
1418259600000,0.087,1667
1418346000000,0.085,1811
1418432400000,0.083,2134
1418518800000,0.083,2061
1418605200000,0.078,1648
1418691600000,0.07,1569
1418778000000,0.086,1633
1418864400000,0.081,1332
1418950800000,0.078,1674
1419037200000,0.074,1728
1419123600000,0.069,1822
1419210000000,0.071,1688
1419296400000,0.077,1479
1419382800000,0.071,1495
1419469200000,0.078,1587
1419555600000,0.082,1843
1419642000000,0.082,2206
1419728400000,0.086,2285
1419814800000,0.084,2266
1419901200000,0.085,2402
1419987600000,0.086,2019
1420074000000,0.086,1894
1420160400000,0.086,2638
1420246800000,0.094,2530
1420333200000,0.096,2410
1420419600000,0.092,2313
1420506000000,0.092,2228
1420592400000,0.092,1986
1420678800000,0.091,2288
1420765200000,0.095,2957
1420851600000,0.1,3110
1420938000000,0.096,2764
1421024400000,0.092,2310
1421110800000,0.094,2439
1421197200000,0.097,2405
1421283600000,0.1,2335
1421370000000,0.099,2923
1421456400000,0.099,2972
1421542800000,0.103,3435
1421629200000,0.101,2514
1421715600000,0.094,2443
1421802000000,0.101,2524
1421888400000,0.101,2469
1421974800000,0.101,2707
1422061200000,0.102,3000
1422147600000,0.098,3208
1422234000000,0.096,2686
1422320400000,0.095,2457
1422406800000,0.099,2450
1422493200000,0.094,2590
1422579600000,0.094,3124
1422666000000,0.098,3426
1422752400000,0.092,3726
1422838800000,0.093,2708
1422925200000,0.099,2520
1423011600000,0.098,2282
1423098000000,0.098,2748
1423184400000,0.093,2797
1423270800000,0.096,3381
1423357200000,0.094,3451
1423443600000,0.093,2429
1423530000000,0.097,2481
1423616400000,0.093,2561
1423702800000,0.092,2522
1423789200000,0.087,3076
1423875600000,0.09,3307
1423962000000,0.089,3374
1424048400000,0.086,2678
1424134800000,0.088,2558
1424221200000,0.088,2367
1424307600000,0.086,2701
1424394000000,0.091,2952
1424480400000,0.09,2948
1424566800000,0.092,3236
1424653200000,0.088,2451
1424739600000,0.09,2199
1424826000000,0.091,2255
1424912400000,0.094,2335
1424998800000,0.089,3011
1425085200000,0.091,3266
1425171600000,0.086,2912
1425258000000,0.084,2333
1425344400000,0.086,2329
1425430800000,0.082,2073
1425517200000,0.081,2468
1425603600000,0.082,2726
1425690000000,0.082,3378
1425776400000,0.081,3097
1425862800000,0.077,2439
1425949200000,0.074,2101
1426035600000,0.076,1995
1426122000000,0.079,2093
1426208400000,0.074,2913
1426294800000,0.073,3400
1426381200000,0.064,3606
1426467600000,0.06,2819
1426554000000,0.074,2504
1426640400000,0.077,2429
1426726800000,0.082,2393
1426813200000,0.08,2827
1426899600000,0.08,3591
1426986000000,0.082,3284
1427072400000,0.081,2733
1427158800000,0.084,2669
1427245200000,0.083,2680
1427331600000,0.083,2732
1427418000000,0.081,2899
1427504400000,0.084,3584
1427590800000,0.081,3549
1427677200000,0.081,2728
1427763600000,0.08,2582
1427850000000,0.083,3739
1427936400000,0.088,3361
1428022800000,0.091,3460
1428109200000,0.087,3880
1428195600000,0.091,3597
1428282000000,0.095,3301
1428368400000,0.094,3037
1428454800000,0.095,2827
1428541200000,0.095,2790
1428627600000,0.095,2667
1428714000000,0.095,3947
1428800400000,0.093,3373
1428886800000,0.095,2635
1428973200000,0.095,2660
1429059600000,0.097,2641
1429146000000,0.086,2941
1429232400000,0.08,3347
1429318800000,0.082,4184
1429405200000,0.084,3621
1429491600000,0.08,3240
1429578000000,0.081,3077
1429664400000,0.082,2924
1429750800000,0.083,3138
1429837200000,0.083,3303
1429923600000,0.082,4235
1430010000000,0.083,3776
1430096400000,0.084,2825
1430182800000,0.084,2837
1430269200000,0.086,2599
1430355600000,0.085,3191
1430442000000,0.088,3204
1430528400000,0.086,3773
1430614800000,0.086,3756
1430701200000,0.083,3054
1430787600000,0.08,2530
1430874000000,0.083,2536
1430960400000,0.084,2466
1431046800000,0.083,3293
1431133200000,0.079,3746
1431219600000,0.079,3618
1431306000000,0.078,2879
1431392400000,0.081,2871
1431478800000,0.08,2673
1431565200000,0.081,2897
1431651600000,0.084,2862
1431738000000,0.081,3492
1431824400000,0.081,3790
1431910800000,0.081,2643
1431997200000,0.08,2431
1432083600000,0.083,2704
1432170000000,0.079,2485
1432256400000,0.083,3032
1432342800000,0.082,3284
1432429200000,0.08,3385
1432515600000,0.081,2860
1432602000000,0.082,2670
1432688400000,0.048,3069
1432774800000,0.048,3205
1432861200000,0.052,3270
1432947600000,0.055,3682
1433034000000,0.06,3356
1433120400000,0.06,3053
1433206800000,0.061,2887
1433293200000,0.06,3119
1433379600000,0.057,3015
1433466000000,0.054,3041
1433552400000,0.055,3027
1433638800000,0.055,3082
1433725200000,0.057,2577
1433811600000,0.057,2324
1433898000000,0.058,3091
1433984400000,0.058,2298
1434070800000,0.051,2839
1434157200000,0.049,3023
1434243600000,0.047,3296
1434330000000,0.044,2703
1434416400000,0.046,2767
1434502800000,0.047,2799
1434589200000,0.049,2632
1434675600000,0.05,3031
1434762000000,0.049,2702
1434848400000,0.048,2748
1434934800000,0.049,2511
1435021200000,0.051,2637
1435107600000,0.052,2981
1435194000000,0.052,2902
1435280400000,0.055,2691
1435366800000,0.057,2768
1435453200000,0.059,2846
1435539600000,0.062,2657
1435626000000,0.062,2503
1435712400000,0.062,2769
1435798800000,0.062,2493
1435885200000,0.062,2294
1435971600000,0.058,1845
1436058000000,0.058,2001
1436144400000,0.055,2032
1436230800000,0.057,2013
1436317200000,0.053,2168
1436403600000,0.055,2349
1436490000000,0.055,2070
1436576400000,0.054,2181
1436662800000,0.053,2352
1436749200000,0.055,2428
1436835600000,0.057,2137
1436922000000,0.054,2597
1437008400000,0.055,2466
1437094800000,0.056,2191
1437181200000,0.055,2232
1437267600000,0.056,2441
1437354000000,0.057,2582
1437440400000,0.058,2367
1437526800000,0.057,2479
1437613200000,0.055,2807
1437699600000,0.056,2557
1437786000000,0.058,2467
1437872400000,0.059,2183
1437958800000,0.057,2543
1438045200000,0.058,2755
1438131600000,0.056,2651
1438218000000,0.056,2544
1438304400000,0.054,2485
1438390800000,0.052,2327
1438477200000,0.054,2497
1438563600000,0.056,2545
1438650000000,0.055,2633
1438736400000,0.054,3104
1438822800000,0.054,2941
1438909200000,0.056,2655
1438995600000,0.054,2288
1439082000000,0.053,2398
1439168400000,0.054,2465
1439254800000,0.054,2310
1439341200000,0.053,2514
1439427600000,0.052,2214
1439514000000,0.05,2354
1439600400000,0.046,2379
1439686800000,0.042,2519
1439773200000,0.044,2639
1439859600000,0.043,2474
1439946000000,0.043,2562
1440032400000,0.04,2778
1440118800000,0.038,2605
1440205200000,0.04,2510
1440291600000,0.034,2739
1440378000000,0.032,2759
1440464400000,0.041,2943
1440550800000,0.041,3267
1440637200000,0.044,3139
1440723600000,0.047,3343
1440810000000,0.051,2960
1440896400000,0.051,3142
1440982800000,0.05,2880
1441069200000,0.051,2560
1441155600000,0.05,2552
1441242000000,0.05,2528
1441328400000,0.052,2521
1441414800000,0.05,3416
1441501200000,0.051,3226
1441587600000,0.05,2443
1441674000000,0.05,2545
1441760400000,0.052,2348
1441846800000,0.049,2615
1441933200000,0.051,2714
1442019600000,0.051,3408
1442106000000,0.052,3400
1442192400000,0.053,2512
1442278800000,0.054,2248
1442365200000,0.068,7314
1442451600000,0.087,7924
1442538000000,0.122,7032
1442624400000,0.159,8229
1442710800000,0.192,6852
1442797200000,0.154,5213
1442883600000,0.147,4719
1442970000000,0.14,5121
1443056400000,0.135,4545
1443142800000,0.135,5366
1443229200000,0.137,6774
1443315600000,0.138,6219
1443402000000,0.135,4346
1443488400000,0.135,3836
1443574800000,0.126,4153
1443661200000,0.12,4220
1443747600000,0.119,4869
1443834000000,0.12,5465
1443920400000,0.12,4971
1444006800000,0.118,3947
1444093200000,0.119,3259
1444179600000,0.113,3970
1444266000000,0.107,3748
1444352400000,0.109,4012
1444438800000,0.11,4673
1444525200000,0.109,4824
1444611600000,0.107,3526
1444698000000,0.106,3231
1444784400000,0.103,3729
1444870800000,0.095,3573
1444957200000,0.096,3171
1445043600000,0.097,4562
1445130000000,0.095,4410
1445216400000,0.091,2832
1445302800000,0.086,2831
1445389200000,0.071,3530
1445475600000,0.061,2900
1445562000000,0.063,4209
1445648400000,0.064,5102
1445734800000,0.068,4726
1445821200000,0.067,3284
1445907600000,0.069,2965
1445994000000,0.064,3735
1446080400000,0.061,3344
1446166800000,0.057,4343
1446253200000,0.058,5240
1446339600000,0.047,5402
1446426000000,0.044,4103
1446512400000,0.05,3572
1446598800000,0.053,3700
1446685200000,0.055,3583
1446771600000,0.059,4139
1446858000000,0.063,5251
1446944400000,0.064,4659
1447030800000,0.063,3115
1447117200000,0.063,3127
1447203600000,0.062,3448
1447290000000,0.059,3255
1447376400000,0.061,3699
1447462800000,0.063,4730
1447549200000,0.067,4395
1447635600000,0.064,3186
1447722000000,0.065,3110
1447808400000,0.061,3535
1447894800000,0.058,3300
1447981200000,0.06,3757
1448067600000,0.061,5144
1448154000000,0.06,4351
1448240400000,0.057,2809
1448326800000,0.056,3256
1448413200000,0.057,3473
1448499600000,0.047,3440
1448586000000,0.045,4171
1448672400000,0.046,5141
1448758800000,0.048,4823
1448845200000,0.047,3325
1448931600000,0.048,3075
1449018000000,0.051,3227
1449104400000,0.054,3444
1449190800000,0.056,4127
1449277200000,0.059,5064
1449363600000,0.06,5166
1449450000000,0.06,3522
1449536400000,0.062,3401
1449622800000,0.05,3557
1449709200000,0.049,3516
1449795600000,0.052,4325
1449882000000,0.062,5758
1449968400000,0.065,5612
1450054800000,0.067,3699
1450141200000,0.069,3593
1450227600000,0.065,3580
1450314000000,0.061,3644
1450400400000,0.063,3960
1450486800000,0.063,4876
1450573200000,0.059,4441
1450659600000,0.061,3614
1450746000000,0.058,3615
1450832400000,0.04,4142
1450918800000,0.036,3457
1451005200000,0.036,3493
1451091600000,0.037,4052
1451178000000,0.039,4459
1451264400000,0.043,4508
1451350800000,0.045,4340
1451437200000,0.043,4642
1451523600000,0.042,3903
1451610000000,0.044,4201
1451696400000,0.041,4626
1451782800000,0.039,4339
1451869200000,0.039,4023
1451955600000,0.046,3651
1452042000000,0.047,4084
1452128400000,0.046,3658
1452214800000,0.047,4081
1452301200000,0.049,4667
1452387600000,0.049,4228
1452474000000,0.05,3191
1452560400000,0.05,3183
1452646800000,0.05,2946
1452733200000,0.049,3323
1452819600000,0.048,3790
1452906000000,0.05,4762
1452992400000,0.051,4153
1453078800000,0.051,3283
1453165200000,0.053,3080
1453251600000,0.055,3158
1453338000000,0.053,3371
1453424400000,0.055,3942
1453510800000,0.058,4880
1453597200000,0.058,4565
1453683600000,0.057,3451
1453770000000,0.06,3531
1453856400000,0.06,3800
1453942800000,0.062,4274
1454029200000,0.06,4319
1454115600000,0.064,5623
1454202000000,0.062,4774
1454288400000,0.061,3750
1454374800000,0.06,3548
1454461200000,0.059,3851
1454547600000,0.059,3575
1454634000000,0.059,4010
1454720400000,0.052,5012
1454806800000,0.049,4631
1454893200000,0.049,3538
1454979600000,0.051,3484
1455066000000,0.047,3810
1455152400000,0.05,4346
1455238800000,0.045,4085
1455325200000,0.047,4900
1455411600000,0.051,4931
1455498000000,0.051,4030
1455584400000,0.051,3964
1455670800000,0.051,4508
1455757200000,0.041,4356
1455843600000,0.039,4443
1455930000000,0.043,5534
1456016400000,0.042,5227
1456102800000,0.043,4353
1456189200000,0.045,4450
1456275600000,0.046,4750
1456362000000,0.045,4671
1456448400000,0.045,4898
1456534800000,0.045,6148
1456621200000,0.05,4416
1456707600000,0.046,4231
1456794000000,0.045,5460
1456880400000,0.044,4518
1456966800000,0.045,4329
1457053200000,0.045,5087
1457139600000,0.046,6055
1457226000000,0.046,5384
1457312400000,0.047,5599
1457398800000,0.048,4918
1457485200000,0.049,4200
1457571600000,0.051,2973
1457658000000,0.054,3017
1457744400000,0.054,3836
1457830800000,0.059,3689
1457917200000,0.062,2791
1458003600000,0.066,2864
1458090000000,0.067,2741
1458176400000,0.072,2936
1458262800000,0.078,3729
1458349200000,0.079,3489
1458435600000,0.079,3061
1458522000000,0.082,2554
1458608400000,0.082,2240
1458694800000,0.081,2442
1458781200000,0.084,2550
1458867600000,0.083,3150
1458954000000,0.088,3313
1459040400000,0.085,3220
1459126800000,0.088,2874
1459213200000,0.086,2582
1459299600000,0.085,2665
1459386000000,0.084,2991
1459472400000,0.087,3230
1459558800000,0.087,3640
1459645200000,0.078,3991
1459731600000,0.078,2739
1459818000000,0.088,2456
1459904400000,0.087,2798
1459990800000,0.092,2741
1460077200000,0.091,2764
1460163600000,0.093,3626
1460250000000,0.094,3392
1460336400000,0.092,2500
1460422800000,0.091,2387
1460509200000,0.093,2445
1460595600000,0.094,2537
1460682000000,0.097,2971
1460768400000,0.095,3248
1460854800000,0.099,3201
1460941200000,0.097,2750
1461027600000,0.093,2371
1461114000000,0.097,2758
1461200400000,0.097,2549
1461286800000,0.098,2686
1461373200000,0.101,3105
1461459600000,0.098,3295
1461546000000,0.096,2531
1461632400000,0.098,2220
1461718800000,0.094,2190
1461805200000,0.093,2378
1461891600000,0.092,3008
1461978000000,0.09,3505
1462064400000,0.092,3516
1462150800000,0.091,3103
1462237200000,0.091,2929
1462323600000,0.089,2769
1462410000000,0.091,2748
1462496400000,0.091,2968
1462582800000,0.093,3527
1462669200000,0.091,3247
1462755600000,0.091,2574
1462842000000,0.093,2444
1462928400000,0.092,2403
1463014800000,0.09,2462
1463101200000,0.09,2702
1463187600000,0.091,3703
1463274000000,0.091,3319
1463360400000,0.09,2575
1463446800000,0.09,2310
1463533200000,0.09,2322
1463619600000,0.089,2160
1463706000000,0.084,2652
1463792400000,0.084,2777
1463878800000,0.083,2638
1463965200000,0.08,2142
1464051600000,0.079,2092
1464138000000,0.08,2397
1464224400000,0.078,2390
1464310800000,0.077,2292
1464397200000,0.077,2597
1464483600000,0.077,2554
1464570000000,0.077,2367
1464656400000,0.074,2245
1464742800000,0.072,2943
1464829200000,0.064,2482
1464915600000,0.057,2967
1465002000000,0.058,3341
1465088400000,0.063,2826
1465174800000,0.061,2676
1465261200000,0.062,2094
1465347600000,0.062,2942
1465434000000,0.059,2276
1465520400000,0.061,2520
1465606800000,0.064,2378
1465693200000,0.064,2576
1465779600000,0.064,2422
1465866000000,0.064,2342
1465952400000,0.063,2400
1466038800000,0.064,2457
1466125200000,0.063,2781
1466211600000,0.062,3261
1466298000000,0.063,3694
1466384400000,0.062,3222
1466470800000,0.065,2907
1466557200000,0.066,2921
1466643600000,0.062,2765
1466730000000,0.048,2654
1466816400000,0.045,2732
1466902800000,0.047,2668
1466989200000,0.047,3038
1467075600000,0.045,2913
1467162000000,0.044,2706
1467248400000,0.047,2733
1467334800000,0.046,3091
1467421200000,0.045,2945
1467507600000,0.047,2751
1467594000000,0.048,2819
1467680400000,0.051,2721
1467766800000,0.051,2950
1467853200000,0.055,2884
1467939600000,0.059,2978
1468026000000,0.062,3093
1468112400000,0.061,3387
1468198800000,0.062,2655
1468285200000,0.067,2797
1468371600000,0.069,2712
1468458000000,0.07,2937
1468544400000,0.072,2630
1468630800000,0.073,2705
1468717200000,0.075,2598
1468803600000,0.076,2950
1468890000000,0.077,2813
1468976400000,0.076,2651
1469062800000,0.076,2451
1469149200000,0.075,2522
1469235600000,0.077,2761
1469322000000,0.079,2407
1469408400000,0.083,2469
1469494800000,0.084,2599
1469581200000,0.084,2919
1469667600000,0.085,3157
1469754000000,0.085,2965
1469840400000,0.086,2935
1469926800000,0.085,2743
1470013200000,0.084,2751
1470099600000,0.086,3007
1470186000000,0.085,2895
1470272400000,0.083,2711
1470358800000,0.082,2333
1470445200000,0.083,2383
1470531600000,0.085,2377
1470618000000,0.084,2239
1470704400000,0.082,2220
1470790800000,0.079,2334
1470877200000,0.076,2382
1470963600000,0.072,2545
1471050000000,0.078,2133
1471136400000,0.078,2238
1471222800000,0.078,2393
1471309200000,0.079,2679
1471395600000,0.08,3030
1471482000000,0.079,2272
1471568400000,0.07,2820
1471654800000,0.067,2957
1471741200000,0.068,2882
1471827600000,0.069,2707
1471914000000,0.07,2734
1472000400000,0.069,3005
1472086800000,0.068,3011
1472173200000,0.069,2976
1472259600000,0.071,3041
1472346000000,0.074,3520
1472432400000,0.075,3049
1472518800000,0.077,3190
1472605200000,0.074,3184
1472691600000,0.074,2639
1472778000000,0.073,2523
1472864400000,0.075,3203
1472950800000,0.077,3125
1473037200000,0.077,2486
1473123600000,0.077,2197
1473210000000,0.077,2241
1473296400000,0.077,2379
1473382800000,0.077,2709
1473469200000,0.076,3428
1473555600000,0.076,3528
1473642000000,0.076,2359
1473728400000,0.075,2313
1473814800000,0.076,2285
1473901200000,0.075,2344
1473987600000,0.075,2586
1474074000000,0.075,3408
1474160400000,0.073,3174
1474246800000,0.071,2257
1474333200000,0.074,2040
1474419600000,0.072,2305
1474506000000,0.072,2100
1474592400000,0.073,2467
1474678800000,0.073,3030
1474765200000,0.07,3149
1474851600000,0.067,2097
1474938000000,0.068,1962
1475024400000,0.067,2100
1475110800000,0.068,2361
1475197200000,0.069,2701
1475283600000,0.072,3373
1475370000000,0.075,3298
1475456400000,0.07,2204
1475542800000,0.07,2239
1475629200000,0.072,2538
1475715600000,0.074,2249
1475802000000,0.071,2618
1475888400000,0.067,3008
1475974800000,0.068,2675
1476061200000,0.064,2183
1476147600000,0.062,2069
1476234000000,0.061,2381
1476320400000,0.06,2585
1476406800000,0.061,2881
1476493200000,0.059,3250
1476579600000,0.057,3093
1476666000000,0.058,2082
1476752400000,0.06,2012
1476838800000,0.06,2021
1476925200000,0.062,2021
1477011600000,0.061,2204
1477098000000,0.061,2898
1477184400000,0.061,3157
1477270800000,0.06,2177
1477357200000,0.06,1899
1477443600000,0.059,2100
1477530000000,0.058,1931
1477616400000,0.057,2064
1477702800000,0.058,2673
1477789200000,0.055,2770
1477875600000,0.051,2107
1477962000000,0.051,2449
1478048400000,0.052,2341
1478134800000,0.054,1666
1478221200000,0.055,2239
1478307600000,0.059,2596
1478394000000,0.059,2824
1478480400000,0.059,2297
1478566800000,0.058,1907
1478653200000,0.058,2062
1478739600000,0.058,1855
1478826000000,0.06,2020
1478912400000,0.059,2801
1478998800000,0.059,2882
1479085200000,0.062,1909
1479171600000,0.06,2332
1479258000000,0.061,2350
1479344400000,0.061,2393
1479430800000,0.061,3201
1479517200000,0.061,3055
1479603600000,0.057,3718
1479690000000,0.059,2113
1479776400000,0.06,1614
1479862800000,0.058,2074
1479949200000,0.055,2374
1480035600000,0.055,2154
1480122000000,0.055,2629
1480208400000,0.052,2693
1480294800000,0.048,1985
1480381200000,0.051,2019
1480467600000,0.054,2202
1480554000000,0.058,2302
1480640400000,0.06,2950
1480726800000,0.06,3465
1480813200000,0.066,3166
1480899600000,0.066,2576
1480986000000,0.069,2317
1481072400000,0.071,2306
1481158800000,0.071,2710
1481245200000,0.073,2425
1481331600000,0.074,3041
1481418000000,0.075,2827
1481504400000,0.077,2231
1481590800000,0.077,2103
1481677200000,0.077,2016
1481763600000,0.072,1889
1481850000000,0.074,2134
1481936400000,0.073,2673
1482022800000,0.072,2506
1482109200000,0.07,2092
1482195600000,0.068,2059
1482282000000,0.067,2048
1482368400000,0.063,2323
1482454800000,0.053,2113
1482541200000,0.055,2664
1482627600000,0.058,2689
1482714000000,0.058,2722
1482800400000,0.061,2529
1482886800000,0.061,2985
1482973200000,0.062,2756
1483059600000,0.065,2851
1483146000000,0.065,2622
1483232400000,0.066,2698
1483318800000,0.067,2855
1483405200000,0.069,2394
1483491600000,0.069,2396
1483578000000,0.068,2809
1483664400000,0.069,2623
1483750800000,0.071,2877
1483837200000,0.071,3121
1483923600000,0.072,2994
1484010000000,0.073,2048
1484096400000,0.076,2210
1484182800000,0.078,2034
1484269200000,0.078,2515
1484355600000,0.078,2894
1484442000000,0.078,2704
1484528400000,0.077,2184
1484614800000,0.077,2279
1484701200000,0.078,2316
1484787600000,0.077,1984
1484874000000,0.075,2273
1484960400000,0.076,2779
1485046800000,0.075,2535
1485133200000,0.075,2470
1485219600000,0.077,2361
1485306000000,0.078,2602
1485392400000,0.078,2901
1485478800000,0.077,2833
1485565200000,0.079,3542
1485651600000,0.078,3774
1485738000000,0.073,2755
1485824400000,0.076,2720
1485910800000,0.078,2666
1485997200000,0.078,2663
1486083600000,0.078,2689
1486170000000,0.08,3318
1486256400000,0.084,3033
1486342800000,0.085,2143
1486429200000,0.085,2294
1486515600000,0.083,2449
1486602000000,0.083,2484
1486688400000,0.084,2598
1486774800000,0.083,3287
1486861200000,0.084,3125
1486947600000,0.083,2275
1487034000000,0.083,2287
1487120400000,0.082,2237
1487206800000,0.083,2245
1487293200000,0.082,2377
1487379600000,0.083,3201
1487466000000,0.085,3240
1487552400000,0.084,2639
1487638800000,0.083,2431
1487725200000,0.083,2178
1487811600000,0.084,2253
1487898000000,0.084,2328
1487984400000,0.084,2901
1488070800000,0.083,2731
1488157200000,0.082,2260
1488243600000,0.08,2111
1488330000000,0.08,2334
1488416400000,0.081,2258
1488502800000,0.083,2307
1488589200000,0.083,2910
1488675600000,0.085,2786
1488762000000,0.082,2001
1488848400000,0.082,2095
1488934800000,0.083,2165
1489021200000,0.082,2026
1489107600000,0.084,2413
1489194000000,0.085,2763
1489280400000,0.087,2534
1489366800000,0.084,1922
1489453200000,0.085,1702
1489539600000,0.084,2069
1489626000000,0.084,2184
1489712400000,0.086,2708
1489798800000,0.087,3489
1489885200000,0.087,3627
1489971600000,0.087,2694
1490058000000,0.09,2264
1490144400000,0.089,2403
1490230800000,0.087,2513
1490317200000,0.087,2745
1490403600000,0.089,3483
1490490000000,0.088,3232
1490576400000,0.086,2768
1490662800000,0.085,2692
1490749200000,0.083,2622
1490835600000,0.083,2694
1490922000000,0.084,2805
1491008400000,0.088,3988
1491094800000,0.086,3430
1491181200000,0.086,2554
1491267600000,0.086,2594
1491354000000,0.087,2401
1491440400000,0.087,2467
1491526800000,0.087,2621
1491613200000,0.087,3323
1491699600000,0.088,3146
1491786000000,0.09,2558
1491872400000,0.09,2371
1491958800000,0.089,2484
1492045200000,0.089,2771
1492131600000,0.089,3009
1492218000000,0.09,3060
1492304400000,0.09,3000
1492390800000,0.09,2838
1492477200000,0.089,2737
1492563600000,0.09,2584
1492650000000,0.09,2593
1492736400000,0.089,2925
1492822800000,0.09,3425
1492909200000,0.092,3234
1492995600000,0.092,2311
1493082000000,0.093,2269
1493168400000,0.094,2256
1493254800000,0.094,2135
1493341200000,0.095,2441
1493427600000,0.095,2976
1493514000000,0.094,3037
1493600400000,0.095,2703
1493686800000,0.092,2329
1493773200000,0.089,2373
1493859600000,0.085,2282
1493946000000,0.087,2562
1494032400000,0.09,3024
1494118800000,0.09,2758
1494205200000,0.09,2344
1494291600000,0.091,2017
1494378000000,0.091,2165
1494464400000,0.091,2252
1494550800000,0.09,2537
1494637200000,0.091,2805
1494723600000,0.09,2591
1494810000000,0.09,2156
1494896400000,0.091,1774
1494982800000,0.093,1848
1495069200000,0.092,1749
1495155600000,0.093,1971
1495242000000,0.096,2368
1495328400000,0.098,2560
1495414800000,0.095,2023
1495501200000,0.097,1851
1495587600000,0.086,2785
1495674000000,0.085,2340
1495760400000,0.088,2443
1495846800000,0.09,2624
1495933200000,0.09,2307
1496019600000,0.09,2066
1496106000000,0.089,2007
1496192400000,0.089,2127
1496278800000,0.088,2242
1496365200000,0.087,2345
1496451600000,0.089,2521
1496538000000,0.089,2559
1496624400000,0.089,2389
1496710800000,0.089,2085
1496797200000,0.088,2229
1496883600000,0.089,2353
1496970000000,0.09,2128
1497056400000,0.09,2482
1497142800000,0.091,2347
1497229200000,0.091,2170
1497315600000,0.09,1982
1497402000000,0.09,2011
1497488400000,0.09,2099
1497574800000,0.088,2071
1497661200000,0.089,2177
1497747600000,0.09,2110
1497834000000,0.089,2032
1497920400000,0.086,2042
1498006800000,0.084,1969
1498093200000,0.078,2206
1498179600000,0.063,2427
1498266000000,0.058,2173
1498352400000,0.058,2284
1498438800000,0.063,2146
1498525200000,0.063,2263
1498611600000,0.064,2355
1498698000000,0.068,2247
1498784400000,0.068,2206
1498870800000,0.071,2285
1498957200000,0.073,2342
1499043600000,0.075,2389
1499130000000,0.077,2326
1499216400000,0.078,2321
1499302800000,0.079,2100
1499389200000,0.08,2360
1499475600000,0.083,2639
1499562000000,0.083,2577
1499648400000,0.085,2700
1499734800000,0.086,2299
1499821200000,0.088,2364
1499907600000,0.089,2551
1499994000000,0.091,2440
1500080400000,0.09,2849
1500166800000,0.09,2496
1500253200000,0.09,2400
1500339600000,0.09,2359
1500426000000,0.091,2609
1500512400000,0.091,2392
1500598800000,0.091,2418
1500685200000,0.094,2409
1500771600000,0.092,2460
1500858000000,0.092,2304
1500944400000,0.092,2710
1501030800000,0.093,2827
1501117200000,0.095,2360
1501203600000,0.096,2692
1501290000000,0.102,2492
1501376400000,0.103,2413
1501462800000,0.101,2313
1501549200000,0.102,2370
1501635600000,0.101,2505
1501722000000,0.1,2427
1501808400000,0.101,2668
1501894800000,0.101,2458
1501981200000,0.099,2239
1502067600000,0.102,2223
1502154000000,0.102,2044
1502240400000,0.102,2132
1502326800000,0.099,2146
1502413200000,0.096,1927
1502499600000,0.097,2092
1502586000000,0.098,2112
1502672400000,0.098,1984
1502758800000,0.098,1903
1502845200000,0.097,2067
1502931600000,0.096,2051
1503018000000,0.096,2046
1503104400000,0.097,2059
1503190800000,0.098,2111
1503277200000,0.098,2136
1503363600000,0.099,2017
1503450000000,0.098,1930
1503536400000,0.095,1963
1503622800000,0.094,2112
1503709200000,0.094,2213
1503795600000,0.095,2144
1503882000000,0.098,1881
1503968400000,0.099,1883
1504054800000,0.098,2078
1504141200000,0.097,1766
1504227600000,0.1,1972
1504314000000,0.101,2279
1504400400000,0.1,2260
1504486800000,0.099,1984
1504573200000,0.099,1673
1504659600000,0.099,1822
1504746000000,0.099,1788
1504832400000,0.101,1902
1504918800000,0.101,2351
1505005200000,0.1,2283
1505091600000,0.099,1762
1505178000000,0.097,1718
1505264400000,0.097,1725
1505350800000,0.098,1831
1505437200000,0.099,2387
1505523600000,0.101,2816
1505610000000,0.104,2575
1505696400000,0.102,1961
1505782800000,0.103,1875
1505869200000,0.101,2138
1505955600000,0.101,2022
1506042000000,0.103,2366
1506128400000,0.103,2875
1506214800000,0.103,2728
1506301200000,0.101,2038
1506387600000,0.102,1702
1506474000000,0.102,1791
1506560400000,0.102,1797
1506646800000,0.099,2128
1506733200000,0.099,2707
1506819600000,0.101,2563
1506906000000,0.096,2020
1506992400000,0.096,1787
1507078800000,0.094,1817
1507165200000,0.095,1920
1507251600000,0.095,1984
1507338000000,0.098,2609
1507424400000,0.097,2185
1507510800000,0.093,1816
1507597200000,0.095,1669
1507683600000,0.096,1597
1507770000000,0.098,1699
1507856400000,0.097,1935
1507942800000,0.097,2415
1508029200000,0.098,2272
1508115600000,0.094,1754
1508202000000,0.094,1570
1508288400000,0.095,1684
1508374800000,0.095,1630
1508461200000,0.096,1809
1508547600000,0.097,2282
1508634000000,0.095,2298
1508720400000,0.094,1645
1508806800000,0.094,1621
1508893200000,0.093,1658
1508979600000,0.093,1728
1509066000000,0.092,1907
1509152400000,0.091,2246
1509238800000,0.091,2116
1509325200000,0.092,1923
1509411600000,0.091,1729
1509498000000,0.092,1790
1509584400000,0.093,1650
1509670800000,0.095,1716
1509757200000,0.095,2051
1509843600000,0.095,1911
1509930000000,0.093,1504
1510016400000,0.096,1246
1510102800000,0.096,1239
1510189200000,0.095,1311
1510275600000,0.095,1588
1510362000000,0.096,1882
1510448400000,0.093,1896
1510534800000,0.093,1365
1510621200000,0.09,1533
1510707600000,0.091,1450
1510794000000,0.091,1378
1510880400000,0.092,1654
1510966800000,0.093,1882
1511053200000,0.093,1856
1511139600000,0.093,1326
1511226000000,0.093,1248
1511312400000,0.09,1399
1511398800000,0.078,1684
1511485200000,0.081,1789
1511571600000,0.085,2004
1511658000000,0.083,2034
1511744400000,0.079,1574
1511830800000,0.079,1448
1511917200000,0.087,1459
1512003600000,0.087,1424
1512090000000,0.087,1551
1512176400000,0.09,1937
1512262800000,0.093,1893
1512349200000,0.091,1380
1512435600000,0.094,1443
1512522000000,0.097,1452
1512608400000,0.096,1345
1512694800000,0.096,1609
1512781200000,0.096,1882
1512867600000,0.097,1807
1512954000000,0.096,1462
1513040400000,0.098,1269
1513126800000,0.096,1225
1513213200000,0.095,1322
1513299600000,0.096,1402
1513386000000,0.095,1727
1513472400000,0.095,1588
1513558800000,0.094,1377
1513645200000,0.093,1343
1513731600000,0.092,1357
1513818000000,0.09,1467
1513904400000,0.084,1836
1513990800000,0.081,2057
1514077200000,0.081,1770
1514163600000,0.086,1814
1514250000000,0.085,1828
1514336400000,0.088,2034
1514422800000,0.088,1918
1514509200000,0.088,1979
1514595600000,0.089,1952
1514682000000,0.089,1776
1514768400000,0.092,1844
1514854800000,0.09,2008
1514941200000,0.089,2006
1515027600000,0.09,1934
1515114000000,0.095,1944
1515200400000,0.096,2024
1515286800000,0.097,1992
1515373200000,0.098,1774
1515459600000,0.098,1755
1515546000000,0.1,1656
1515632400000,0.097,1715
1515718800000,0.096,2006
1515805200000,0.101,2328
1515891600000,0.103,2322
1515978000000,0.1,1916
1516064400000,0.101,2028
1516150800000,0.104,1845
1516237200000,0.101,1874
1516323600000,0.106,2052
1516410000000,0.104,2477
1516496400000,0.107,2378
1516582800000,0.097,2160
1516669200000,0.097,2099
1516755600000,0.1,1933
1516842000000,0.103,1980
1516928400000,0.1,2307
1517014800000,0.105,2518
1517101200000,0.103,2505
1517187600000,0.107,2026
1517274000000,0.109,1877
1517360400000,0.109,1987
1517446800000,0.11,1943
1517533200000,0.112,2151
1517619600000,0.111,2499
1517706000000,0.113,2125
1517792400000,0.113,1844
1517878800000,0.113,1758
1517965200000,0.11,1734
1518051600000,0.115,1738
1518138000000,0.117,1889
1518224400000,0.117,2263
1518310800000,0.112,2107
1518397200000,0.116,1840
1518483600000,0.117,1676
1518570000000,0.118,1689
1518656400000,0.12,1783
1518742800000,0.113,2424
1518829200000,0.116,2944
1518915600000,0.119,2678
1519002000000,0.119,2521
1519088400000,0.121,1957
1519174800000,0.123,2237
1519261200000,0.121,2124
1519347600000,0.121,2479
1519434000000,0.123,2786
1519520400000,0.123,2724
1519606800000,0.123,2017
1519693200000,0.124,1866
1519779600000,0.125,2015
1519866000000,0.124,2027
1519952400000,0.124,2260
1520038800000,0.122,2604
1520125200000,0.124,2524
1520211600000,0.125,1926
1520298000000,0.129,1809
1520384400000,0.128,1945
1520470800000,0.125,2071
1520557200000,0.124,2199
1520643600000,0.125,2639
1520730000000,0.125,2364
1520816400000,0.124,1859
1520902800000,0.124,1633
1520989200000,0.123,1635
1521075600000,0.122,1727
1521162000000,0.119,1929
1521248400000,0.121,2441
1521334800000,0.121,2363
1521421200000,0.121,1773
1521507600000,0.122,1615
1521594000000,0.121,1761
1521680400000,0.122,1571
1521766800000,0.123,1851
1521853200000,0.122,2171
1521939600000,0.124,2078
1522026000000,0.123,1699
1522112400000,0.12,1679
1522198800000,0.118,1754
1522285200000,0.118,1805
1522371600000,0.119,2018
1522458000000,0.123,1893
1522544400000,0.125,1970
1522630800000,0.124,1803
1522717200000,0.126,1604
1522803600000,0.127,1613
1522890000000,0.13,1582
1522976400000,0.129,1647
1523062800000,0.133,1818
1523149200000,0.134,1706
1523235600000,0.134,1463
1523322000000,0.132,1414
1523408400000,0.133,1376
1523494800000,0.138,1423
1523581200000,0.143,1453
1523667600000,0.153,1628
1523754000000,0.159,1595
1523840400000,0.161,1269
1523926800000,0.163,1246
1524013200000,0.167,1213
1524099600000,0.162,1232
1524186000000,0.168,1291
1524272400000,0.171,1548
1524358800000,0.172,1557
1524445200000,0.173,1236
1524531600000,0.171,1177
1524618000000,0.172,1248
1524704400000,0.173,1231
1524790800000,0.17,1280
1524877200000,0.172,1687
1524963600000,0.172,1582
1525050000000,0.168,1489
1525136400000,0.17,1402
1525222800000,0.163,1415
1525309200000,0.163,1261
1525395600000,0.162,1449
1525482000000,0.164,1562
1525568400000,0.166,1484
1525654800000,0.167,1272
1525741200000,0.165,1324
1525827600000,0.163,1379
1525914000000,0.158,1304
1526000400000,0.159,1241
1526086800000,0.163,1509
1526173200000,0.165,1481
1526259600000,0.164,1169
1526346000000,0.161,1127
1526432400000,0.162,1078
1526518800000,0.164,1186
1526605200000,0.162,1280
1526691600000,0.161,1426
1526778000000,0.16,1427
1526864400000,0.164,1303
1526950800000,0.166,1093
1527037200000,0.169,1083
1527123600000,0.164,1120
1527210000000,0.167,1272
1527296400000,0.166,1318
1527382800000,0.167,1381
1527469200000,0.164,1242
1527555600000,0.165,1155
1527642000000,0.166,1133
1527728400000,0.165,1254
1527814800000,0.161,1543
1527901200000,0.163,1367
1527987600000,0.163,1341
1528074000000,0.168,1376
1528160400000,0.169,1165
1528246800000,0.167,1242
1528333200000,0.168,1167
1528419600000,0.161,1174
1528506000000,0.164,1263
1528592400000,0.166,1277
1528678800000,0.16,1186
1528765200000,0.161,1137
1528851600000,0.158,1158
1528938000000,0.157,1095
1529024400000,0.154,1114
1529110800000,0.156,1095
1529197200000,0.157,1237
1529283600000,0.157,1123
1529370000000,0.152,1308
1529456400000,0.153,1309
1529542800000,0.146,1498
1529629200000,0.132,2031
1529715600000,0.12,1742
1529802000000,0.113,1652
1529888400000,0.112,1658
1529974800000,0.118,1458
1530061200000,0.118,1373
1530147600000,0.118,1343
1530234000000,0.12,1332
1530320400000,0.119,1331
1530406800000,0.122,1389
1530493200000,0.122,1321
1530579600000,0.119,1383
1530666000000,0.119,1476
1530752400000,0.119,1457
1530838800000,0.129,1205
1530925200000,0.134,1249
1531011600000,0.137,1360
1531098000000,0.134,1368
1531184400000,0.138,1268
1531270800000,0.144,1206
1531357200000,0.144,1312
1531443600000,0.146,1386
1531530000000,0.148,1179
1531616400000,0.148,1223
1531702800000,0.148,1335
1531789200000,0.149,1317
1531875600000,0.149,1476
1531962000000,0.149,1606
1532048400000,0.15,1366
1532134800000,0.149,1263
1532221200000,0.151,1407
1532307600000,0.154,1402
1532394000000,0.153,1365
1532480400000,0.153,1460
1532566800000,0.157,1359
1532653200000,0.155,1267
1532739600000,0.155,1228
1532826000000,0.158,1238
1532912400000,0.159,1240
1532998800000,0.16,1227
1533085200000,0.161,1270
1533171600000,0.156,1284
1533258000000,0.16,1329
1533344400000,0.16,1585
1533430800000,0.159,1637
1533517200000,0.16,1640
1533603600000,0.16,1768
1533690000000,0.16,1629
1533776400000,0.157,1769
1533862800000,0.159,1628
1533949200000,0.159,1544
1534035600000,0.159,1569
1534122000000,0.162,1553
1534208400000,0.162,1492
1534294800000,0.163,1576
1534381200000,0.162,1470
1534467600000,0.164,1529
1534554000000,0.159,1753
1534640400000,0.156,1661
1534726800000,0.163,1518
1534813200000,0.163,1464
1534899600000,0.151,1779
1534986000000,0.158,1428
1535072400000,0.16,1598
1535158800000,0.163,1588
1535245200000,0.164,1669
1535331600000,0.166,1637
1535418000000,0.172,1806
1535504400000,0.17,1692
1535590800000,0.164,1728
1535677200000,0.165,1570
1535763600000,0.166,1761
1535850000000,0.166,1644
1535936400000,0.167,1432
1536022800000,0.166,1266
1536109200000,0.162,1289
1536195600000,0.162,1401
1536282000000,0.167,1582
1536368400000,0.168,1884
1536454800000,0.17,1964
1536541200000,0.168,1446
1536627600000,0.171,1481
1536714000000,0.17,1500
1536800400000,0.17,1347
1536886800000,0.172,1589
1536973200000,0.176,2009
1537059600000,0.174,2009
1537146000000,0.174,1489
1537232400000,0.168,1425
1537318800000,0.17,1413
1537405200000,0.171,1386
1537491600000,0.175,1530
1537578000000,0.171,2214
1537664400000,0.165,2137
1537750800000,0.168,1508
1537837200000,0.168,1358
1537923600000,0.172,1321
1538010000000,0.172,1266
1538096400000,0.175,1427
1538182800000,0.179,1804
1538269200000,0.178,1781
1538355600000,0.181,1459
1538442000000,0.181,1267
1538528400000,0.182,1436
1538614800000,0.184,1507
1538701200000,0.186,1675
1538787600000,0.193,1890
1538874000000,0.197,1853
1538960400000,0.193,1383
1539046800000,0.194,1443
1539133200000,0.196,1391
1539219600000,0.195,1359
1539306000000,0.199,1553
1539392400000,0.197,1885
1539478800000,0.197,1807
1539565200000,0.197,1470
1539651600000,0.194,1369
1539738000000,0.192,1288
1539824400000,0.191,1362
1539910800000,0.184,1609
1539997200000,0.182,1927
1540083600000,0.178,1926
1540170000000,0.178,1323
1540256400000,0.179,1239
1540342800000,0.176,1201
1540429200000,0.174,1235
1540515600000,0.168,1345
1540602000000,0.171,1719
1540688400000,0.171,1627
1540774800000,0.167,1467
1540861200000,0.148,1587
1540947600000,0.155,1462
1541034000000,0.155,1616
1541120400000,0.161,1562
1541206800000,0.167,1587
1541293200000,0.168,1533
1541379600000,0.167,1256
1541466000000,0.163,1253
1541552400000,0.164,1169
1541638800000,0.163,1310
1541725200000,0.164,1538
1541811600000,0.167,2006
1541898000000,0.161,1801
1541984400000,0.159,1360
1542070800000,0.164,968
1542157200000,0.164,1195
1542243600000,0.161,1335
1542330000000,0.164,1424
1542416400000,0.167,1792
1542502800000,0.164,1720
1542589200000,0.166,1228
1542675600000,0.164,1125
1542762000000,0.162,1304
1542848400000,0.148,1591
1542934800000,0.149,1768
1543021200000,0.153,1972
1543107600000,0.151,1764
1543194000000,0.148,1337
1543280400000,0.149,1188
1543366800000,0.151,1147
1543453200000,0.149,1099
1543539600000,0.153,1283
1543626000000,0.152,1647
1543712400000,0.152,1537
1543798800000,0.152,1275
1543885200000,0.151,1183
1543971600000,0.15,1218
1544058000000,0.147,1236
1544144400000,0.143,1690
1544230800000,0.149,2258
1544317200000,0.149,2133
1544403600000,0.15,1583
1544490000000,0.151,1659
1544576400000,0.15,1774
1544662800000,0.15,1656
1544749200000,0.152,1839
1544835600000,0.151,2265
1544922000000,0.152,2123
1545008400000,0.151,1740
1545094800000,0.151,1713
1545181200000,0.15,1738
1545267600000,0.143,1674
1545354000000,0.136,2457
1545440400000,0.133,2510
1545526800000,0.133,2169
1545613200000,0.134,1895
1545699600000,0.134,2028
1545786000000,0.138,1777
1545872400000,0.137,1917
1545958800000,0.139,1973
1546045200000,0.134,2307
1546131600000,0.132,2391
1546218000000,0.134,1989
1546304400000,0.137,2046
1546390800000,0.133,2190
1546477200000,0.133,2178
1546563600000,0.139,2109
1546650000000,0.141,2117
1546736400000,0.141,2057
1546822800000,0.137,1965
1546909200000,0.139,1910
1546995600000,0.141,1888
1547082000000,0.143,1768
1547168400000,0.142,2068
1547254800000,0.144,2320
1547341200000,0.146,1964
1547427600000,0.144,1729
1547514000000,0.143,1690
1547600400000,0.143,1740
1547686800000,0.141,1795
1547773200000,0.144,1661
1547859600000,0.142,2074
1547946000000,0.142,2054
1548032400000,0.143,1800
1548118800000,0.144,1754
1548205200000,0.14,1750
1548291600000,0.141,1790
1548378000000,0.141,1940
1548464400000,0.142,2172
1548550800000,0.14,2095
1548637200000,0.138,1672
1548723600000,0.136,1606
1548810000000,0.136,1705
1548896400000,0.136,1814
1548982800000,0.136,1810
1549069200000,0.137,2031
1549155600000,0.138,1945
1549242000000,0.134,1630
1549328400000,0.125,1659
1549414800000,0.124,1654
1549501200000,0.122,1889
1549587600000,0.122,1979
1549674000000,0.119,2297
1549760400000,0.118,2093
1549846800000,0.115,1803
1549933200000,0.117,1678
1550019600000,0.12,1612
1550106000000,0.121,1344
1550192400000,0.122,1524
1550278800000,0.124,1797
1550365200000,0.123,1778
1550451600000,0.123,1357
1550538000000,0.124,1306
1550624400000,0.122,1442
1550710800000,0.124,1427
1550797200000,0.123,1541
1550883600000,0.121,2457
1550970000000,0.121,2023
1551056400000,0.119,1447
1551142800000,0.119,1398
1551229200000,0.118,1361
1551315600000,0.118,1349
1551402000000,0.118,1519
1551488400000,0.114,2232
1551574800000,0.111,1963
1551661200000,0.109,1519
1551747600000,0.109,1372
1551834000000,0.11,1377
1551920400000,0.107,1514
1552006800000,0.11,1714
1552093200000,0.111,1816
1552179600000,0.111,1740
1552266000000,0.109,1192
1552352400000,0.109,1113
1552438800000,0.109,1185
1552525200000,0.103,1562
1552611600000,0.103,1744
1552698000000,0.104,2195
1552784400000,0.103,2215
1552870800000,0.1,1549
1552957200000,0.101,1649
1553043600000,0.095,1588
1553130000000,0.095,1596
1553216400000,0.092,1900
1553302800000,0.092,2263
1553389200000,0.089,2000
1553475600000,0.087,1648
1553562000000,0.087,1559
1553648400000,0.088,1602
1553734800000,0.086,1489
1553821200000,0.082,1941
1553907600000,0.079,1906
1553994000000,0.079,1776
1554080400000,0.08,1419
1554166800000,0.082,1335
1554253200000,0.081,1382
1554339600000,0.08,1163
1554426000000,0.079,1366
1554512400000,0.08,1640
1554598800000,0.079,1551
1554685200000,0.079,1306
1554771600000,0.079,1254
1554858000000,0.079,1162
1554944400000,0.079,1268
1555030800000,0.08,1482
1555117200000,0.08,1750
1555203600000,0.08,1650
1555290000000,0.08,1348
1555376400000,0.079,1158
1555462800000,0.081,1791
1555549200000,0.08,1352
1555635600000,0.079,1371
1555722000000,0.08,1651
1555808400000,0.078,1471
1555894800000,0.08,1355
1555981200000,0.078,1335
1556067600000,0.079,1241
1556154000000,0.079,1331
1556240400000,0.078,1263
1556326800000,0.079,1523
1556413200000,0.076,1543
1556499600000,0.077,1268
1556586000000,0.077,1272
1556672400000,0.076,1478
1556758800000,0.077,1304
1556845200000,0.075,1423
1556931600000,0.076,1420
1557018000000,0.074,1521
1557104400000,0.074,1120
1557190800000,0.073,1337
1557277200000,0.071,1314
1557363600000,0.072,1225
1557450000000,0.071,1219
1557536400000,0.071,1476
1557622800000,0.071,1584
1557709200000,0.07,954
1557795600000,0.073,1104
1557882000000,0.071,1162
1557968400000,0.071,1085
1558054800000,0.071,1233
1558141200000,0.071,1449
1558227600000,0.071,1483
1558314000000,0.072,1267
1558400400000,0.071,1063
1558486800000,0.07,1084
1558573200000,0.071,1175
1558659600000,0.071,1392
1558746000000,0.071,1495
1558832400000,0.072,1377
1558918800000,0.071,1203
1559005200000,0.073,1077
1559091600000,0.072,1256
1559178000000,0.071,1264
1559264400000,0.07,1264
1559350800000,0.07,1293
1559437200000,0.07,1351
1559523600000,0.071,1195
1559610000000,0.071,1285
1559696400000,0.07,1231
1559782800000,0.071,1338
1559869200000,0.07,1343
1559955600000,0.069,1368
1560042000000,0.07,1468
1560128400000,0.07,1327
1560214800000,0.07,1205
1560301200000,0.069,1464
1560387600000,0.064,1934
1560474000000,0.058,1975
1560560400000,0.055,1543
1560646800000,0.054,1816
1560733200000,0.052,1982
1560819600000,0.051,1747
1560906000000,0.051,1794
1560992400000,0.052,1584
1561078800000,0.053,1559
1561165200000,0.054,1484
1561251600000,0.056,1415
1561338000000,0.053,1468
1561424400000,0.054,1686
1561510800000,0.051,1820
1561597200000,0.05,1651
1561683600000,0.052,1342
1561770000000,0.052,1459
1561856400000,0.052,1642
1561942800000,0.05,1370
1562029200000,0.05,1602
1562115600000,0.052,1566
1562202000000,0.052,1514
1562288400000,0.054,1682
1562374800000,0.053,1637
1562461200000,0.053,1908
1562547600000,0.053,1761
1562634000000,0.054,1405
1562720400000,0.055,1536
1562806800000,0.058,1537
1562893200000,0.06,1445
1562979600000,0.059,1486
1563066000000,0.064,1345
1563152400000,0.063,1395
1563238800000,0.064,1603
1563325200000,0.067,1479
1563411600000,0.067,1430
1563498000000,0.069,1432
1563584400000,0.07,1480
1563670800000,0.07,1492
1563757200000,0.072,1706
1563843600000,0.072,1350
1563930000000,0.071,1516
1564016400000,0.072,1444
1564102800000,0.07,1333
1564189200000,0.071,1414
1564275600000,0.072,1458
1564362000000,0.072,1576
1564448400000,0.072,1596
1564534800000,0.072,1622
1564621200000,0.072,1701
1564707600000,0.072,1426
1564794000000,0.072,1469
1564880400000,0.072,1508
1564966800000,0.071,1360
1565053200000,0.072,1636
1565139600000,0.073,1490
1565226000000,0.073,1645
1565312400000,0.074,1518
1565398800000,0.073,1351
1565485200000,0.073,1386
1565571600000,0.074,1525
1565658000000,0.076,1434
1565744400000,0.074,1567
1565830800000,0.071,1353
1565917200000,0.072,1519
1566003600000,0.073,1911
1566090000000,0.072,1542
1566176400000,0.074,2586
1566262800000,0.074,1375
1566349200000,0.072,1437
1566435600000,0.074,1348
1566522000000,0.074,1461
1566608400000,0.075,1356
1566694800000,0.074,1391
1566781200000,0.075,1478
1566867600000,0.076,1452
1566954000000,0.076,1260
1567040400000,0.074,1445
1567126800000,0.076,1585
1567213200000,0.076,1640
1567299600000,0.075,1605
1567386000000,0.077,1526
1567472400000,0.077,1420
1567558800000,0.077,1330
1567645200000,0.079,1310
1567731600000,0.08,1573
1567818000000,0.078,1936
1567904400000,0.073,2032
1567990800000,0.073,1697
1568077200000,0.074,1246
1568163600000,0.074,1286
1568250000000,0.072,1426
1568336400000,0.073,1659
1568422800000,0.073,1741
1568509200000,0.073,1635
1568595600000,0.073,1148
1568682000000,0.074,1327
1568768400000,0.073,1186
1568854800000,0.075,2395
1568941200000,0.074,1413
1569027600000,0.073,1707
1569114000000,0.077,1493
1569200400000,0.076,1120
1569286800000,0.078,1334
1569373200000,0.077,1178
1569459600000,0.078,1267
1569546000000,0.08,1312
1569632400000,0.081,1564
1569718800000,0.079,1560
1569805200000,0.08,1205
1569891600000,0.079,1235
1569978000000,0.079,1289
1570064400000,0.08,1383
1570150800000,0.081,1712
1570237200000,0.082,1848
1570323600000,0.082,1695
1570410000000,0.081,1269
1570496400000,0.08,1288
1570582800000,0.082,1476
1570669200000,0.084,1340
1570755600000,0.082,1452
1570842000000,0.082,1725
1570928400000,0.083,1729
1571014800000,0.083,1449
1571101200000,0.083,1173
1571187600000,0.082,1287
1571274000000,0.084,1145
1571360400000,0.085,1569
1571446800000,0.078,2335
1571533200000,0.077,1994
1571619600000,0.076,1713
1571706000000,0.077,1701
1571792400000,0.074,1626
1571878800000,0.072,1363
1571965200000,0.072,1569
1572051600000,0.074,1746
1572138000000,0.074,1911
1572224400000,0.074,1329
1572310800000,0.071,1615
1572397200000,0.07,1447
1572483600000,0.07,1376
1572570000000,0.073,1485
1572656400000,0.072,1717
1572742800000,0.072,1627
1572829200000,0.073,1565
1572915600000,0.073,1253
1573002000000,0.072,1277
1573088400000,0.073,1333
1573174800000,0.074,1364
1573261200000,0.073,1724
1573347600000,0.074,1602
1573434000000,0.072,1324
1573520400000,0.073,1173
1573606800000,0.074,1284
1573693200000,0.075,1266
1573779600000,0.074,1382
1573866000000,0.073,1817
1573952400000,0.073,1733
1574038800000,0.074,1605
1574125200000,0.063,2094
1574211600000,0.062,1453
1574298000000,0.06,1209
1574384400000,0.062,1339
1574470800000,0.064,1644
1574557200000,0.064,1591
1574643600000,0.065,1226
1574730000000,0.064,1223
1574816400000,0.061,1542
1574902800000,0.06,1476
1574989200000,0.061,1695
1575075600000,0.06,1908
1575162000000,0.061,1979
1575248400000,0.062,1529
1575334800000,0.065,1553
1575421200000,0.068,1648
1575507600000,0.069,1375
1575594000000,0.069,1846
1575680400000,0.072,2755
1575766800000,0.073,2115
1575853200000,0.073,1347
1575939600000,0.077,1660
1576026000000,0.077,2279
1576112400000,0.077,2119
1576198800000,0.081,2036
1576285200000,0.083,2938
1576371600000,0.084,1980
1576458000000,0.083,1539
1576544400000,0.084,1562
1576630800000,0.085,1682
1576717200000,0.083,1331
1576803600000,0.08,1882
1576890000000,0.075,1855
1576976400000,0.073,1797
1577062800000,0.073,1731
1577149200000,0.076,1599
1577235600000,0.074,1521
1577322000000,0.078,2103
1577408400000,0.083,1848
1577494800000,0.082,1806
1577581200000,0.079,1747
1577667600000,0.083,1915
1577754000000,0.081,1303
1577840400000,0.086,1906
1577926800000,0.085,1787
1578013200000,0.092,2065
1578099600000,0.096,2179
1578186000000,0.098,1743
1578272400000,0.101,1786
1578358800000,0.104,2252
1578445200000,0.111,2138
1578531600000,0.114,1641
1578618000000,0.108,1598
1578704400000,0.106,1583
1578790800000,0.105,1611
1578877200000,0.105,1367
1578963600000,0.104,1358
1579050000000,0.113,2484
1579136400000,0.112,1238
1579222800000,0.112,1442
1579309200000,0.113,1876
1579395600000,0.112,2070
1579482000000,0.104,1606
1579568400000,0.109,1420
1579654800000,0.113,2322
1579741200000,0.117,2196
1579827600000,0.108,1929
1579914000000,0.101,1754
1580000400000,0.097,1703
1580086800000,0.094,1631
1580173200000,0.098,1630
1580259600000,0.099,1485
1580346000000,0.108,2430
1580432400000,0.115,2130
1580518800000,0.119,2012
1580605200000,0.113,2173
1580691600000,0.116,1544
1580778000000,0.143,3777
1580864400000,0.144,2255
1580950800000,0.128,1672
1581037200000,0.128,1971
1581123600000,0.137,2611
1581210000000,0.143,2352
1581296400000,0.133,1695
1581382800000,0.136,1799
1581469200000,0.139,1899
1581555600000,0.137,1994
1581642000000,0.142,1926
1581728400000,0.147,2132
1581814800000,0.143,2280
1581901200000,0.147,2220
1581987600000,0.15,1835
1582074000000,0.145,1614
1582160400000,0.142,1961
1582246800000,0.157,2437
1582333200000,0.162,2083
1582419600000,0.174,2569
1582506000000,0.169,1893
1582592400000,0.161,2050
1582678800000,0.155,2325
1582765200000,0.168,2306
1582851600000,0.175,2197
1582938000000,0.179,2461
1583024400000,0.172,2278
1583110800000,0.172,1863
1583197200000,0.173,1663
1583283600000,0.173,2011
1583370000000,0.163,1752
1583456400000,0.175,2474
1583542800000,0.167,2114
1583629200000,0.167,1993
1583715600000,0.162,1861
1583802000000,0.159,1745
1583888400000,0.168,1967
1583974800000,0.162,1639
1584061200000,0.159,2451
1584147600000,0.166,2388
1584234000000,0.16,2299
1584320400000,0.162,2222
1584406800000,0.162,2087
1584493200000,0.16,2435
1584579600000,0.164,2003
1584666000000,0.148,2043
1584752400000,0.15,1898
1584838800000,0.147,2933
1584925200000,0.144,1584
1585011600000,0.14,2031
1585098000000,0.137,2384
1585184400000,0.132,2355
1585270800000,0.127,2320
1585357200000,0.129,2304
1585443600000,0.139,1409
1585530000000,0.138,1587
1585616400000,0.125,2513
1585702800000,0.116,3042
1585789200000,0.111,2811
1585875600000,0.112,2745
1585962000000,0.118,3331
1586048400000,0.118,2543
1586134800000,0.118,2657
1586221200000,0.124,2796
1586307600000,0.127,3037
1586394000000,0.121,2379
1586480400000,0.123,2862
1586566800000,0.124,3769
1586653200000,0.121,2857
1586739600000,0.122,3313
1586826000000,0.118,2633
1586912400000,0.12,3319
1586998800000,0.119,2827
1587085200000,0.115,2570
1587171600000,0.115,2669
1587258000000,0.114,2567
1587344400000,0.114,2736
1587430800000,0.117,2868
1587517200000,0.113,2765
1587603600000,0.11,2764
1587690000000,0.11,2728
1587776400000,0.112,2797
1587862800000,0.109,2806
1587949200000,0.106,3077
1588035600000,0.106,2557
1588122000000,0.106,2776
1588208400000,0.109,3154
1588294800000,0.109,2846
1588381200000,0.111,2778
1588467600000,0.11,2382
1588554000000,0.111,2410
1588640400000,0.114,2361
1588726800000,0.112,2543
1588813200000,0.112,2352
1588899600000,0.11,2393
1588986000000,0.114,2894
1589072400000,0.115,2915
1589158800000,0.112,2532
1589245200000,0.11,2422
1589331600000,0.11,2485
1589418000000,0.11,2308
1589504400000,0.111,2294
1589590800000,0.113,2253
1589677200000,0.116,2435
1589763600000,0.116,2502
1589850000000,0.115,2094
1589936400000,0.111,2163
1590022800000,0.11,2105
1590109200000,0.112,2204
1590195600000,0.115,2578
1590282000000,0.111,1912
1590368400000,0.11,1935
1590454800000,0.103,1802
1590541200000,0.105,2119
1590627600000,0.105,1892
1590714000000,0.106,1934
1590800400000,0.106,1839
1590886800000,0.106,2263
1590973200000,0.107,2133
1591059600000,0.113,2167
1591146000000,0.115,2276
1591232400000,0.113,2148
1591318800000,0.11,1829
1591405200000,0.113,1842
1591491600000,0.112,1701
1591578000000,0.112,1910
1591664400000,0.11,1623
1591750800000,0.11,1778
1591837200000,0.112,1977
1591923600000,0.114,2048
1592010000000,0.114,1903
1592096400000,0.113,1787
1592182800000,0.114,1831
1592269200000,0.114,1562
1592355600000,0.109,1625
1592442000000,0.107,1594
1592528400000,0.104,1610
1592614800000,0.105,1625
1592701200000,0.107,1782
1592787600000,0.109,1793
1592874000000,0.112,1870
1592960400000,0.108,1706
1593046800000,0.101,2083
1593133200000,0.096,2311
1593219600000,0.097,2155
1593306000000,0.097,1915
1593392400000,0.096,2475
1593478800000,0.099,3177
1593565200000,0.101,2245
1593651600000,0.103,2617
1593738000000,0.103,2370
1593824400000,0.101,1863
1593910800000,0.104,2082
1593997200000,0.103,2014
1594083600000,0.11,2264
1594170000000,0.112,2577
1594256400000,0.113,2287
1594342800000,0.115,2176
1594429200000,0.117,2538
1594515600000,0.118,1975
1594602000000,0.119,1893
1594688400000,0.12,1976
1594774800000,0.12,1830
1594861200000,0.12,1680
1594947600000,0.124,2150
1595034000000,0.128,1583
1595120400000,0.126,1677
1595206800000,0.132,1940
1595293200000,0.129,1585
1595379600000,0.131,1782
1595466000000,0.131,1890
1595552400000,0.133,2015
1595638800000,0.135,1756
1595725200000,0.131,1702
1595811600000,0.132,1622
1595898000000,0.133,1853
1595984400000,0.129,1641
1596070800000,0.13,1847
1596157200000,0.132,1717
1596243600000,0.134,1457
1596330000000,0.136,1947
1596416400000,0.137,1788
1596502800000,0.137,1796
1596589200000,0.135,1854
1596675600000,0.137,1614
1596762000000,0.137,1800
1596848400000,0.136,1901
1596934800000,0.135,1606
1597021200000,0.133,1648
1597107600000,0.132,2792
1597194000000,0.124,1673
1597280400000,0.125,1714
1597366800000,0.124,2117
1597453200000,0.128,1739
1597539600000,0.129,1786
1597626000000,0.128,1724
1597712400000,0.126,1556
1597798800000,0.124,1714
1597885200000,0.124,1715
1597971600000,0.127,1858
1598058000000,0.126,1945
1598144400000,0.123,1672
1598230800000,0.124,1896
1598317200000,0.123,1685
1598403600000,0.12,1823
1598490000000,0.12,1971
1598576400000,0.118,1666
1598662800000,0.121,1498
1598749200000,0.118,1451
1598835600000,0.118,1600
1598922000000,0.114,1380
1599008400000,0.116,1569
1599094800000,0.115,1640
1599181200000,0.118,1445
1599267600000,0.118,1746
1599354000000,0.121,1552
1599440400000,0.121,1331
1599526800000,0.119,1164
1599613200000,0.116,1463
1599699600000,0.116,1454
1599786000000,0.118,1835
1599872400000,0.12,1988
1599958800000,0.121,1697
1600045200000,0.117,1659
1600131600000,0.121,1442
1600218000000,0.121,1893
1600304400000,0.121,1594
1600390800000,0.118,1589
1600477200000,0.118,1627
1600563600000,0.12,1596
1600650000000,0.119,1628
1600736400000,0.12,1324
1600822800000,0.117,1434
1600909200000,0.119,1560
1600995600000,0.118,1754
1601082000000,0.113,1861
1601168400000,0.12,1852
1601254800000,0.117,1562
1601341200000,0.117,1377
1601427600000,0.114,1634
1601514000000,0.119,1798
1601600400000,0.124,1680
1601686800000,0.126,2212
1601773200000,0.123,1611
1601859600000,0.122,1443
1601946000000,0.123,1661
1602032400000,0.118,1304
1602118800000,0.12,1744
1602205200000,0.122,1781
1602291600000,0.12,1423
1602378000000,0.123,1619
1602464400000,0.122,1308
1602550800000,0.124,1386
1602637200000,0.122,1882
1602723600000,0.125,1429
1602810000000,0.122,1386
1602896400000,0.125,1705
1602982800000,0.124,1451
1603069200000,0.124,1636
1603155600000,0.123,1324
1603242000000,0.121,1473
1603328400000,0.119,1470
1603414800000,0.122,1774
1603501200000,0.119,1531
1603587600000,0.117,1468
1603674000000,0.116,1402
1603760400000,0.116,1335
1603846800000,0.114,1473
1603933200000,0.112,1710
1604019600000,0.11,2004
1604106000000,0.111,2029
1604192400000,0.108,1758
1604278800000,0.109,1323
1604365200000,0.112,1505
1604451600000,0.112,1588
1604538000000,0.116,1713
1604624400000,0.114,1479
1604710800000,0.112,1409
1604797200000,0.109,1541
1604883600000,0.112,1544
1604970000000,0.114,1552
1605056400000,0.112,1559
1605142800000,0.112,1675
1605229200000,0.115,1920
1605315600000,0.112,1798
1605402000000,0.114,1974
1605488400000,0.118,1548
1605574800000,0.117,1559
1605661200000,0.118,1568
1605747600000,0.117,1661
1605834000000,0.118,1669
1605920400000,0.119,1805
1606006800000,0.118,1591
1606093200000,0.117,1572
1606179600000,0.12,1699
1606266000000,0.114,1975
1606352400000,0.107,2302
1606438800000,0.105,1965
1606525200000,0.105,2330
1606611600000,0.103,2147
1606698000000,0.105,2217
1606784400000,0.105,1515
1606870800000,0.105,1384
1606957200000,0.107,1785
1607043600000,0.105,2436
1607130000000,0.112,2510
1607216400000,0.122,2750
1607302800000,0.114,2139
1607389200000,0.11,1744
1607475600000,0.111,1849
1607562000000,0.113,2358
1607648400000,0.113,2087
1607734800000,0.124,2555
1607821200000,0.125,2347
1607907600000,0.126,1792
1607994000000,0.132,2945
1608080400000,0.134,2223
1608166800000,0.135,2207
1608253200000,0.141,2125
1608339600000,0.144,2439
1608426000000,0.145,2426
1608512400000,0.142,1665
1608598800000,0.135,1866
1608685200000,0.127,2233
1608771600000,0.126,2516
1608858000000,0.135,2072
1608944400000,0.135,2213
1609030800000,0.142,1891
1609117200000,0.14,2117
1609203600000,0.143,2407
1609290000000,0.146,2219
1609376400000,0.151,2661
1609462800000,0.166,2736
1609549200000,0.165,2227
1609635600000,0.157,2064
1609722000000,0.155,2129
1609808400000,0.157,1936
1609894800000,0.155,2033
1609981200000,0.161,2141
1610067600000,0.158,1954
1610154000000,0.164,2126
1610240400000,0.165,1646
1610326800000,0.168,1612
1610413200000,0.164,1869
1610499600000,0.168,2009
1610586000000,0.166,2109
1610672400000,0.173,1897
1610758800000,0.179,2112
1610845200000,0.181,1856
1610931600000,0.175,1921
1611018000000,0.177,1740
1611104400000,0.18,1946
1611190800000,0.182,1792
1611277200000,0.193,2097
1611363600000,0.187,1782
1611450000000,0.185,1643
1611536400000,0.187,1701
1611622800000,0.185,1527
1611709200000,0.183,1761
1611795600000,0.173,2558
1611882000000,0.161,1812
1611968400000,0.155,1790
1612054800000,0.151,1678
1612141200000,0.148,1447
1612227600000,0.151,1679
1612314000000,0.15,1733
1612400400000,0.145,1774
1612486800000,0.149,2034
1612573200000,0.153,2261
1612659600000,0.15,1806
1612746000000,0.154,1626
1612832400000,0.157,2124
1612918800000,0.155,2267
1613005200000,0.159,2085
1613091600000,0.144,1944
1613178000000,0.142,2139
1613264400000,0.147,2140
1613350800000,0.144,1921
1613437200000,0.152,1827
1613523600000,0.151,1797
1613610000000,0.151,1948
1613696400000,0.153,2230
1613782800000,0.158,2066
1613869200000,0.157,2143
1613955600000,0.16,2368
1614042000000,0.162,2308
1614128400000,0.16,1976
1614214800000,0.155,1629
1614301200000,0.159,1958
1614387600000,0.159,2088
1614474000000,0.161,2057
1614560400000,0.157,1775
1614646800000,0.162,2155
1614733200000,0.16,1965
1614819600000,0.171,2220
1614906000000,0.175,2295
1614992400000,0.176,2184
1615078800000,0.18,2204
1615165200000,0.183,1996
1615251600000,0.193,2668
1615338000000,0.189,2272
1615424400000,0.198,2383
1615510800000,0.199,2221
1615597200000,0.203,2437
1615683600000,0.209,1970
1615770000000,0.203,1767
1615856400000,0.201,1859
1615942800000,0.197,2100
1616029200000,0.194,1919
1616115600000,0.187,2220
1616202000000,0.187,2231
1616288400000,0.191,2208
1616374800000,0.196,2361
1616461200000,0.2,2186
1616547600000,0.204,2578
1616634000000,0.202,2039
1616720400000,0.204,2012
1616806800000,0.207,2449
1616893200000,0.207,2327
1616979600000,0.215,2357
1617066000000,0.218,2315
1617152400000,0.213,2084
1617238800000,0.213,2011
1617325200000,0.211,2271
1617411600000,0.223,2073
1617498000000,0.225,2201
1617584400000,0.217,1720
1617670800000,0.219,2089
1617757200000,0.195,2294
1617843600000,0.174,2767
1617930000000,0.17,3047
1618016400000,0.17,2563
1618102800000,0.178,1811
1618189200000,0.179,1908
1618275600000,0.186,2033
1618362000000,0.188,700
1618448400000,0.188,2085
1618534800000,0.186,2058
1618621200000,0.187,2019
1618707600000,0.184,1624
1618794000000,0.187,1612
1618880400000,0.189,1629
1618966800000,0.194,2043
1619053200000,0.197,1996
1619139600000,0.203,1844
1619226000000,0.206,2051
1619312400000,0.205,1535
1619398800000,0.209,1565
1619485200000,0.21,1311
1619571600000,0.212,1609
1619658000000,0.216,1878
1619744400000,0.24,2016
1619830800000,0.24,2032
1619917200000,0.235,1902
1620003600000,0.248,1827
1620090000000,0.247,2037
1620176400000,0.27,3308
1620262800000,0.261,2006
1620349200000,0.255,1846
1620435600000,0.25,1708
1620522000000,0.252,1586
1620608400000,0.257,1814
1620694800000,0.264,1871
1620781200000,0.263,1880
1620867600000,0.256,1527
1620954000000,0.253,1689
1621040400000,0.254,1567
1621126800000,0.247,1421
1621213200000,0.243,1359
1621299600000,0.242,1267
1621386000000,0.241,1575
1621472400000,0.227,1528
1621558800000,0.218,1452
1621645200000,0.219,1581
1621731600000,0.23,1698
1621818000000,0.233,1351
1621904400000,0.25,1557
1621990800000,0.253,1658
1622077200000,0.252,1725
1622163600000,0.245,1801
1622250000000,0.252,1787
1622336400000,0.257,1774
1622422800000,0.256,1354
1622509200000,0.256,1334
1622595600000,0.266,1750
1622682000000,0.264,1480
1622768400000,0.271,1767
1622854800000,0.273,1857
1622941200000,0.277,1772
1623027600000,0.297,2132
1623114000000,0.32,2102
1623200400000,0.357,2483
1623286800000,0.387,2132
1623373200000,0.396,1631
1623459600000,0.367,1259
1623546000000,0.351,1373
1623632400000,0.323,1329
1623718800000,0.341,1511
1623805200000,0.369,1996
1623891600000,0.363,1366
1623978000000,0.366,1343
1624064400000,0.351,1515
1624150800000,0.325,1356
1624237200000,0.31,1224
1624323600000,0.31,1452
1624410000000,0.288,1274
1624496400000,0.266,1683
1624582800000,0.263,2132
1624669200000,0.255,1635
1624755600000,0.254,1562
1624842000000,0.265,1643
1624928400000,0.275,1651
1625014800000,0.258,1271
1625101200000,0.26,1553
1625187600000,0.261,1414
1625274000000,0.254,1317
1625360400000,0.256,1395
1625446800000,0.255,1305
1625533200000,0.249,1226
1625619600000,0.238,1243
1625706000000,0.231,1274
1625792400000,0.222,874
1625878800000,0.217,920
1625965200000,0.215,1017
1626051600000,0.209,901
1626138000000,0.215,1168
1626224400000,0.216,1171
1626310800000,0.219,1119
1626397200000,0.23,988
1626483600000,0.216,882
1626570000000,0.218,978
1626656400000,0.221,871
1626742800000,0.217,1001
1626829200000,0.218,1142
1626915600000,0.22,990
1627002000000,0.216,1134
1627088400000,0.223,1027
1627174800000,0.216,923
1627261200000,0.219,891
1627347600000,0.224,574
1627434000000,0.224,960
1627520400000,0.214,1017
1627606800000,0.217,1007
1627693200000,0.218,1310
1627779600000,0.22,919
1627866000000,0.215,956
1627952400000,0.229,1077
1628038800000,0.224,965
1628125200000,0.218,745
1628211600000,0.211,1185
1628298000000,0.224,1156
1628384400000,0.211,956
1628470800000,0.213,1092
1628557200000,0.205,888
1628643600000,0.198,952
1628730000000,0.199,1155
1628816400000,0.194,1067
1628902800000,0.193,1180
1628989200000,0.195,1316
1629075600000,0.192,882
1629162000000,0.193,1140
1629248400000,0.187,1058
1629334800000,0.187,1292
1629421200000,0.187,1112
1629507600000,0.187,1078
1629594000000,0.189,1066
1629680400000,0.189,995
1629766800000,0.188,1058
1629853200000,0.189,1152
1629939600000,0.192,1240
1630026000000,0.192,1014
1630112400000,0.194,1098
1630198800000,0.193,1032
1630285200000,0.184,888
1630371600000,0.187,935
1630458000000,0.187,956
1630544400000,0.191,899
1630630800000,0.192,889
1630717200000,0.194,1293
1630803600000,0.198,1206
1630890000000,0.195,781
1630976400000,0.196,799
1631062800000,0.191,911
1631149200000,0.19,911
1631235600000,0.193,1338
1631322000000,0.188,1240
1631408400000,0.188,1121
1631494800000,0.192,872
1631581200000,0.197,1220
1631667600000,0.194,949
1631754000000,0.197,1262
1631840400000,0.193,1555
1631926800000,0.196,1259
1632013200000,0.197,1131
1632099600000,0.196,935
1632186000000,0.202,875
1632272400000,0.19,2217
1632358800000,0.18,1497
1632445200000,0.174,1558
1632531600000,0.176,1774
1632618000000,0.183,1585
1632704400000,0.186,1448
1632790800000,0.185,1123
1632877200000,0.192,1471
1632963600000,0.183,1238
1633050000000,0.186,1126
1633136400000,0.183,1320
1633222800000,0.185,1567
1633309200000,0.184,1055
1633395600000,0.185,976
1633482000000,0.185,1154
1633568400000,0.179,1351
1633654800000,0.184,1170
1633741200000,0.187,1258
1633827600000,0.191,1110
1633914000000,0.187,896
1634000400000,0.188,1141
1634086800000,0.183,1158
1634173200000,0.188,1149
1634259600000,0.187,977
1634346000000,0.18,1059
1634432400000,0.176,932
1634518800000,0.179,832
1634605200000,0.179,1000
1634691600000,0.179,1084
1634778000000,0.174,864
1634864400000,0.166,1290
1634950800000,0.161,1222
1635037200000,0.164,1024
1635123600000,0.168,969
1635210000000,0.163,761
1635296400000,0.16,825
1635382800000,0.161,892
1635469200000,0.151,1245
1635555600000,0.15,1142
1635642000000,0.143,1070
1635728400000,0.141,1329
1635814800000,0.151,923
1635901200000,0.144,1178
1635987600000,0.145,1029
1636074000000,0.146,830
1636160400000,0.145,931
1636246800000,0.142,870
1636333200000,0.142,1236
1636419600000,0.145,720
1636506000000,0.141,940
1636592400000,0.143,902
1636678800000,0.142,1075
1636765200000,0.138,1022
1636851600000,0.142,837
1636938000000,0.14,700
1637024400000,0.143,766
1637110800000,0.142,1106
1637197200000,0.148,1048
1637283600000,0.15,939
1637370000000,0.145,1001
1637456400000,0.144,966
1637542800000,0.142,688
1637629200000,0.142,777
1637715600000,0.141,901
1637802000000,0.134,1222
1637888400000,0.131,953
1637974800000,0.128,1079
1638061200000,0.13,1156
1638147600000,0.128,887
1638234000000,0.127,1090
1638320400000,0.126,1050
1638406800000,0.127,887
1638493200000,0.13,895
1638579600000,0.138,2214
1638666000000,0.143,1226
1638752400000,0.147,1085
1638838800000,0.152,1372
1638925200000,0.157,2597
1639011600000,0.161,1308
1639098000000,0.16,1151
1639184400000,0.156,988
1639270800000,0.151,974
1639357200000,0.146,795
1639443600000,0.143,834
1639530000000,0.144,807
1639616400000,0.144,842
1639702800000,0.149,846
1639789200000,0.151,976
1639875600000,0.154,823
1639962000000,0.147,798
1640048400000,0.145,656
1640134800000,0.148,929
1640221200000,0.148,955
1640307600000,0.152,1000
1640394000000,0.171,1163
1640480400000,0.17,1112
1640566800000,0.17,933
1640653200000,0.164,846
1640739600000,0.161,1422
1640826000000,0.162,1074
1640912400000,0.169,998
1640998800000,0.171,916
1641085200000,0.159,1004
1641171600000,0.16,927
1641258000000,0.161,956
1641344400000,0.163,1062
1641430800000,0.163,979
1641517200000,0.159,866
1641603600000,0.159,871
1641690000000,0.168,995
1641776400000,0.174,955
1641862800000,0.175,996
1641949200000,0.174,932
1642035600000,0.174,894
1642122000000,0.178,1021
1642208400000,0.175,984
1642294800000,0.181,900
1642381200000,0.183,869
1642467600000,0.18,631
1642554000000,0.177,800
1642640400000,0.17,941
1642726800000,0.172,949
1642813200000,0.17,957
1642899600000,0.167,1038
1642986000000,0.163,1124
1643072400000,0.153,871
1643158800000,0.147,897
1643245200000,0.145,1175
1643331600000,0.144,1240
1643418000000,0.142,1255
1643504400000,0.139,1461
1643590800000,0.135,1142
1643677200000,0.136,984
1643763600000,0.14,1367
1643850000000,0.141,1473
1643936400000,0.14,1093
1644022800000,0.138,906
1644109200000,0.142,1156
1644195600000,0.143,983
1644282000000,0.146,1058
1644368400000,0.15,1102
1644454800000,0.151,1083
1644541200000,0.152,1137
1644627600000,0.16,1472
1644714000000,0.158,846
1644800400000,0.154,1103
1644886800000,0.159,991
1644973200000,0.159,985
1645059600000,0.163,981
1645146000000,0.17,1066
1645232400000,0.172,1240
1645318800000,0.174,991
1645405200000,0.173,1104
1645491600000,0.173,932
1645578000000,0.173,1070
1645664400000,0.166,805
1645750800000,0.167,932
1645837200000,0.158,847
1645923600000,0.159,851
1646010000000,0.165,1225
1646096400000,0.167,905
1646182800000,0.164,941
1646269200000,0.161,969
1646355600000,0.157,909
1646442000000,0.158,1081
1646528400000,0.154,964
1646614800000,0.153,1270
1646701200000,0.149,1011
1646787600000,0.143,948
1646874000000,0.146,1299
1646960400000,0.144,824
1647046800000,0.149,897
1647133200000,0.15,898
1647219600000,0.153,916
1647306000000,0.152,847
1647392400000,0.157,1380
1647478800000,0.162,1057
1647565200000,0.165,957
1647651600000,0.164,887
1647738000000,0.162,1052
1647824400000,0.167,912
1647910800000,0.164,871
1647997200000,0.164,829
1648083600000,0.164,1149
1648170000000,0.163,980
1648256400000,0.166,906
1648342800000,0.16,845
1648429200000,0.165,1116
1648515600000,0.166,1159
1648602000000,0.171,672
1648688400000,0.17,683
1648774800000,0.173,981
1648861200000,0.18,845
1648947600000,0.174,879
1649034000000,0.172,793
1649120400000,0.173,663
1649206800000,0.175,901
1649293200000,0.179,841
1649379600000,0.181,689
1649466000000,0.181,934
1649552400000,0.177,939
1649638800000,0.179,1084
1649725200000,0.181,798
1649811600000,0.183,608
1649898000000,0.177,700
1649984400000,0.175,891
1650070800000,0.177,1010
1650157200000,0.177,833
1650243600000,0.174,625
1650330000000,0.177,609
1650416400000,0.181,714
1650502800000,0.177,902
1650589200000,0.179,797
1650675600000,0.196,1046
1650762000000,0.203,596
1650848400000,0.201,628
1650934800000,0.208,461
1651021200000,0.206,588
1651107600000,0.205,421
1651194000000,0.211,650
1651280400000,0.208,615
1651366800000,0.215,680
1651453200000,0.214,649
1651539600000,0.211,758
1651626000000,0.212,709
1651712400000,0.21,619
1651798800000,0.208,569
1651885200000,0.209,578
1651971600000,0.2,507
1652058000000,0.199,345
1652144400000,0.195,493
1652230800000,0.194,975
1652317200000,0.206,635
1652403600000,0.184,926
1652490000000,0.182,1211
1652576400000,0.181,1137
1652662800000,0.183,829
1652749200000,0.182,598
1652835600000,0.181,889
1652922000000,0.179,735
1653008400000,0.186,916
1653094800000,0.192,705
1653181200000,0.192,695
1653267600000,0.186,609
1653354000000,0.184,736
1653440400000,0.18,839
1653526800000,0.18,857
1653613200000,0.181,1134
1653699600000,0.184,1018
1653786000000,0.183,885
1653872400000,0.182,754
1653958800000,0.183,778
1654045200000,0.183,707
1654131600000,0.18,880
1654218000000,0.172,1005
1654304400000,0.171,799
1654390800000,0.171,781
1654477200000,0.163,611
1654563600000,0.153,765
1654650000000,0.152,814
1654736400000,0.149,927
1654822800000,0.148,1059
1654909200000,0.152,979
1654995600000,0.15,695
1655082000000,0.15,557
1655168400000,0.147,648
1655254800000,0.14,775
1655341200000,0.146,998
1655427600000,0.146,720
1655514000000,0.143,618
1655600400000,0.143,710
1655686800000,0.145,921
1655773200000,0.138,654
1655859600000,0.143,990
1655946000000,0.139,772
1656032400000,0.138,872
1656118800000,0.141,954
1656205200000,0.14,852
1656291600000,0.134,729
1656378000000,0.141,1144
1656464400000,0.152,1522
1656550800000,0.153,760
1656637200000,0.15,672
1656723600000,0.15,774
1656810000000,0.143,717
1656896400000,0.144,998
1656982800000,0.149,1206
1657069200000,0.14,974
1657155600000,0.14,989
1657242000000,0.141,714
1657328400000,0.143,783
1657414800000,0.138,910
1657501200000,0.136,645
1657587600000,0.131,722
1657674000000,0.14,582
1657760400000,0.137,865
1657846800000,0.137,838
1657933200000,0.131,1418
1658019600000,0.136,781
1658106000000,0.138,793
1658192400000,0.134,721
1658278800000,0.134,888
1658365200000,0.137,1181
1658451600000,0.139,858
1658538000000,0.133,1094
1658624400000,0.134,989
1658710800000,0.133,824
1658797200000,0.134,687
1658883600000,0.138,980
1658970000000,0.136,712
1659056400000,0.13,769
1659142800000,0.135,867
1659229200000,0.14,794
1659315600000,0.139,720
1659402000000,0.14,913
1659488400000,0.138,914
1659574800000,0.134,904
1659661200000,0.138,830
1659747600000,0.141,1736
1659834000000,0.134,907
1659920400000,0.132,860
1660006800000,0.133,496
1660093200000,0.139,893
1660179600000,0.139,998
1660266000000,0.142,1027
1660352400000,0.147,1104
1660438800000,0.15,779
1660525200000,0.151,924
1660611600000,0.16,653
1660698000000,0.154,926
1660784400000,0.152,1077
1660870800000,0.149,735
1660957200000,0.15,938
1661043600000,0.151,953
1661130000000,0.151,828
1661216400000,0.151,948
1661302800000,0.149,1065
1661389200000,0.146,1323
1661475600000,0.145,678
1661562000000,0.142,759
1661648400000,0.143,893
1661734800000,0.145,856
1661821200000,0.145,709
1661907600000,0.151,909
1661994000000,0.15,750
1662080400000,0.15,821
1662166800000,0.15,911
1662253200000,0.144,768
1662339600000,0.14,780
1662426000000,0.143,1037
1662512400000,0.15,771
1662598800000,0.146,688
1662685200000,0.15,806
1662771600000,0.144,799
1662858000000,0.144,882
1662944400000,0.151,813
1663030800000,0.155,968
1663117200000,0.151,861
1663203600000,0.151,698
1663290000000,0.151,873
1663376400000,0.141,1033
1663462800000,0.14,1035
1663549200000,0.14,948
1663635600000,0.139,654
1663722000000,0.143,871
1663808400000,0.145,799
1663894800000,0.145,806
1663981200000,0.15,863
1664067600000,0.151,706
1664154000000,0.149,966
1664240400000,0.146,1306
1664326800000,0.15,697
1664413200000,0.15,800
1664499600000,0.15,1005
1664586000000,0.15,938
1664672400000,0.143,949
1664758800000,0.141,606
1664845200000,0.148,706
1664931600000,0.159,1149
1665018000000,0.168,1269
1665104400000,0.167,1036
1665190800000,0.177,1159
1665277200000,0.185,1096
1665363600000,0.191,734
1665450000000,0.201,1040
1665536400000,0.2,787
1665622800000,0.2,732
1665709200000,0.186,589
1665795600000,0.184,858
1665882000000,0.181,750
1665968400000,0.178,650
1666054800000,0.176,524
1666141200000,0.169,645
1666227600000,0.168,739
1666314000000,0.172,891
1666400400000,0.171,1021
1666486800000,0.17,791
1666573200000,0.165,668
1666659600000,0.156,688
1666746000000,0.142,863
1666832400000,0.144,1054
1666918800000,0.143,866
1667005200000,0.14,641
1667091600000,0.145,974
1667178000000,0.153,938
1667264400000,0.148,646
1667350800000,0.143,633
1667437200000,0.145,867
1667523600000,0.151,904
1667610000000,0.151,906
1667696400000,0.158,965
1667782800000,0.16,658
1667869200000,0.161,552
1667955600000,0.155,640
1668042000000,0.15,650
1668128400000,0.156,723
1668214800000,0.159,692
1668301200000,0.16,701
1668387600000,0.158,499
1668474000000,0.154,798
1668560400000,0.152,779
1668646800000,0.151,842
1668733200000,0.152,763
1668819600000,0.156,1045
1668906000000,0.16,832
1668992400000,0.163,685
1669078800000,0.162,773
1669165200000,0.16,1407
1669251600000,0.157,827
1669338000000,0.142,967
1669424400000,0.14,976
1669510800000,0.141,1013
1669597200000,0.141,745
1669683600000,0.142,686
1669770000000,0.147,772
1669856400000,0.148,612
1669942800000,0.151,660
1670029200000,0.149,709
1670115600000,0.15,747
1670202000000,0.15,614
1670288400000,0.153,722
1670374800000,0.154,759
1670461200000,0.151,676
1670547600000,0.168,960
1670634000000,0.17,688
1670720400000,0.161,715
1670806800000,0.162,708
1670893200000,0.161,664
1670979600000,0.162,718
1671066000000,0.161,683
1671152400000,0.162,875
1671238800000,0.16,698
1671325200000,0.153,786
1671411600000,0.151,614
1671498000000,0.155,852
1671584400000,0.16,784
1671670800000,0.162,911
1671757200000,0.16,1052
1671843600000,0.154,1044
1671930000000,0.149,998
1672016400000,0.137,881
1672102800000,0.137,809
1672189200000,0.132,867
1672275600000,0.128,888
1672362000000,0.132,800
1672448400000,0.123,614
1672534800000,0.128,800
1672621200000,0.135,897
1672707600000,0.14,768
1672794000000,0.139,808
1672880400000,0.14,836
1672966800000,0.14,872
1673053200000,0.13,714
1673139600000,0.131,784
1673226000000,0.124,539
1673312400000,0.126,547
1673398800000,0.127,971
1673485200000,0.125,671
1673571600000,0.132,1011
1673658000000,0.127,817
1673744400000,0.13,920
1673830800000,0.129,618
1673917200000,0.131,636
1674003600000,0.127,644
1674090000000,0.127,724
1674176400000,0.128,798
1674262800000,0.13,1019
1674349200000,0.125,956
1674435600000,0.124,661
1674522000000,0.122,609
1674608400000,0.127,762
1674694800000,0.128,1256
1674781200000,0.131,708
1674867600000,0.133,1275
1674954000000,0.136,1204
1675040400000,0.14,1198
1675126800000,0.149,809
1675213200000,0.147,1055
1675299600000,0.149,1028
1675386000000,0.152,938
1675472400000,0.151,918
1675558800000,0.156,854
1675645200000,0.155,854
1675731600000,0.161,945
1675818000000,0.158,882
1675904400000,0.152,750
1675990800000,0.149,997
1676077200000,0.149,1200
1676163600000,0.151,1215
1676250000000,0.153,987
1676336400000,0.148,762
1676422800000,0.153,1027
1676509200000,0.147,1032
1676595600000,0.151,1190
1676682000000,0.15,1074
1676768400000,0.151,1307
1676854800000,0.147,780
1676941200000,0.141,912
1677027600000,0.141,982
1677114000000,0.141,1126
1677200400000,0.139,1253
1677286800000,0.139,1135
1677373200000,0.137,1167
1677459600000,0.136,1036
1677546000000,0.136,996
1677632400000,0.14,1170
1677718800000,0.143,1181
1677805200000,0.141,1033
1677891600000,0.142,1268
1677978000000,0.14,1922
1678064400000,0.14,1199
1678150800000,0.141,1124
1678237200000,0.145,1824
1678323600000,0.141,1207
1678410000000,0.142,1131
1678496400000,0.142,1411
1678582800000,0.146,1365
1678669200000,0.144,982
1678755600000,0.141,989
1678842000000,0.148,1311
1678928400000,0.144,1307
1679014800000,0.141,1654
1679101200000,0.141,1674
1679187600000,0.141,1502
1679274000000,0.141,1391
1679360400000,0.141,1296
1679446800000,0.148,2288
1679533200000,0.146,2306
1679619600000,0.152,3434
1679706000000,0.165,1902
1679792400000,0.171,1814
1679878800000,0.163,1551
1679965200000,0.166,1400
1680051600000,0.17,1659
1680138000000,0.169,1226
1680224400000,0.173,1280
1680310800000,0.173,2079
1680397200000,0.167,1546
1680483600000,0.177,1710
1680570000000,0.183,1386
1680656400000,0.179,1471
1680742800000,0.184,1926
1680829200000,0.192,1694
1680915600000,0.201,1492
1681002000000,0.205,1847
1681088400000,0.208,1438
1681174800000,0.219,1697
1681261200000,0.214,1573
1681347600000,0.22,1759
1681434000000,0.236,1330
1681520400000,0.236,1154
1681606800000,0.261,1498
1681693200000,0.243,1299
1681779600000,0.241,1009
1681866000000,0.247,1600
1681952400000,0.252,1996
1682038800000,0.258,488
1682060400000,0.241,56
1682064000000,0.249,83
1682067600000,0.243,69
1682071200000,0.243,40
1682074800000,0.241,88
1682078400000,0.241,87
1682082000000,0.244,54
1682085600000,0.255,102
1682089200000,0.243,103
1682092800000,0.246,107
1682096400000,0.262,136
1682100000000,0.249,71
1682103600000,0.25,98
1682107200000,0.259,183
1682110800000,0.253,112
1682114400000,0.243,64
1682118000000,0.24,62
1682121600000,0.249,67
1682125200000,0.278,159
1682128800000,0.249,67
1682132400000,0.28,92
1682136000000,0.28,97
1682139600000,0.292,108
1682143200000,0.262,125
1682146800000,0.27,33
1682150400000,0.27,36
1682154000000,0.277,68
1682157600000,0.28,103
1682161200000,0.29,126
1682164800000,0.27,101
1682168400000,0.26,61
1682172000000,0.27,63
1682175600000,0.286,124
1682179200000,0.26,77
1682182800000,0.252,61
1682186400000,0.257,113
1682190000000,0.265,113
1682193600000,0.26,101
1682197200000,0.26,76
1682200800000,0.265,86
1682204400000,0.283,141
1682208000000,0.29,119
1682211600000,0.26,30
1682215200000,0.27,52
1682218800000,0.29,229
1682222400000,0.286,54
1682226000000,0.291,97
1682229600000,0.293,77
1682233200000,0.28,84
1682236800000,0.3,56
1682240400000,0.3,168
1682244000000,0.31,140
1682247600000,0.27,88
1682251200000,0.29,87
1682254800000,0.27,83
1682258400000,0.261,54
1682262000000,0.261,90
1682265600000,0.27,104
1682269200000,0.27,81
1682272800000,0.277,103
1682276400000,0.275,93
1682280000000,0.275,88
1682283600000,0.27,71
1682287200000,0.282,98
1682290800000,0.27,57
1682294400000,0.295,136
1682298000000,0.3,115
1682301600000,0.27,21
1682305200000,0.305,63
1682308800000,0.28,66
1682312400000,0.277,38
1682316000000,0.286,41
1682319600000,0.283,27
1682323200000,0.286,44
1682326800000,0.29,33
1682330400000,0.29,75
1682334000000,0.31,111
1682337600000,0.3,148
1682341200000,0.29,58
1682344800000,0.29,77
1682348400000,0.31,143
1682352000000,0.3,153
1682355600000,0.29,74
1682359200000,0.29,86
1682362800000,0.286,94
1682366400000,0.286,99
1682370000000,0.28,75
1682373600000,0.28,75
1682377200000,0.278,86
1682380800000,0.29,77
1682384400000,0.28,49
1682388000000,0.286,113
1682391600000,0.32,269
1682395200000,0.333,149
1682398800000,0.34,208
1682402400000,0.34,127
1682406000000,0.314,85
1682409600000,0.32,137
1682413200000,0.317,85
1682416800000,0.297,123
1682420400000,0.316,251
1682424000000,0.3,110
1682427600000,0.31,134
1682431200000,0.3,143
1682434800000,0.291,133
1682438400000,0.31,183
1682442000000,0.291,146
1682445600000,0.294,111
1682449200000,0.29,127
1682452800000,0.29,118
1682456400000,0.28,88
1682460000000,0.29,122
1682463600000,0.278,27
1682467200000,0.286,77
1682470800000,0.275,42
1682474400000,0.272,48
1682478000000,0.3,151
1682481600000,0.31,70
1682485200000,0.298,39
1682488800000,0.29,23
1682492400000,0.295,46
1682496000000,0.29,52
1682499600000,0.309,78
1682503200000,0.28,94
1682506800000,0.278,59
1682510400000,0.281,68
1682514000000,0.278,89
1682517600000,0.275,103
1682521200000,0.29,125
1682524800000,0.283,98
1682528400000,0.286,113
1682532000000,0.27,94
1682535600000,0.28,142
1682539200000,0.27,114
1682542800000,0.27,127
1682546400000,0.27,105
1682550000000,0.259,52
1682553600000,0.26,69
1682557200000,0.26,31
1682560800000,0.276,57
1682564400000,0.259,24
1682568000000,0.269,45
1682571600000,0.27,40
1682575200000,0.28,34
1682578800000,0.27,31
1682582400000,0.27,41
1682586000000,0.283,81
1682589600000,0.27,39
1682593200000,0.276,66
1682596800000,0.299,100
1682600400000,0.277,97
1682604000000,0.296,138
1682607600000,0.286,99
1682611200000,0.27,77
1682614800000,0.27,90
1682618400000,0.27,90
1682622000000,0.261,94
1682625600000,0.259,89
1682629200000,0.258,72
1682632800000,0.26,80
1682636400000,0.264,99
1682640000000,0.253,31
1682643600000,0.26,54
1682647200000,0.275,108
1682650800000,0.286,63
1682654400000,0.259,30
1682658000000,0.29,71
1682661600000,0.29,44
1682665200000,0.277,45
1682668800000,0.293,70
1682672400000,0.271,51
1682676000000,0.281,53
1682679600000,0.278,66
1682683200000,0.286,92
1682686800000,0.292,108
1682690400000,0.278,85
1682694000000,0.29,137
1682697600000,0.289,106
1682701200000,0.271,65
1682704800000,0.286,88
1682708400000,0.28,96
1682712000000,0.27,80
1682715600000,0.268,104
1682719200000,0.286,152
1682722800000,0.275,71
1682726400000,0.278,65
1682730000000,0.26,35
1682733600000,0.309,116
1682737200000,0.248,24
1682740800000,0.266,43
1682744400000,0.3,55
1682748000000,0.3,39
1682751600000,0.275,40
1682755200000,0.266,40
1682758800000,0.275,49
1682762400000,0.26,577
1682766000000,0.264,62
1682769600000,0.256,70
1682773200000,0.26,76
1682776800000,0.28,78
1682780400000,0.289,98
1682784000000,0.28,82
1682787600000,0.28,101
1682791200000,0.28,91
1682794800000,0.28,109
1682798400000,0.283,138
1682802000000,0.27,84
1682805600000,0.27,71
1682809200000,0.264,47
1682812800000,0.248,36
1682816400000,0.26,58
1682820000000,0.28,79
1682823600000,0.27,33
1682827200000,0.275,30
1682830800000,0.27,37
1682834400000,0.277,49
1682838000000,0.29,68
1682841600000,0.28,53
1682845200000,0.287,115
1682848800000,0.276,76
1682852400000,0.28,98
1682856000000,0.276,73
1682859600000,0.276,71
1682863200000,0.287,161
1682866800000,0.28,81
1682870400000,0.274,76
1682874000000,0.27,57
1682877600000,0.277,121
1682881200000,0.276,82
1682884800000,0.275,97
1682888400000,0.28,144
1682892000000,0.27,47
1682895600000,0.266,53
1682899200000,0.26,30
1682902800000,0.276,51
1682906400000,0.25,25
1682910000000,0.26,40
1682913600000,0.254,28
1682917200000,0.26,20
1682920800000,0.275,45
1682924400000,0.28,87
1682928000000,0.287,114
1682931600000,0.27,47
1682935200000,0.266,77
1682938800000,0.26,96
1682942400000,0.26,76
1682946000000,0.26,77
1682949600000,0.26,52
1682953200000,0.26,90
1682956800000,0.277,90
1682960400000,0.26,57
1682964000000,0.279,117
1682967600000,0.26,74
1682971200000,0.26,64
1682974800000,0.26,60
1682978400000,0.26,70
1682982000000,0.27,59
1682985600000,0.25,35
1682989200000,0.267,146
1682992800000,0.244,26
1682996400000,0.243,26
1683000000000,0.26,50
1683003600000,0.256,36
1683007200000,0.261,38
1683010800000,0.266,40
1683014400000,0.272,113
1683018000000,0.25,64
1683021600000,0.257,36
1683025200000,0.253,50
1683028800000,0.25,40
1683032400000,0.256,48
1683036000000,0.267,141
1683039600000,0.253,63
1683043200000,0.26,54
1683046800000,0.253,56
1683050400000,0.253,79
1683054000000,0.25,73
1683057600000,0.253,65
1683061200000,0.26,107
1683064800000,0.25,56
1683068400000,0.256,33
1683072000000,0.25,27
1683075600000,0.25,25
1683079200000,0.247,28
1683082800000,0.25,29
1683086400000,0.274,63
1683090000000,0.263,61
1683093600000,0.27,44
1683097200000,0.272,46
1683100800000,0.261,40
1683104400000,0.254,31
1683108000000,0.27,80
1683111600000,0.25,48
1683115200000,0.256,67
1683118800000,0.274,149
1683122400000,0.25,52
1683126000000,0.251,60
1683129600000,0.262,78
1683133200000,0.261,85
1683136800000,0.25,86
1683140400000,0.263,118
1683144000000,0.256,111
1683147600000,0.25,87
1683151200000,0.25,80
1683154800000,0.25,35
1683158400000,0.25,26
1683162000000,0.255,40
1683165600000,0.255,23
1683169200000,0.25,19
1683172800000,0.255,16
1683176400000,0.255,65
1683180000000,0.256,54
1683183600000,0.257,120
1683187200000,0.256,57
1683190800000,0.259,103
1683194400000,0.267,72
1683198000000,0.26,70
1683201600000,0.266,88
1683205200000,0.276,152
1683208800000,0.276,118
1683212400000,0.253,41
1683216000000,0.255,67
1683219600000,0.255,87
1683223200000,0.271,82
1683226800000,0.265,144
1683230400000,0.26,81
1683234000000,0.252,55
1683237600000,0.25,46
1683241200000,0.25,64
1683244800000,0.25,36
1683248400000,0.25,54
1683252000000,0.25,44
1683255600000,0.253,98
1683259200000,0.269,192
1683262800000,0.28,115
1683266400000,0.26,60
1683270000000,0.253,66
1683273600000,0.243,64
1683277200000,0.253,71
1683280800000,0.27,101
1683284400000,0.253,77
1683288000000,0.25,73
1683291600000,0.25,66
1683295200000,0.25,42
1683298800000,0.246,27
1683302400000,0.25,88
1683306000000,0.255,132
1683309600000,0.253,128
1683313200000,0.24,90
1683316800000,0.24,114
1683320400000,0.23,77
1683324000000,0.23,80
1683327600000,0.23,42
1683331200000,0.23,37
1683334800000,0.226,53
1683338400000,0.224,27
1683342000000,0.23,43
1683345600000,0.216,29
1683349200000,0.22,36
1683352800000,0.232,65
1683356400000,0.248,74
1683360000000,0.245,96
1683363600000,0.25,147
1683367200000,0.23,45
1683370800000,0.24,66
1683374400000,0.239,91
1683378000000,0.253,106
1683381600000,0.25,59
1683385200000,0.244,59
1683388800000,0.245,81
1683392400000,0.244,87
1683396000000,0.249,163
1683399600000,0.252,107
1683403200000,0.229,83
1683406800000,0.229,81
1683410400000,0.23,74
1683414000000,0.227,47
1683417600000,0.227,41
1683421200000,0.228,37
1683424800000,0.23,46
1683428400000,0.24,85
1683432000000,0.248,198
1683435600000,0.24,31
1683439200000,0.253,110
1683442800000,0.25,35
1683446400000,0.245,54
1683450000000,0.244,72
1683453600000,0.241,61
1683457200000,0.24,52
1683460800000,0.241,74
1683464400000,0.25,66
1683468000000,0.26,195
1683471600000,0.244,56
1683475200000,0.247,110
1683478800000,0.264,188
1683482400000,0.24,66
1683486000000,0.241,98
1683489600000,0.24,52
1683493200000,0.237,57
1683496800000,0.241,68
1683500400000,0.24,52
1683504000000,0.241,57
1683507600000,0.234,26
1683511200000,0.245,34
1683514800000,0.23,18
1683518400000,0.25,139
1683522000000,0.25,33
1683525600000,0.24,20
1683529200000,0.254,95
1683532800000,0.26,95
1683536400000,0.256,79
1683540000000,0.233,44
1683543600000,0.233,60
1683547200000,0.257,88
1683550800000,0.267,126
1683554400000,0.264,117
1683558000000,0.264,87
1683561600000,0.264,113
1683565200000,0.264,95
1683568800000,0.242,75
1683572400000,0.24,49
1683576000000,0.24,74
1683579600000,0.225,41
1683583200000,0.225,62
1683586800000,0.219,29
1683590400000,0.218,28
1683594000000,0.215,15
1683597600000,0.24,38
1683601200000,0.243,34
1683604800000,0.245,88
1683608400000,0.241,15
1683612000000,0.25,42
1683615600000,0.253,45
1683619200000,0.247,40
1683622800000,0.222,30
1683626400000,0.24,44
1683630000000,0.235,61
1683633600000,0.235,57
1683637200000,0.23,58
1683640800000,0.257,120
1683644400000,0.255,94
1683648000000,0.26,85
1683651600000,0.242,49
1683655200000,0.253,133
1683658800000,0.256,105
1683662400000,0.27,97
1683666000000,0.252,50
1683669600000,0.268,86
1683673200000,0.274,93
1683676800000,0.24,28
1683680400000,0.228,25
1683684000000,0.26,47
1683687600000,0.263,36
1683691200000,0.276,84
1683694800000,0.28,62
1683698400000,0.278,100
1683702000000,0.252,61
1683705600000,0.281,114
1683709200000,0.283,65
1683712800000,0.28,50
1683716400000,0.284,57
1683720000000,0.25,53
1683723600000,0.244,47
1683727200000,0.248,58
1683730800000,0.26,87
1683734400000,0.265,112
1683738000000,0.257,65
1683741600000,0.25,65
1683745200000,0.244,80
1683748800000,0.25,74
1683752400000,0.25,86
1683756000000,0.25,55
1683759600000,0.25,45
1683763200000,0.26,33
1683766800000,0.253,43
1683770400000,0.26,39
1683774000000,0.251,46
1683777600000,0.27,102
1683781200000,0.244,10
1683784800000,0.276,47
1683788400000,0.265,35
1683792000000,0.264,33
1683795600000,0.27,43
1683799200000,0.278,86
1683802800000,0.253,42
1683806400000,0.274,60
1683810000000,0.274,57
1683813600000,0.264,68
1683817200000,0.264,52
1683820800000,0.29,114
1683824400000,0.3,136
1683828000000,0.274,86
1683831600000,0.261,73
1683835200000,0.258,73
1683838800000,0.261,98
1683842400000,0.261,63
1683846000000,0.256,43
1683849600000,0.26,38
1683853200000,0.26,15
1683856800000,0.262,20
1683860400000,0.263,42
1683864000000,0.27,75
1683867600000,0.28,68
1683871200000,0.29,30
1683874800000,0.27,32
1683878400000,0.282,33
1683882000000,0.286,46
1683885600000,0.288,39
1683889200000,0.278,43
1683892800000,0.305,112
1683896400000,0.286,59
1683900000000,0.27,58
1683903600000,0.273,46
1683907200000,0.273,75
1683910800000,0.299,78
1683914400000,0.273,88
1683918000000,0.276,91
1683921600000,0.26,73
1683925200000,0.26,61
1683928800000,0.26,62
1683932400000,0.26,47
1683936000000,0.28,124
1683939600000,0.255,18
1683943200000,0.28,75
1683946800000,0.26,21
1683950400000,0.262,20
1683954000000,0.283,54
1683957600000,0.263,18
1683961200000,0.275,28
1683964800000,0.26,37
1683968400000,0.26,42
1683972000000,0.267,83
1683975600000,0.26,55
1683979200000,0.274,61
1683982800000,0.265,61
1683986400000,0.265,62
1683990000000,0.267,77
1683993600000,0.27,79
1683997200000,0.29,63
1684000800000,0.28,58
1684004400000,0.274,59
1684008000000,0.275,74
1684011600000,0.26,49
1684015200000,0.26,49
1684018800000,0.256,33
1684022400000,0.26,61
1684026000000,0.258,22
1684029600000,0.27,32
1684033200000,0.276,49
1684036800000,0.286,52
1684040400000,0.267,15
1684044000000,0.29,70
1684047600000,0.287,51
1684051200000,0.286,64
1684054800000,0.29,52
1684058400000,0.294,75
1684062000000,0.274,54
1684065600000,0.26,37
1684069200000,0.268,68
1684072800000,0.269,72
1684076400000,0.267,50
1684080000000,0.276,72
1684083600000,0.269,82
1684087200000,0.278,80
1684090800000,0.267,90
1684094400000,0.27,68
1684098000000,0.261,56
1684101600000,0.249,33
1684105200000,0.27,50
1684108800000,0.26,33
1684112400000,0.291,59
1684116000000,0.27,18
1684119600000,0.29,41
1684123200000,0.29,61
1684126800000,0.29,46
1684130400000,0.287,24
1684134000000,0.27,18
1684137600000,0.26,17
1684141200000,0.293,108
1684144800000,0.28,32
1684148400000,0.27,36
1684152000000,0.293,119
1684155600000,0.298,76
1684159200000,0.294,90
1684162800000,0.27,50
1684166400000,0.27,60
1684170000000,0.283,79
1684173600000,0.267,49
1684177200000,0.28,114
1684180800000,0.26,65
1684184400000,0.29,137
1684188000000,0.27,58
1684191600000,0.27,58
1684195200000,0.27,31
1684198800000,0.27,25
1684202400000,0.27,26
1684206000000,0.27,12
1684209600000,0.265,20
1684213200000,0.276,21
1684216800000,0.277,27
1684220400000,0.293,101
1684224000000,0.287,33
1684227600000,0.301,49
1684231200000,0.302,77
1684234800000,0.28,51
1684238400000,0.27,35
1684242000000,0.301,102
1684245600000,0.304,119
1684249200000,0.28,59
1684252800000,0.3,114
1684256400000,0.29,97
1684260000000,0.29,62
1684263600000,0.277,47
1684267200000,0.27,77
1684270800000,0.28,77
1684274400000,0.28,60
1684278000000,0.27,11
1684281600000,0.28,37
1684285200000,0.28,13
1684288800000,0.29,49
1684292400000,0.3,60
1684296000000,0.309,33
1684299600000,0.31,25
1684303200000,0.31,51
1684306800000,0.315,102
1684310400000,0.3,44
1684314000000,0.29,118
1684317600000,0.29,85
1684321200000,0.329,218
1684324800000,0.304,48
1684328400000,0.302,52
1684332000000,0.302,60
1684335600000,0.304,143
1684339200000,0.29,64
1684342800000,0.299,84
1684346400000,0.299,85
1684350000000,0.29,88
1684353600000,0.288,53
1684357200000,0.29,69
1684360800000,0.29,66
1684364400000,0.29,42
1684368000000,0.29,44
1684371600000,0.3,53
1684375200000,0.29,12
1684378800000,0.3,18
1684382400000,0.295,20
1684386000000,0.29,21
1684389600000,0.29,29
1684393200000,0.29,22
1684396800000,0.29,22
1684400400000,0.291,43
1684404000000,0.303,63
1684407600000,0.29,40
1684411200000,0.3,78
1684414800000,0.3,42
1684418400000,0.3,50
1684422000000,0.3,97
1684425600000,0.31,100
1684429200000,0.3,79
1684432800000,0.329,172
1684436400000,0.29,55
1684440000000,0.29,131
1684443600000,0.29,84
1684447200000,0.29,61
1684450800000,0.29,52
1684454400000,0.29,28
1684458000000,0.286,29
1684461600000,0.287,19
1684465200000,0.29,22
1684468800000,0.29,33
1684472400000,0.3,43
1684476000000,0.3,40
1684479600000,0.288,24
1684483200000,0.29,36
1684486800000,0.31,141
1684490400000,0.29,39
1684494000000,0.3,43
1684497600000,0.29,49
1684501200000,0.29,62
1684504800000,0.29,46
1684508400000,0.3,100
1684512000000,0.3,62
1684515600000,0.309,99
1684519200000,0.29,56
1684522800000,0.286,46
1684526400000,0.29,59
1684530000000,0.29,64
1684533600000,0.29,57
1684537200000,0.29,55
1684540800000,0.29,38
1684544400000,0.301,85
1684548000000,0.29,26
1684551600000,0.3,36
1684555200000,0.29,34
1684558800000,0.31,61
1684562400000,0.3,36
1684566000000,0.312,41
1684569600000,0.308,39
1684573200000,0.29,26
1684576800000,0.29,47
1684580400000,0.3,74
1684584000000,0.29,51
1684587600000,0.29,54
1684591200000,0.3,79
1684594800000,0.302,77
1684598400000,0.301,77
1684602000000,0.302,69
1684605600000,0.29,87
1684609200000,0.29,77
1684612800000,0.29,44
1684616400000,0.29,50
1684620000000,0.29,27
1684623600000,0.3,79
1684627200000,0.31,51
1684630800000,0.301,39
1684634400000,0.311,39
1684638000000,0.31,40
1684641600000,0.29,22
1684645200000,0.29,22
