timestamp,price_dollar,sells
1385600400000,1.415,41
1385686800000,0.68,70
1385773200000,0.417,88
1385859600000,0.368,139
1385946000000,0.374,65
1386032400000,0.28,116
1386118800000,0.293,97
1386205200000,0.257,171
1386291600000,0.226,117
1386378000000,0.231,151
1386464400000,0.21,133
1386550800000,0.214,125
1386637200000,0.198,67
1386723600000,0.206,118
1386810000000,0.211,110
1386896400000,0.175,117
1386982800000,0.151,100
1387069200000,0.196,132
1387155600000,0.177,124
1387242000000,0.167,105
1387328400000,0.171,136
1387414800000,0.169,187
1387501200000,0.146,147
1387587600000,0.177,252
1387674000000,0.142,193
1387760400000,0.144,203
1387846800000,0.145,177
1387933200000,0.186,124
1388019600000,0.178,191
1388106000000,0.174,183
1388192400000,0.17,198
1388278800000,0.167,211
1388365200000,0.141,201
1388451600000,0.132,169
1388538000000,0.121,181
1388624400000,0.112,225
1388710800000,0.11,167
1388797200000,0.132,258
1388883600000,0.13,240
1388970000000,0.141,238
1389056400000,0.139,245
1389142800000,0.125,145
1389229200000,0.128,227
1389315600000,0.131,232
1389402000000,0.147,183
1389488400000,0.124,250
1389574800000,0.122,269
1389661200000,0.111,191
1389747600000,0.105,208
1389834000000,0.117,202
1389920400000,0.136,204
1390006800000,0.127,256
1390093200000,0.113,306
1390179600000,0.128,262
1390266000000,0.117,230
1390352400000,0.122,273
1390438800000,0.119,278
1390525200000,0.116,256
1390611600000,0.128,321
1390698000000,0.111,275
1390784400000,0.102,306
1390870800000,0.104,236
1390957200000,0.098,299
1391043600000,0.094,278
1391130000000,0.096,267
1391216400000,0.102,331
1391302800000,0.11,355
1391389200000,0.107,301
1391475600000,0.107,255
1391562000000,0.106,235
1391648400000,0.094,253
1391734800000,0.1,341
1391821200000,0.093,283
1391907600000,0.093,411
1391994000000,0.095,322
1392080400000,0.102,293
1392166800000,0.096,296
1392253200000,0.081,353
1392339600000,0.08,302
1392426000000,0.078,373
1392512400000,0.082,372
1392598800000,0.088,373
1392685200000,0.081,312
1392771600000,0.078,312
1392858000000,0.076,307
1392944400000,0.062,363
1393030800000,0.057,438
1393117200000,0.062,435
1393203600000,0.065,445
1393290000000,0.072,370
1393376400000,0.069,366
1393462800000,0.078,454
1393549200000,0.076,482
1393635600000,0.078,562
1393722000000,0.073,496
1393808400000,0.077,587
1393894800000,0.077,360
1393981200000,0.068,378
1394067600000,0.078,355
1394154000000,0.074,348
1394240400000,0.073,495
1394326800000,0.072,521
1394413200000,0.069,479
1394499600000,0.074,372
1394586000000,0.076,317
1394672400000,0.087,285
1394758800000,0.084,301
1394845200000,0.07,524
1394931600000,0.058,603
1395018000000,0.073,466
1395104400000,0.073,358
1395190800000,0.068,460
1395277200000,0.073,391
1395363600000,0.072,415
1395450000000,0.076,590
1395536400000,0.072,524
1395622800000,0.072,467
1395709200000,0.072,358
1395795600000,0.076,396
1395882000000,0.071,431
1395968400000,0.063,398
1396054800000,0.071,586
1396141200000,0.077,582
1396227600000,0.075,386
1396314000000,0.084,262
1396400400000,0.071,413
1396486800000,0.073,450
1396573200000,0.075,453
1396659600000,0.075,436
1396746000000,0.074,498
1396832400000,0.075,399
1396918800000,0.073,452
1397005200000,0.068,466
1397091600000,0.074,368
1397178000000,0.069,475
1397264400000,0.081,536
1397350800000,0.076,510
1397437200000,0.07,610
1397523600000,0.073,528
1397610000000,0.067,464
1397696400000,0.07,646
1397782800000,0.071,508
1397869200000,0.075,644
1397955600000,0.075,514
1398042000000,0.063,582
1398128400000,0.066,540
1398214800000,0.074,669
1398301200000,0.077,509
1398387600000,0.079,479
1398474000000,0.07,528
1398560400000,0.076,602
1398646800000,0.059,548
1398733200000,0.065,579
1398819600000,0.068,511
1398906000000,0.069,545
1398992400000,0.054,372
1399078800000,0.057,536
1399165200000,0.056,609
1399251600000,0.057,635
1399338000000,0.059,610
1399424400000,0.056,633
1399510800000,0.059,639
1399597200000,0.057,738
1399683600000,0.052,701
1399770000000,0.051,734
1399856400000,0.051,532
1399942800000,0.052,579
1400029200000,0.053,729
1400115600000,0.081,1304
1400202000000,0.094,906
1400288400000,0.085,891
1400374800000,0.078,793
1400461200000,0.076,734
1400547600000,0.081,855
1400634000000,0.082,619
1400720400000,0.077,682
1400806800000,0.077,737
1400893200000,0.08,798
1400979600000,0.08,793
1401066000000,0.077,720
1401152400000,0.075,708
1401238800000,0.074,620
1401325200000,0.078,619
1401411600000,0.076,697
1401498000000,0.076,671
1401584400000,0.074,879
1401670800000,0.076,680
1401757200000,0.072,653
1401843600000,0.069,684
1401930000000,0.068,676
1402016400000,0.069,650
1402102800000,0.069,666
1402189200000,0.07,763
1402275600000,0.074,686
1402362000000,0.069,750
1402448400000,0.068,609
1402534800000,0.069,609
1402621200000,0.072,878
1402707600000,0.068,689
1402794000000,0.072,868
1402880400000,0.065,798
1402966800000,0.063,933
1403053200000,0.069,730
1403139600000,0.059,745
1403226000000,0.053,868
1403312400000,0.049,876
1403398800000,0.049,762
1403485200000,0.049,835
1403571600000,0.049,895
1403658000000,0.046,761
1403744400000,0.051,894
1403830800000,0.051,818
1403917200000,0.054,806
1404003600000,0.056,1089
1404090000000,0.057,1108
1404176400000,0.076,999
1404262800000,0.057,948
1404349200000,0.059,855
1404435600000,0.064,735
1404522000000,0.074,696
1404608400000,0.07,809
1404694800000,0.071,655
1404781200000,0.068,798
1404867600000,0.073,799
1404954000000,0.074,1091
1405040400000,0.076,814
1405126800000,0.077,765
1405213200000,0.075,729
1405299600000,0.078,844
1405386000000,0.076,779
1405472400000,0.078,836
1405558800000,0.08,799
1405645200000,0.074,832
1405731600000,0.075,826
1405818000000,0.074,865
1405904400000,0.072,702
1405990800000,0.073,805
1406077200000,0.078,734
1406163600000,0.072,728
1406250000000,0.075,818
1406336400000,0.076,932
1406422800000,0.077,879
1406509200000,0.078,793
1406595600000,0.077,922
1406682000000,0.08,862
1406768400000,0.08,867
1406854800000,0.076,999
1406941200000,0.086,879
1407027600000,0.079,971
1407114000000,0.081,1000
1407200400000,0.066,974
1407286800000,0.069,949
1407373200000,0.075,899
1407459600000,0.079,991
1407546000000,0.081,880
1407632400000,0.076,871
1407718800000,0.079,952
1407805200000,0.09,1041
1407891600000,0.083,843
1407978000000,0.076,924
1408064400000,0.069,894
1408150800000,0.075,1015
1408237200000,0.056,1287
1408323600000,0.059,920
1408410000000,0.069,986
1408496400000,0.078,1047
1408582800000,0.08,1214
1408669200000,0.084,904
1408755600000,0.082,950
1408842000000,0.084,911
1408928400000,0.079,1001
1409014800000,0.084,1056
1409101200000,0.086,831
1409187600000,0.083,930
1409274000000,0.082,1181
1409360400000,0.089,1274
1409446800000,0.092,1308
1409533200000,0.088,1085
1409619600000,0.087,954
1409706000000,0.093,913
1409792400000,0.09,829
1409878800000,0.086,931
1409965200000,0.091,1064
1410051600000,0.09,1047
1410138000000,0.089,844
1410224400000,0.089,803
1410310800000,0.088,730
1410397200000,0.083,954
1410483600000,0.077,1034
1410570000000,0.075,1252
1410656400000,0.079,1048
1410742800000,0.079,1013
1410829200000,0.08,923
1410915600000,0.083,946
1411002000000,0.082,870
1411088400000,0.077,1006
1411174800000,0.082,1194
1411261200000,0.082,967
1411347600000,0.074,838
1411434000000,0.076,839
1411520400000,0.078,778
1411606800000,0.081,770
1411693200000,0.081,801
1411779600000,0.076,1094
1411866000000,0.079,1033
1411952400000,0.076,876
1412038800000,0.078,896
1412125200000,0.08,889
1412211600000,0.078,886
1412298000000,0.079,957
1412384400000,0.082,1259
1412470800000,0.082,1182
1412557200000,0.08,790
1412643600000,0.085,839
1412730000000,0.079,907
1412816400000,0.08,976
1412902800000,0.077,1007
1412989200000,0.078,1282
1413075600000,0.081,1162
1413162000000,0.08,937
1413248400000,0.083,794
1413334800000,0.082,924
1413421200000,0.081,904
1413507600000,0.077,1012
1413594000000,0.075,1201
1413680400000,0.075,1202
1413766800000,0.075,798
1413853200000,0.073,830
1413939600000,0.078,906
1414026000000,0.075,896
1414112400000,0.075,1039
1414198800000,0.08,1040
1414285200000,0.078,1366
1414371600000,0.079,1034
1414458000000,0.082,879
1414544400000,0.084,921
1414630800000,0.087,925
1414717200000,0.07,1172
1414803600000,0.066,1256
1414890000000,0.068,1265
1414976400000,0.067,981
1415062800000,0.071,1032
1415149200000,0.071,980
1415235600000,0.07,956
1415322000000,0.074,1114
1415408400000,0.074,1291
1415494800000,0.079,1331
1415581200000,0.076,910
1415667600000,0.07,1019
1415754000000,0.056,1278
1415840400000,0.055,1206
1415926800000,0.058,1095
1416013200000,0.059,1364
1416099600000,0.059,1352
1416186000000,0.07,1201
1416272400000,0.077,909
1416358800000,0.077,1039
1416445200000,0.069,854
1416531600000,0.062,1015
1416618000000,0.053,1230
1416704400000,0.056,1155
1416790800000,0.052,969
1416877200000,0.057,726
1416963600000,0.054,908
1417050000000,0.054,1123
1417136400000,0.05,1115
1417222800000,0.073,125
1417309200000,0.055,1958
1417395600000,0.048,1069
1417482000000,0.056,1219
1417568400000,0.059,1129
1417654800000,0.063,1063
1417741200000,0.069,1304
1417827600000,0.075,1566
1417914000000,0.072,1502
1418000400000,0.069,1011
1418086800000,0.067,1077
1418173200000,0.069,1263
1418259600000,0.071,1245
1418346000000,0.062,1268
1418432400000,0.062,1559
1418518800000,0.065,1650
1418605200000,0.06,1302
1418691600000,0.054,1332
1418778000000,0.064,1242
1418864400000,0.064,1180
1418950800000,0.061,1193
1419037200000,0.057,1238
1419123600000,0.057,1513
1419210000000,0.056,1354
1419296400000,0.062,1105
1419382800000,0.058,1369
1419469200000,0.062,1360
1419555600000,0.07,1460
1419642000000,0.067,1985
1419728400000,0.067,1584
1419814800000,0.067,1749
1419901200000,0.067,1809
1419987600000,0.07,1515
1420074000000,0.073,1348
1420160400000,0.073,1894
1420246800000,0.075,2142
1420333200000,0.077,1821
1420419600000,0.074,1819
1420506000000,0.072,1603
1420592400000,0.075,1436
1420678800000,0.077,1709
1420765200000,0.067,2108
1420851600000,0.07,2250
1420938000000,0.072,2427
1421024400000,0.07,2071
1421110800000,0.069,1883
1421197200000,0.072,1964
1421283600000,0.071,1880
1421370000000,0.071,2228
1421456400000,0.073,2442
1421542800000,0.075,2448
1421629200000,0.071,2021
1421715600000,0.073,1852
1421802000000,0.073,1980
1421888400000,0.076,1886
1421974800000,0.077,2124
1422061200000,0.078,2230
1422147600000,0.079,2869
1422234000000,0.075,2152
1422320400000,0.077,2087
1422406800000,0.08,1786
1422493200000,0.075,2187
1422579600000,0.071,2372
1422666000000,0.071,2748
1422752400000,0.068,2644
1422838800000,0.07,2308
1422925200000,0.07,2195
1423011600000,0.074,1908
1423098000000,0.069,2041
1423184400000,0.068,2100
1423270800000,0.07,2543
1423357200000,0.068,2587
1423443600000,0.074,2015
1423530000000,0.073,1858
1423616400000,0.069,1776
1423702800000,0.066,1979
1423789200000,0.07,2376
1423875600000,0.072,2387
1423962000000,0.068,2540
1424048400000,0.066,2308
1424134800000,0.067,1822
1424221200000,0.069,1948
1424307600000,0.069,1920
1424394000000,0.069,2182
1424480400000,0.073,2228
1424566800000,0.075,2555
1424653200000,0.071,1906
1424739600000,0.072,1900
1424826000000,0.071,1887
1424912400000,0.072,1660
1424998800000,0.072,2503
1425085200000,0.067,2319
1425171600000,0.066,2441
1425258000000,0.068,2266
1425344400000,0.07,1697
1425430800000,0.066,1717
1425517200000,0.066,1847
1425603600000,0.07,2009
1425690000000,0.066,2462
1425776400000,0.065,2247
1425862800000,0.062,1999
1425949200000,0.06,1742
1426035600000,0.062,1715
1426122000000,0.061,1453
1426208400000,0.057,1972
1426294800000,0.058,2761
1426381200000,0.047,2820
1426467600000,0.045,2230
1426554000000,0.057,2174
1426640400000,0.062,1639
1426726800000,0.063,1796
1426813200000,0.066,2111
1426899600000,0.061,2801
1426986000000,0.062,2801
1427072400000,0.064,2224
1427158800000,0.068,2133
1427245200000,0.071,2224
1427331600000,0.068,2213
1427418000000,0.067,2390
1427504400000,0.073,2579
1427590800000,0.067,2673
1427677200000,0.068,2232
1427763600000,0.067,2197
1427850000000,0.07,2767
1427936400000,0.074,2483
1428022800000,0.076,2435
1428109200000,0.069,2854
1428195600000,0.073,3045
1428282000000,0.072,2291
1428368400000,0.079,2321
1428454800000,0.076,1960
1428541200000,0.075,2095
1428627600000,0.075,1810
1428714000000,0.078,2923
1428800400000,0.075,2653
1428886800000,0.075,2011
1428973200000,0.068,1758
1429059600000,0.069,1873
1429146000000,0.059,2217
1429232400000,0.057,2482
1429318800000,0.057,3229
1429405200000,0.059,2774
1429491600000,0.057,2602
1429578000000,0.058,2495
1429664400000,0.059,2428
1429750800000,0.061,2237
1429837200000,0.06,2618
1429923600000,0.059,3134
1430010000000,0.058,3014
1430096400000,0.061,2569
1430182800000,0.059,2255
1430269200000,0.06,2402
1430355600000,0.061,2566
1430442000000,0.06,2417
1430528400000,0.059,3260
1430614800000,0.062,3442
1430701200000,0.059,2738
1430787600000,0.062,2550
1430874000000,0.063,2264
1430960400000,0.062,2227
1431046800000,0.059,2750
1431133200000,0.058,3018
1431219600000,0.058,3015
1431306000000,0.061,2670
1431392400000,0.059,2294
1431478800000,0.06,2287
1431565200000,0.062,2362
1431651600000,0.06,2043
1431738000000,0.061,2929
1431824400000,0.059,2894
1431910800000,0.06,2008
1431997200000,0.058,2206
1432083600000,0.059,2217
1432170000000,0.06,2242
1432256400000,0.061,2462
1432342800000,0.059,2883
1432429200000,0.058,2466
1432515600000,0.057,2514
1432602000000,0.056,2416
1432688400000,0.035,2676
1432774800000,0.037,2956
1432861200000,0.044,2983
1432947600000,0.047,2804
1433034000000,0.052,2824
1433120400000,0.053,2375
1433206800000,0.055,2097
1433293200000,0.055,2776
1433379600000,0.053,2565
1433466000000,0.054,2853
1433552400000,0.05,2470
1433638800000,0.051,2427
1433725200000,0.051,2207
1433811600000,0.051,1970
1433898000000,0.055,2955
1433984400000,0.051,2437
1434070800000,0.044,2523
1434157200000,0.043,2519
1434243600000,0.041,2432
1434330000000,0.042,2148
1434416400000,0.04,1957
1434502800000,0.042,2166
1434589200000,0.042,2080
1434675600000,0.042,1984
1434762000000,0.043,2182
1434848400000,0.043,2139
1434934800000,0.044,1937
1435021200000,0.055,2234
1435107600000,0.049,2111
1435194000000,0.052,2166
1435280400000,0.052,2382
1435366800000,0.055,2489
1435453200000,0.062,2442
1435539600000,0.056,1918
1435626000000,0.06,1847
1435712400000,0.056,2151
1435798800000,0.062,2334
1435885200000,0.063,1764
1435971600000,0.058,1821
1436058000000,0.054,1610
1436144400000,0.054,1520
1436230800000,0.056,1647
1436317200000,0.054,1740
1436403600000,0.061,2399
1436490000000,0.057,1850
1436576400000,0.06,2201
1436662800000,0.059,2173
1436749200000,0.055,1862
1436835600000,0.058,2223
1436922000000,0.056,2455
1437008400000,0.061,2164
1437094800000,0.061,2274
1437181200000,0.062,2434
1437267600000,0.062,1795
1437354000000,0.061,2017
1437440400000,0.065,1898
1437526800000,0.063,2073
1437613200000,0.063,2875
1437699600000,0.066,2151
1437786000000,0.06,1597
1437872400000,0.059,1408
1437958800000,0.064,2554
1438045200000,0.067,2582
1438131600000,0.066,2557
1438218000000,0.063,1974
1438304400000,0.058,2194
1438390800000,0.066,2326
1438477200000,0.06,1856
1438563600000,0.065,1956
1438650000000,0.066,1799
1438736400000,0.061,2189
1438822800000,0.059,2002
1438909200000,0.06,2247
1438995600000,0.064,1956
1439082000000,0.066,1714
1439168400000,0.072,1929
1439254800000,0.063,1741
1439341200000,0.062,2222
1439427600000,0.064,1960
1439514000000,0.068,2235
1439600400000,0.065,2144
1439686800000,0.053,1687
1439773200000,0.044,1656
1439859600000,0.05,1714
1439946000000,0.052,1950
1440032400000,0.048,2179
1440118800000,0.046,2247
1440205200000,0.044,1961
1440291600000,0.04,2504
1440378000000,0.039,2240
1440464400000,0.051,1943
1440550800000,0.051,2266
1440637200000,0.052,2132
1440723600000,0.055,2120
1440810000000,0.056,1678
1440896400000,0.06,2753
1440982800000,0.065,1906
1441069200000,0.062,1552
1441155600000,0.06,2211
1441242000000,0.061,2149
1441328400000,0.065,2184
1441414800000,0.064,2608
1441501200000,0.062,2337
1441587600000,0.068,1817
1441674000000,0.069,1927
1441760400000,0.072,1969
1441846800000,0.068,2186
1441933200000,0.062,1834
1442019600000,0.066,2913
1442106000000,0.068,2449
1442192400000,0.072,2174
1442278800000,0.069,1852
1442365200000,0.071,2386
1442451600000,0.071,2073
1442538000000,0.067,2831
1442624400000,0.069,3020
1442710800000,0.067,2530
1442797200000,0.066,2576
1442883600000,0.068,2272
1442970000000,0.066,2686
1443056400000,0.06,2276
1443142800000,0.064,2687
1443229200000,0.059,2671
1443315600000,0.06,2495
1443402000000,0.062,2014
1443488400000,0.065,2650
1443574800000,0.062,2152
1443661200000,0.062,2122
1443747600000,0.057,1876
1443834000000,0.063,3292
1443920400000,0.06,2472
1444006800000,0.062,2353
1444093200000,0.065,1723
1444179600000,0.061,2253
1444266000000,0.058,2127
1444352400000,0.06,2727
1444438800000,0.064,2500
1444525200000,0.067,2893
1444611600000,0.069,2185
1444698000000,0.069,1835
1444784400000,0.058,2468
1444870800000,0.057,2346
1444957200000,0.052,1773
1445043600000,0.051,2291
1445130000000,0.052,2769
1445216400000,0.051,1665
1445302800000,0.054,1913
1445389200000,0.046,2204
1445475600000,0.043,1876
1445562000000,0.043,2468
1445648400000,0.044,2624
1445734800000,0.042,2533
1445821200000,0.045,2012
1445907600000,0.05,2000
1445994000000,0.041,2611
1446080400000,0.04,1990
1446166800000,0.041,2589
1446253200000,0.039,2492
1446339600000,0.036,3208
1446426000000,0.041,2485
1446512400000,0.041,1820
1446598800000,0.042,2446
1446685200000,0.04,1897
1446771600000,0.044,2502
1446858000000,0.045,2539
1446944400000,0.047,2657
1447030800000,0.055,1949
1447117200000,0.049,1646
1447203600000,0.049,1977
1447290000000,0.046,2011
1447376400000,0.044,1824
1447462800000,0.043,1920
1447549200000,0.045,2556
1447635600000,0.047,2044
1447722000000,0.051,2168
1447808400000,0.049,2696
1447894800000,0.048,2211
1447981200000,0.048,2213
1448067600000,0.046,2408
1448154000000,0.041,2156
1448240400000,0.039,1799
1448326800000,0.044,2036
1448413200000,0.045,2245
1448499600000,0.037,2027
1448586000000,0.037,2512
1448672400000,0.035,2324
1448758800000,0.032,2678
1448845200000,0.037,1771
1448931600000,0.037,1660
1449018000000,0.039,1614
1449104400000,0.042,2004
1449190800000,0.044,1863
1449277200000,0.045,2109
1449363600000,0.044,2031
1449450000000,0.045,2002
1449536400000,0.046,2001
1449622800000,0.041,2212
1449709200000,0.04,2125
1449795600000,0.046,2211
1449882000000,0.045,2586
1449968400000,0.047,2435
1450054800000,0.049,2408
1450141200000,0.051,1850
1450227600000,0.051,2018
1450314000000,0.044,1757
1450400400000,0.044,2084
1450486800000,0.043,2390
1450573200000,0.042,2000
1450659600000,0.043,1651
1450746000000,0.039,1864
1450832400000,0.034,2561
1450918800000,0.031,2374
1451005200000,0.034,2057
1451091600000,0.035,2439
1451178000000,0.037,2512
1451264400000,0.038,2600
1451350800000,0.042,2498
1451437200000,0.04,2856
1451523600000,0.042,2830
1451610000000,0.039,2373
1451696400000,0.038,2839
1451782800000,0.036,2695
1451869200000,0.04,2224
1451955600000,0.045,1746
1452042000000,0.04,2229
1452128400000,0.042,2244
1452214800000,0.046,2405
1452301200000,0.042,2597
1452387600000,0.044,2399
1452474000000,0.042,1622
1452560400000,0.051,2589
1452646800000,0.05,2257
1452733200000,0.047,1749
1452819600000,0.045,1875
1452906000000,0.042,1989
1452992400000,0.041,2147
1453078800000,0.042,1615
1453165200000,0.045,1690
1453251600000,0.043,1763
1453338000000,0.044,2120
1453424400000,0.044,1782
1453510800000,0.042,1901
1453597200000,0.044,1731
1453683600000,0.043,1750
1453770000000,0.047,1901
1453856400000,0.044,1990
1453942800000,0.046,2168
1454029200000,0.045,1757
1454115600000,0.044,2706
1454202000000,0.044,2006
1454288400000,0.046,1530
1454374800000,0.045,1445
1454461200000,0.041,1912
1454547600000,0.041,1939
1454634000000,0.044,1912
1454720400000,0.042,2478
1454806800000,0.04,2224
1454893200000,0.043,1437
1454979600000,0.04,1497
1455066000000,0.039,1905
1455152400000,0.036,1873
1455238800000,0.036,1845
1455325200000,0.035,2742
1455411600000,0.038,2178
1455498000000,0.04,2189
1455584400000,0.04,1498
1455670800000,0.044,2196
1455757200000,0.034,2444
1455843600000,0.032,2294
1455930000000,0.031,2925
1456016400000,0.034,2828
1456102800000,0.035,2364
1456189200000,0.037,2080
1456275600000,0.041,2413
1456362000000,0.043,3132
1456448400000,0.047,2697
1456534800000,0.046,3144
1456621200000,0.049,2360
1456707600000,0.047,2889
1456794000000,0.048,2659
1456880400000,0.046,3826
1456966800000,0.047,2228
1457053200000,0.047,2898
1457139600000,0.048,2582
1457226000000,0.045,2651
1457312400000,0.045,2849
1457398800000,0.049,2550
1457485200000,0.046,2439
1457571600000,0.051,1421
1457658000000,0.054,1796
1457744400000,0.052,1419
1457830800000,0.058,1395
1457917200000,0.057,1655
1458003600000,0.055,1021
1458090000000,0.054,1147
1458176400000,0.055,1770
1458262800000,0.059,1296
1458349200000,0.059,2374
1458435600000,0.055,1291
1458522000000,0.057,1057
1458608400000,0.061,921
1458694800000,0.057,1131
1458781200000,0.059,1212
1458867600000,0.061,1625
1458954000000,0.057,1438
1459040400000,0.056,1358
1459126800000,0.056,1442
1459213200000,0.058,1221
1459299600000,0.061,1578
1459386000000,0.057,1282
1459472400000,0.059,1697
1459558800000,0.059,2460
1459645200000,0.055,2132
1459731600000,0.052,1471
1459818000000,0.06,1395
1459904400000,0.063,1666
1459990800000,0.068,1552
1460077200000,0.07,1250
1460163600000,0.062,1408
1460250000000,0.063,1517
1460336400000,0.064,1285
1460422800000,0.065,1388
1460509200000,0.063,1413
1460595600000,0.061,1522
1460682000000,0.059,1146
1460768400000,0.063,1585
1460854800000,0.065,1621
1460941200000,0.064,1128
1461027600000,0.064,1163
1461114000000,0.065,1555
1461200400000,0.061,1481
1461286800000,0.071,1703
1461373200000,0.068,1402
1461459600000,0.066,1817
1461546000000,0.063,1058
1461632400000,0.061,1307
1461718800000,0.067,1343
1461805200000,0.062,1301
1461891600000,0.065,1588
1461978000000,0.068,1685
1462064400000,0.063,1544
1462150800000,0.064,1340
1462237200000,0.065,1563
1462323600000,0.067,1427
1462410000000,0.063,1460
1462496400000,0.062,1508
1462582800000,0.063,1732
1462669200000,0.061,1353
1462755600000,0.064,1257
1462842000000,0.066,1267
1462928400000,0.064,1635
1463014800000,0.064,1653
1463101200000,0.063,1800
1463187600000,0.056,1611
1463274000000,0.059,1863
1463360400000,0.061,1203
1463446800000,0.055,1331
1463533200000,0.052,1460
1463619600000,0.056,1177
1463706000000,0.058,1113
1463792400000,0.058,1247
1463878800000,0.058,1374
1463965200000,0.056,1578
1464051600000,0.059,1197
1464138000000,0.055,1187
1464224400000,0.052,1439
1464310800000,0.046,1411
1464397200000,0.044,1502
1464483600000,0.047,1474
1464570000000,0.046,1453
1464656400000,0.049,1412
1464742800000,0.047,2201
1464829200000,0.048,1461
1464915600000,0.046,1610
1465002000000,0.047,1611
1465088400000,0.047,1602
1465174800000,0.047,1394
1465261200000,0.047,1291
1465347600000,0.051,1871
1465434000000,0.057,1896
1465520400000,0.053,1136
1465606800000,0.047,1022
1465693200000,0.047,1581
1465779600000,0.049,1301
1465866000000,0.055,1238
1465952400000,0.056,1309
1466038800000,0.047,1307
1466125200000,0.043,1750
1466211600000,0.049,1880
1466298000000,0.047,2483
1466384400000,0.051,1255
1466470800000,0.052,1581
1466557200000,0.048,2098
1466643600000,0.041,1475
1466730000000,0.038,1644
1466816400000,0.041,1951
1466902800000,0.04,1370
1466989200000,0.036,1304
1467075600000,0.037,1382
1467162000000,0.037,1541
1467248400000,0.038,2430
1467334800000,0.037,1261
1467421200000,0.037,1692
1467507600000,0.037,1694
1467594000000,0.039,2341
1467680400000,0.043,1350
1467766800000,0.04,1603
1467853200000,0.05,2515
1467939600000,0.05,1735
1468026000000,0.052,1953
1468112400000,0.055,2118
1468198800000,0.054,1321
1468285200000,0.053,1869
1468371600000,0.055,1509
1468458000000,0.055,1549
1468544400000,0.057,1563
1468630800000,0.057,1911
1468717200000,0.058,1306
1468803600000,0.06,1409
1468890000000,0.058,1764
1468976400000,0.059,1684
1469062800000,0.06,1597
1469149200000,0.061,1478
1469235600000,0.058,1269
1469322000000,0.057,1608
1469408400000,0.058,1268
1469494800000,0.054,1686
1469581200000,0.059,1850
1469667600000,0.059,2040
1469754000000,0.057,1772
1469840400000,0.057,1895
1469926800000,0.056,1590
1470013200000,0.056,1489
1470099600000,0.056,1529
1470186000000,0.057,1522
1470272400000,0.053,1186
1470358800000,0.056,1809
1470445200000,0.051,2357
1470531600000,0.042,1870
1470618000000,0.039,1591
1470704400000,0.041,1389
1470790800000,0.039,1323
1470877200000,0.04,1561
1470963600000,0.04,1906
1471050000000,0.046,1611
1471136400000,0.047,1707
1471222800000,0.044,1745
1471309200000,0.045,1425
1471395600000,0.043,2190
1471482000000,0.043,2018
1471568400000,0.042,2247
1471654800000,0.04,1696
1471741200000,0.039,1694
1471827600000,0.035,1705
1471914000000,0.045,1585
1472000400000,0.043,2070
1472086800000,0.041,1778
1472173200000,0.041,2051
1472259600000,0.041,2380
1472346000000,0.042,2500
1472432400000,0.048,1934
1472518800000,0.048,2534
1472605200000,0.042,1927
1472691600000,0.038,1782
1472778000000,0.039,1965
1472864400000,0.038,1709
1472950800000,0.037,2129
1473037200000,0.036,1432
1473123600000,0.037,1531
1473210000000,0.04,1469
1473296400000,0.035,2631
1473382800000,0.035,1805
1473469200000,0.036,1931
1473555600000,0.037,1561
1473642000000,0.035,987
1473728400000,0.036,1149
1473814800000,0.035,1541
1473901200000,0.036,1278
1473987600000,0.036,2036
1474074000000,0.036,2050
1474160400000,0.036,2146
1474246800000,0.038,1308
1474333200000,0.036,1141
1474419600000,0.037,2038
1474506000000,0.037,1174
1474592400000,0.037,1322
1474678800000,0.037,1838
1474765200000,0.037,1960
1474851600000,0.04,1511
1474938000000,0.035,1355
1475024400000,0.039,1444
1475110800000,0.038,1831
1475197200000,0.038,1579
1475283600000,0.038,1397
1475370000000,0.036,1716
1475456400000,0.035,1398
1475542800000,0.037,1931
1475629200000,0.038,1412
1475715600000,0.037,2109
1475802000000,0.037,1213
1475888400000,0.035,1881
1475974800000,0.035,2085
1476061200000,0.034,1680
1476147600000,0.031,915
1476234000000,0.035,1438
1476320400000,0.037,1699
1476406800000,0.037,2405
1476493200000,0.035,1896
1476579600000,0.033,1734
1476666000000,0.035,1999
1476752400000,0.037,1079
1476838800000,0.035,1790
1476925200000,0.036,1176
1477011600000,0.037,1621
1477098000000,0.036,1280
1477184400000,0.036,1160
1477270800000,0.035,1263
1477357200000,0.037,1330
1477443600000,0.036,1419
1477530000000,0.037,1854
1477616400000,0.034,772
1477702800000,0.038,1137
1477789200000,0.035,1284
1477875600000,0.032,1700
1477962000000,0.03,830
1478048400000,0.03,1559
1478134800000,0.03,1357
1478221200000,0.034,1103
1478307600000,0.032,1342
1478394000000,0.035,1706
1478480400000,0.036,858
1478566800000,0.033,1949
1478653200000,0.037,887
1478739600000,0.04,1284
1478826000000,0.036,1245
1478912400000,0.035,1143
1478998800000,0.035,2111
1479085200000,0.036,785
1479171600000,0.036,884
1479258000000,0.037,1036
1479344400000,0.037,1764
1479430800000,0.036,890
1479517200000,0.036,952
1479603600000,0.035,1064
1479690000000,0.033,748
1479776400000,0.037,830
1479862800000,0.033,2085
1479949200000,0.03,1102
1480035600000,0.03,1916
1480122000000,0.03,1409
1480208400000,0.03,1448
1480294800000,0.03,1164
1480381200000,0.03,2256
1480467600000,0.03,1450
1480554000000,0.03,1066
1480640400000,0.031,1688
1480726800000,0.033,1634
1480813200000,0.035,1448
1480899600000,0.037,1154
1480986000000,0.036,1172
1481072400000,0.034,1219
1481158800000,0.033,1268
1481245200000,0.036,1365
1481331600000,0.035,1567
1481418000000,0.032,1306
1481504400000,0.034,1384
1481590800000,0.037,1310
1481677200000,0.033,1707
1481763600000,0.034,1341
1481850000000,0.032,1152
1481936400000,0.032,1230
1482022800000,0.033,2033
1482109200000,0.035,835
1482195600000,0.033,1430
1482282000000,0.035,938
1482368400000,0.033,1306
1482454800000,0.031,1624
1482541200000,0.03,1800
1482627600000,0.033,1569
1482714000000,0.035,2386
1482800400000,0.036,1491
1482886800000,0.036,1570
1482973200000,0.036,3169
1483059600000,0.035,1672
1483146000000,0.034,1421
1483232400000,0.034,1320
1483318800000,0.034,2047
1483405200000,0.037,2019
1483491600000,0.038,1167
1483578000000,0.037,1481
1483664400000,0.037,1288
1483750800000,0.037,2095
1483837200000,0.036,1410
1483923600000,0.037,1238
1484010000000,0.04,1512
1484096400000,0.041,1118
1484182800000,0.041,1481
1484269200000,0.042,1693
1484355600000,0.041,1662
1484442000000,0.041,1716
1484528400000,0.038,1177
1484614800000,0.036,1102
1484701200000,0.037,1399
1484787600000,0.037,2328
1484874000000,0.036,1412
1484960400000,0.036,1215
1485046800000,0.036,1502
1485133200000,0.037,1072
1485219600000,0.038,1426
1485306000000,0.038,1473
1485392400000,0.039,1800
1485478800000,0.038,1305
1485565200000,0.038,1829
1485651600000,0.039,1831
1485738000000,0.039,1778
1485824400000,0.039,1329
1485910800000,0.04,1408
1485997200000,0.041,1575
1486083600000,0.042,1328
1486170000000,0.044,1521
1486256400000,0.044,1710
1486342800000,0.044,1736
1486429200000,0.046,1417
1486515600000,0.046,1970
1486602000000,0.046,1605
1486688400000,0.047,1373
1486774800000,0.046,1254
1486861200000,0.046,2125
1486947600000,0.046,2113
1487034000000,0.046,1119
1487120400000,0.046,1216
1487206800000,0.046,1875
1487293200000,0.045,1117
1487379600000,0.045,1558
1487466000000,0.044,2267
1487552400000,0.046,1515
1487638800000,0.045,1374
1487725200000,0.046,1150
1487811600000,0.044,1207
1487898000000,0.045,1683
1487984400000,0.045,1344
1488070800000,0.043,1389
1488157200000,0.042,1617
1488243600000,0.042,1433
1488330000000,0.042,1427
1488416400000,0.044,1436
1488502800000,0.047,1132
1488589200000,0.047,1779
1488675600000,0.045,1819
1488762000000,0.046,870
1488848400000,0.046,1035
1488934800000,0.047,1154
1489021200000,0.048,949
1489107600000,0.044,1282
1489194000000,0.045,1652
1489280400000,0.044,1383
1489366800000,0.044,1402
1489453200000,0.046,1420
1489539600000,0.046,947
1489626000000,0.049,1967
1489712400000,0.049,1372
1489798800000,0.048,2313
1489885200000,0.049,1761
1489971600000,0.05,2251
1490058000000,0.047,1220
1490144400000,0.049,1646
1490230800000,0.047,1223
1490317200000,0.046,1261
1490403600000,0.044,1578
1490490000000,0.046,2758
1490576400000,0.042,1184
1490662800000,0.04,1538
1490749200000,0.038,1437
1490835600000,0.043,1228
1490922000000,0.041,1639
1491008400000,0.043,1689
1491094800000,0.043,1578
1491181200000,0.044,1351
1491267600000,0.043,1173
1491354000000,0.042,1147
1491440400000,0.04,1063
1491526800000,0.039,1357
1491613200000,0.039,1513
1491699600000,0.039,1459
1491786000000,0.039,1477
1491872400000,0.04,1401
1491958800000,0.039,1396
1492045200000,0.039,1603
1492131600000,0.041,1405
1492218000000,0.051,1892
1492304400000,0.041,1280
1492390800000,0.039,1290
1492477200000,0.039,1313
1492563600000,0.042,2064
1492650000000,0.043,1264
1492736400000,0.042,1761
1492822800000,0.042,1108
1492909200000,0.044,1999
1492995600000,0.041,1245
1493082000000,0.041,1007
1493168400000,0.042,1746
1493254800000,0.044,1210
1493341200000,0.042,1232
1493427600000,0.045,2412
1493514000000,0.047,2511
1493600400000,0.046,1623
1493686800000,0.048,1896
1493773200000,0.044,1250
1493859600000,0.045,1218
1493946000000,0.041,1342
1494032400000,0.038,1372
1494118800000,0.038,1729
1494205200000,0.04,1631
1494291600000,0.04,1211
1494378000000,0.041,1204
1494464400000,0.041,1083
1494550800000,0.042,2151
1494637200000,0.041,1370
1494723600000,0.043,1532
1494810000000,0.046,1291
1494896400000,0.046,920
1494982800000,0.046,1105
1495069200000,0.046,1270
1495155600000,0.043,1209
1495242000000,0.043,1350
1495328400000,0.042,1169
1495414800000,0.046,1776
1495501200000,0.05,826
1495587600000,0.039,2600
1495674000000,0.032,1276
1495760400000,0.041,2596
1495846800000,0.046,1600
1495933200000,0.046,1890
1496019600000,0.047,1548
1496106000000,0.05,1984
1496192400000,0.048,1572
1496278800000,0.049,1120
1496365200000,0.048,1255
1496451600000,0.051,1806
1496538000000,0.049,1417
1496624400000,0.047,1199
1496710800000,0.049,1503
1496797200000,0.046,1169
1496883600000,0.047,1395
1496970000000,0.048,1792
1497056400000,0.052,1446
1497142800000,0.054,1763
1497229200000,0.053,1321
1497315600000,0.05,1248
1497402000000,0.05,1448
1497488400000,0.049,1261
1497574800000,0.047,1462
1497661200000,0.049,1151
1497747600000,0.047,1309
1497834000000,0.047,1204
1497920400000,0.045,1071
1498006800000,0.044,1614
1498093200000,0.041,1539
1498179600000,0.036,1901
1498266000000,0.036,1649
1498352400000,0.036,1490
1498438800000,0.036,1812
1498525200000,0.036,1723
1498611600000,0.037,1738
1498698000000,0.036,1291
1498784400000,0.037,1424
1498870800000,0.037,1618
1498957200000,0.037,1614
1499043600000,0.037,1979
1499130000000,0.038,1767
1499216400000,0.044,2198
1499302800000,0.044,1347
1499389200000,0.046,1257
1499475600000,0.046,1560
1499562000000,0.046,1356
1499648400000,0.046,1072
1499734800000,0.047,1370
1499821200000,0.046,1314
1499907600000,0.046,1591
1499994000000,0.047,1255
1500080400000,0.048,872
1500166800000,0.046,1270
1500253200000,0.047,1524
1500339600000,0.046,1238
1500426000000,0.047,1115
1500512400000,0.046,1032
1500598800000,0.047,1251
1500685200000,0.047,1514
1500771600000,0.045,1540
1500858000000,0.041,1488
1500944400000,0.045,1402
1501030800000,0.044,983
1501117200000,0.045,1209
1501203600000,0.047,898
1501290000000,0.047,1200
1501376400000,0.047,1019
1501462800000,0.047,948
1501549200000,0.047,1051
1501635600000,0.047,1661
1501722000000,0.048,2316
1501808400000,0.05,1358
1501894800000,0.059,1397
1501981200000,0.05,1122
1502067600000,0.051,1095
1502154000000,0.052,1172
1502240400000,0.051,1182
1502326800000,0.048,1011
1502413200000,0.049,1002
1502499600000,0.049,1155
1502586000000,0.051,1110
1502672400000,0.051,1195
1502758800000,0.051,951
1502845200000,0.049,1034
1502931600000,0.049,1149
1503018000000,0.062,1639
1503104400000,0.057,1652
1503190800000,0.054,909
1503277200000,0.053,1181
1503363600000,0.053,1149
1503450000000,0.053,990
1503536400000,0.055,1069
1503622800000,0.055,980
1503709200000,0.053,839
1503795600000,0.053,973
1503882000000,0.053,950
1503968400000,0.054,1036
1504054800000,0.05,1119
1504141200000,0.047,729
1504227600000,0.049,1042
1504314000000,0.059,948
1504400400000,0.047,1051
1504486800000,0.051,1017
1504573200000,0.05,787
1504659600000,0.05,921
1504746000000,0.05,935
1504832400000,0.051,948
1504918800000,0.05,1167
1505005200000,0.051,1124
1505091600000,0.051,1259
1505178000000,0.051,763
1505264400000,0.049,820
1505350800000,0.05,807
1505437200000,0.053,844
1505523600000,0.052,813
1505610000000,0.049,1131
1505696400000,0.048,887
1505782800000,0.049,925
1505869200000,0.048,990
1505955600000,0.05,1522
1506042000000,0.052,1309
1506128400000,0.052,1353
1506214800000,0.061,1269
1506301200000,0.049,701
1506387600000,0.05,569
1506474000000,0.052,794
1506560400000,0.048,862
1506646800000,0.047,1000
1506733200000,0.046,956
1506819600000,0.047,887
1506906000000,0.048,723
1506992400000,0.047,591
1507078800000,0.046,1184
1507165200000,0.048,848
1507251600000,0.046,771
1507338000000,0.045,917
1507424400000,0.047,1159
1507510800000,0.048,665
1507597200000,0.045,918
1507683600000,0.045,587
1507770000000,0.046,562
1507856400000,0.045,622
1507942800000,0.046,871
1508029200000,0.048,930
1508115600000,0.047,971
1508202000000,0.049,615
1508288400000,0.047,686
1508374800000,0.046,699
1508461200000,0.048,801
1508547600000,0.047,902
1508634000000,0.045,732
1508720400000,0.044,617
1508806800000,0.044,478
1508893200000,0.046,614
1508979600000,0.048,1111
1509066000000,0.042,764
1509152400000,0.042,831
1509238800000,0.043,935
1509325200000,0.042,884
1509411600000,0.042,534
1509498000000,0.042,697
1509584400000,0.041,637
1509670800000,0.046,907
1509757200000,0.052,825
1509843600000,0.037,494
1509930000000,0.039,664
1510016400000,0.037,395
1510102800000,0.041,1064
1510189200000,0.038,863
1510275600000,0.037,742
1510362000000,0.042,805
1510448400000,0.042,674
1510534800000,0.042,559
1510621200000,0.041,682
1510707600000,0.041,512
1510794000000,0.039,608
1510880400000,0.042,691
1510966800000,0.041,682
1511053200000,0.04,681
1511139600000,0.05,627
1511226000000,0.039,647
1511312400000,0.037,610
1511398800000,0.036,1119
1511485200000,0.034,750
1511571600000,0.035,960
1511658000000,0.036,818
1511744400000,0.037,672
1511830800000,0.038,460
1511917200000,0.038,493
1512003600000,0.037,656
1512090000000,0.039,506
1512176400000,0.038,590
1512262800000,0.038,596
1512349200000,0.039,589
1512435600000,0.038,452
1512522000000,0.042,710
1512608400000,0.041,1377
1512694800000,0.041,638
1512781200000,0.042,687
1512867600000,0.042,691
1512954000000,0.045,518
1513040400000,0.042,566
1513126800000,0.042,481
1513213200000,0.042,482
1513299600000,0.04,491
1513386000000,0.04,548
1513472400000,0.039,844
1513558800000,0.046,471
1513645200000,0.042,650
1513731600000,0.038,834
1513818000000,0.034,947
1513904400000,0.033,1042
1513990800000,0.034,1051
1514077200000,0.034,749
1514163600000,0.036,838
1514250000000,0.033,746
1514336400000,0.038,1481
1514422800000,0.034,970
1514509200000,0.035,1015
1514595600000,0.035,850
1514682000000,0.039,908
1514768400000,0.041,1180
1514854800000,0.041,763
1514941200000,0.043,1234
1515027600000,0.041,697
1515114000000,0.045,857
1515200400000,0.044,751
1515286800000,0.043,604
1515373200000,0.044,906
1515459600000,0.037,430
1515546000000,0.038,636
1515632400000,0.035,684
1515718800000,0.038,3084
1515805200000,0.037,636
1515891600000,0.036,788
1515978000000,0.036,854
1516064400000,0.047,954
1516150800000,0.037,608
1516237200000,0.035,736
1516323600000,0.035,601
1516410000000,0.038,888
1516496400000,0.036,821
1516582800000,0.036,673
1516669200000,0.037,804
1516755600000,0.036,1165
1516842000000,0.036,921
1516928400000,0.04,1013
1517014800000,0.037,1409
1517101200000,0.034,1027
1517187600000,0.035,1193
1517274000000,0.034,656
1517360400000,0.037,873
1517446800000,0.036,943
1517533200000,0.039,2318
1517619600000,0.039,1813
1517706000000,0.041,1254
1517792400000,0.04,912
1517878800000,0.036,792
1517965200000,0.036,1039
1518051600000,0.039,788
1518138000000,0.037,883
1518224400000,0.035,853
1518310800000,0.034,926
1518397200000,0.035,721
1518483600000,0.037,759
1518570000000,0.036,726
1518656400000,0.061,1049
1518742800000,0.037,1312
1518829200000,0.038,1362
1518915600000,0.037,1227
1519002000000,0.038,957
1519088400000,0.038,777
1519174800000,0.039,819
1519261200000,0.042,1017
1519347600000,0.039,913
1519434000000,0.04,959
1519520400000,0.042,1190
1519606800000,0.049,740
1519693200000,0.044,818
1519779600000,0.043,897
1519866000000,0.042,919
1519952400000,0.04,754
1520038800000,0.04,1049
1520125200000,0.04,1307
1520211600000,0.039,662
1520298000000,0.042,901
1520384400000,0.043,684
1520470800000,0.04,758
1520557200000,0.043,848
1520643600000,0.042,1022
1520730000000,0.045,1127
1520816400000,0.039,696
1520902800000,0.039,603
1520989200000,0.053,875
1521075600000,0.042,612
1521162000000,0.046,1036
1521248400000,0.039,848
1521334800000,0.04,704
1521421200000,0.04,651
1521507600000,0.041,576
1521594000000,0.04,573
1521680400000,0.041,790
1521766800000,0.043,971
1521853200000,0.046,1056
1521939600000,0.039,649
1522026000000,0.039,563
1522112400000,0.041,847
1522198800000,0.04,583
1522285200000,0.04,804
1522371600000,0.039,1012
1522458000000,0.038,603
1522544400000,0.039,886
1522630800000,0.037,654
1522717200000,0.038,480
1522803600000,0.038,516
1522890000000,0.039,595
1522976400000,0.04,691
1523062800000,0.041,630
1523149200000,0.039,487
1523235600000,0.037,439
1523322000000,0.041,496
1523408400000,0.042,494
1523494800000,0.038,531
1523581200000,0.037,464
1523667600000,0.037,595
1523754000000,0.038,588
1523840400000,0.039,520
1523926800000,0.037,447
1524013200000,0.039,412
1524099600000,0.037,481
1524186000000,0.038,459
1524272400000,0.038,671
1524358800000,0.037,498
1524445200000,0.036,399
1524531600000,0.037,427
1524618000000,0.037,419
1524704400000,0.039,410
1524790800000,0.038,466
1524877200000,0.036,582
1524963600000,0.038,611
1525050000000,0.036,570
1525136400000,0.038,452
1525222800000,0.036,474
1525309200000,0.035,419
1525395600000,0.039,563
1525482000000,0.038,748
1525568400000,0.037,666
1525654800000,0.039,673
1525741200000,0.039,627
1525827600000,0.036,664
1525914000000,0.035,553
1526000400000,0.038,685
1526086800000,0.038,711
1526173200000,0.036,608
1526259600000,0.039,501
1526346000000,0.038,427
1526432400000,0.038,598
1526518800000,0.036,575
1526605200000,0.036,558
1526691600000,0.037,654
1526778000000,0.034,464
1526864400000,0.036,500
1526950800000,0.039,480
1527037200000,0.036,493
1527123600000,0.037,539
1527210000000,0.036,441
1527296400000,0.037,452
1527382800000,0.034,504
1527469200000,0.036,549
1527555600000,0.036,680
1527642000000,0.048,403
1527728400000,0.039,634
1527814800000,0.036,546
1527901200000,0.036,608
1527987600000,0.032,568
1528074000000,0.035,811
1528160400000,0.036,976
1528246800000,0.034,516
1528333200000,0.035,580
1528419600000,0.035,679
1528506000000,0.034,512
1528592400000,0.034,740
1528678800000,0.032,429
1528765200000,0.031,450
1528851600000,0.034,696
1528938000000,0.033,581
1529024400000,0.034,484
1529110800000,0.033,450
1529197200000,0.034,466
1529283600000,0.031,369
1529370000000,0.033,493
1529456400000,0.031,510
1529542800000,0.033,659
1529629200000,0.03,797
1529715600000,0.03,898
1529802000000,0.03,622
1529888400000,0.03,816
1529974800000,0.03,625
1530061200000,0.03,726
1530147600000,0.03,698
1530234000000,0.03,598
1530320400000,0.03,486
1530406800000,0.03,940
1530493200000,0.03,1014
1530579600000,0.03,568
1530666000000,0.032,572
1530752400000,0.03,479
1530838800000,0.033,576
1530925200000,0.032,478
1531011600000,0.033,483
1531098000000,0.036,710
1531184400000,0.032,703
1531270800000,0.034,638
1531357200000,0.036,812
1531443600000,0.036,1279
1531530000000,0.036,1191
1531616400000,0.035,958
1531702800000,0.037,663
1531789200000,0.038,612
1531875600000,0.041,559
1531962000000,0.037,856
1532048400000,0.037,593
1532134800000,0.034,571
1532221200000,0.036,484
1532307600000,0.038,564
1532394000000,0.035,581
1532480400000,0.036,647
1532566800000,0.036,512
1532653200000,0.034,482
1532739600000,0.035,408
1532826000000,0.038,581
1532912400000,0.037,530
1532998800000,0.037,502
1533085200000,0.039,662
1533171600000,0.038,578
1533258000000,0.036,918
1533344400000,0.039,876
1533430800000,0.039,642
1533517200000,0.043,760
1533603600000,0.04,680
1533690000000,0.041,721
1533776400000,0.04,812
1533862800000,0.037,673
1533949200000,0.035,691
1534035600000,0.036,702
1534122000000,0.038,1000
1534208400000,0.039,788
1534294800000,0.04,713
1534381200000,0.033,522
1534467600000,0.034,617
1534554000000,0.037,921
1534640400000,0.038,753
1534726800000,0.041,759
1534813200000,0.042,923
1534899600000,0.042,876
1534986000000,0.042,1105
1535072400000,0.04,731
1535158800000,0.041,506
1535245200000,0.049,743
1535331600000,0.042,664
1535418000000,0.043,585
1535504400000,0.043,760
1535590800000,0.036,880
1535677200000,0.04,792
1535763600000,0.041,755
1535850000000,0.041,676
1535936400000,0.044,814
1536022800000,0.041,525
1536109200000,0.042,705
1536195600000,0.043,685
1536282000000,0.043,640
1536368400000,0.042,749
1536454800000,0.044,985
1536541200000,0.041,695
1536627600000,0.041,657
1536714000000,0.043,827
1536800400000,0.041,613
1536886800000,0.041,552
1536973200000,0.041,760
1537059600000,0.042,775
1537146000000,0.042,560
1537232400000,0.043,574
1537318800000,0.045,522
1537405200000,0.044,592
1537491600000,0.044,635
1537578000000,0.042,959
1537664400000,0.038,1139
1537750800000,0.038,833
1537837200000,0.04,707
1537923600000,0.041,761
1538010000000,0.041,628
1538096400000,0.044,652
1538182800000,0.04,720
1538269200000,0.041,719
1538355600000,0.044,610
1538442000000,0.045,549
1538528400000,0.045,774
1538614800000,0.05,1395
1538701200000,0.057,1049
1538787600000,0.058,1352
1538874000000,0.061,1162
1538960400000,0.064,779
1539046800000,0.076,888
1539133200000,0.089,1012
1539219600000,0.084,721
1539306000000,0.076,806
1539392400000,0.082,969
1539478800000,0.077,846
1539565200000,0.081,783
1539651600000,0.079,744
1539738000000,0.083,929
1539824400000,0.087,889
1539910800000,0.09,808
1539997200000,0.09,1012
1540083600000,0.093,878
1540170000000,0.089,832
1540256400000,0.087,743
1540342800000,0.086,992
1540429200000,0.083,782
1540515600000,0.088,887
1540602000000,0.081,1021
1540688400000,0.07,987
1540774800000,0.066,1063
1540861200000,0.065,1133
1540947600000,0.063,887
1541034000000,0.069,1171
1541120400000,0.064,877
1541206800000,0.067,1384
1541293200000,0.07,1100
1541379600000,0.067,772
1541466000000,0.065,584
1541552400000,0.067,850
1541638800000,0.079,781
1541725200000,0.075,768
1541811600000,0.078,822
1541898000000,0.076,1110
1541984400000,0.072,639
1542070800000,0.079,573
1542157200000,0.079,611
1542243600000,0.076,761
1542330000000,0.077,889
1542416400000,0.066,947
1542502800000,0.065,1165
1542589200000,0.071,821
1542675600000,0.068,639
1542762000000,0.062,675
1542848400000,0.052,975
1542934800000,0.052,933
1543021200000,0.053,1008
1543107600000,0.05,1194
1543194000000,0.054,786
1543280400000,0.048,648
1543366800000,0.052,578
1543453200000,0.064,688
1543539600000,0.066,867
1543626000000,0.052,839
1543712400000,0.06,970
1543798800000,0.068,744
1543885200000,0.065,656
1543971600000,0.063,690
1544058000000,0.056,599
1544144400000,0.063,1091
1544230800000,0.062,993
1544317200000,0.057,926
1544403600000,0.078,1084
1544490000000,0.054,701
1544576400000,0.051,782
1544662800000,0.051,861
1544749200000,0.053,974
1544835600000,0.053,894
1544922000000,0.053,1006
1545008400000,0.053,772
1545094800000,0.058,644
1545181200000,0.051,772
1545267600000,0.046,906
1545354000000,0.045,1342
1545440400000,0.046,913
1545526800000,0.043,1382
1545613200000,0.046,958
1545699600000,0.043,914
1545786000000,0.047,1008
1545872400000,0.046,745
1545958800000,0.047,618
1546045200000,0.049,1206
1546131600000,0.048,1519
1546218000000,0.051,992
1546304400000,0.044,778
1546390800000,0.044,1250
1546477200000,0.047,1272
1546563600000,0.054,1294
1546650000000,0.052,852
1546736400000,0.053,1308
1546822800000,0.06,1202
1546909200000,0.054,791
1546995600000,0.053,999
1547082000000,0.053,894
1547168400000,0.053,927
1547254800000,0.056,1147
1547341200000,0.061,986
1547427600000,0.059,1259
1547514000000,0.055,831
1547600400000,0.056,1131
1547686800000,0.062,871
1547773200000,0.063,853
1547859600000,0.061,1112
1547946000000,0.061,1015
1548032400000,0.058,864
1548118800000,0.057,892
1548205200000,0.057,1057
1548291600000,0.056,833
1548378000000,0.058,881
1548464400000,0.058,1052
1548550800000,0.056,1127
1548637200000,0.055,869
1548723600000,0.058,864
1548810000000,0.083,2414
1548896400000,0.117,1185
1548982800000,0.099,1052
1549069200000,0.1,1208
1549155600000,0.101,1047
1549242000000,0.082,821
1549328400000,0.081,1026
1549414800000,0.073,1241
1549501200000,0.073,1103
1549587600000,0.071,1175
1549674000000,0.074,1511
1549760400000,0.081,1023
1549846800000,0.072,861
1549933200000,0.082,893
1550019600000,0.092,936
1550106000000,0.079,646
1550192400000,0.084,893
1550278800000,0.092,914
1550365200000,0.082,860
1550451600000,0.085,785
1550538000000,0.083,723
1550624400000,0.082,746
1550710800000,0.077,693
1550797200000,0.078,765
1550883600000,0.079,1000
1550970000000,0.081,1057
1551056400000,0.079,885
1551142800000,0.079,700
1551229200000,0.08,884
1551315600000,0.083,759
1551402000000,0.081,808
1551488400000,0.072,1283
1551574800000,0.063,1170
1551661200000,0.056,879
1551747600000,0.06,898
1551834000000,0.067,1000
1551920400000,0.068,955
1552006800000,0.071,1097
1552093200000,0.075,1189
1552179600000,0.078,1134
1552266000000,0.077,711
1552352400000,0.085,732
1552438800000,0.085,714
1552525200000,0.088,1122
1552611600000,0.093,1024
1552698000000,0.096,1382
1552784400000,0.098,1298
1552870800000,0.097,1089
1552957200000,0.099,1010
1553043600000,0.09,1043
1553130000000,0.099,1095
1553216400000,0.102,1197
1553302800000,0.1,1212
1553389200000,0.102,1172
1553475600000,0.091,999
1553562000000,0.092,1103
1553648400000,0.089,1035
1553734800000,0.091,1191
1553821200000,0.084,1363
1553907600000,0.087,1390
1553994000000,0.088,1532
1554080400000,0.09,1182
1554166800000,0.081,889
1554253200000,0.083,956
1554339600000,0.082,1105
1554426000000,0.08,1257
1554512400000,0.083,1448
1554598800000,0.079,1076
1554685200000,0.078,927
1554771600000,0.08,840
1554858000000,0.087,1020
1554944400000,0.087,908
1555030800000,0.091,984
1555117200000,0.092,1092
1555203600000,0.079,904
1555290000000,0.084,791
1555376400000,0.088,870
1555462800000,0.082,809
1555549200000,0.083,869
1555635600000,0.081,997
1555722000000,0.084,971
1555808400000,0.081,977
1555894800000,0.085,974
1555981200000,0.085,982
1556067600000,0.094,1274
1556154000000,0.102,884
1556240400000,0.093,800
1556326800000,0.1,1125
1556413200000,0.094,832
1556499600000,0.089,627
1556586000000,0.083,775
1556672400000,0.085,1157
1556758800000,0.089,964
1556845200000,0.088,977
1556931600000,0.087,790
1557018000000,0.092,1042
1557104400000,0.087,676
1557190800000,0.08,702
1557277200000,0.078,1103
1557363600000,0.081,832
1557450000000,0.079,902
1557536400000,0.084,834
1557622800000,0.081,825
1557709200000,0.085,685
1557795600000,0.082,594
1557882000000,0.078,796
1557968400000,0.079,841
1558054800000,0.082,842
1558141200000,0.087,982
1558227600000,0.085,1103
1558314000000,0.084,1007
1558400400000,0.088,712
1558486800000,0.087,756
1558573200000,0.088,796
1558659600000,0.093,960
1558746000000,0.089,947
1558832400000,0.095,1001
1558918800000,0.096,861
1559005200000,0.097,943
1559091600000,0.094,1017
1559178000000,0.095,833
1559264400000,0.085,814
1559350800000,0.091,978
1559437200000,0.092,1025
1559523600000,0.094,825
1559610000000,0.09,788
1559696400000,0.087,770
1559782800000,0.086,943
1559869200000,0.09,1056
1559955600000,0.086,846
1560042000000,0.09,1084
1560128400000,0.09,1029
1560214800000,0.093,840
1560301200000,0.093,1046
1560387600000,0.094,819
1560474000000,0.102,1153
1560560400000,0.096,805
1560646800000,0.094,895
1560733200000,0.093,1014
1560819600000,0.097,794
1560906000000,0.089,893
1560992400000,0.087,930
1561078800000,0.088,806
1561165200000,0.092,996
1561251600000,0.088,849
1561338000000,0.091,1002
1561424400000,0.086,967
1561510800000,0.081,1395
1561597200000,0.079,1124
1561683600000,0.075,937
1561770000000,0.08,940
1561856400000,0.074,1013
1561942800000,0.075,1027
1562029200000,0.077,900
1562115600000,0.075,1108
1562202000000,0.08,993
1562288400000,0.078,936
1562374800000,0.083,981
1562461200000,0.08,888
1562547600000,0.08,1151
1562634000000,0.086,1178
1562720400000,0.083,850
1562806800000,0.084,811
1562893200000,0.086,1111
1562979600000,0.087,1067
1563066000000,0.088,1026
1563152400000,0.091,1027
1563238800000,0.092,808
1563325200000,0.091,833
1563411600000,0.095,972
1563498000000,0.099,852
1563584400000,0.092,717
1563670800000,0.097,899
1563757200000,0.094,727
1563843600000,0.096,900
1563930000000,0.1,1146
1564016400000,0.1,861
1564102800000,0.095,761
1564189200000,0.096,832
1564275600000,0.092,806
1564362000000,0.093,824
1564448400000,0.098,1121
1564534800000,0.093,874
1564621200000,0.089,916
1564707600000,0.096,819
1564794000000,0.097,978
1564880400000,0.099,818
1564966800000,0.095,802
1565053200000,0.095,769
1565139600000,0.1,929
1565226000000,0.094,768
1565312400000,0.104,780
1565398800000,0.099,960
1565485200000,0.101,1123
1565571600000,0.102,850
1565658000000,0.099,877
1565744400000,0.101,1108
1565830800000,0.095,919
1565917200000,0.098,966
1566003600000,0.099,840
1566090000000,0.101,1147
1566176400000,0.097,1090
1566262800000,0.095,1008
1566349200000,0.093,1214
1566435600000,0.104,868
1566522000000,0.095,770
1566608400000,0.097,972
1566694800000,0.098,813
1566781200000,0.097,945
1566867600000,0.095,914
1566954000000,0.095,882
1567040400000,0.093,978
1567126800000,0.092,987
1567213200000,0.096,1005
1567299600000,0.095,1115
1567386000000,0.098,1335
1567472400000,0.107,1369
1567558800000,0.105,983
1567645200000,0.104,1059
1567731600000,0.102,930
1567818000000,0.106,1260
1567904400000,0.096,1318
1567990800000,0.094,948
1568077200000,0.092,812
1568163600000,0.094,944
1568250000000,0.096,1068
1568336400000,0.095,1069
1568422800000,0.096,1383
1568509200000,0.097,1171
1568595600000,0.095,993
1568682000000,0.097,835
1568768400000,0.094,863
1568854800000,0.097,898
1568941200000,0.1,1395
1569027600000,0.101,1321
1569114000000,0.101,1024
1569200400000,0.098,792
1569286800000,0.094,701
1569373200000,0.095,745
1569459600000,0.097,798
1569546000000,0.101,978
1569632400000,0.101,1039
1569718800000,0.102,1113
1569805200000,0.102,1064
1569891600000,0.106,1118
1569978000000,0.102,1033
1570064400000,0.103,1105
1570150800000,0.101,1066
1570237200000,0.098,1082
1570323600000,0.106,1263
1570410000000,0.107,681
1570496400000,0.105,895
1570582800000,0.107,950
1570669200000,0.107,1063
1570755600000,0.107,887
1570842000000,0.107,1149
1570928400000,0.107,1215
1571014800000,0.104,899
1571101200000,0.105,776
1571187600000,0.112,927
1571274000000,0.106,982
1571360400000,0.108,1098
1571446800000,0.105,2023
1571533200000,0.103,1544
1571619600000,0.1,1245
1571706000000,0.103,1081
1571792400000,0.093,1153
1571878800000,0.093,945
1571965200000,0.095,1072
1572051600000,0.099,1348
1572138000000,0.095,1250
1572224400000,0.098,902
1572310800000,0.095,1125
1572397200000,0.093,1161
1572483600000,0.095,1155
1572570000000,0.101,1323
1572656400000,0.101,1101
1572742800000,0.108,1113
1572829200000,0.101,974
1572915600000,0.102,806
1573002000000,0.097,809
1573088400000,0.1,881
1573174800000,0.104,1243
1573261200000,0.106,1049
1573347600000,0.106,1014
1573434000000,0.103,944
1573520400000,0.102,713
1573606800000,0.105,788
1573693200000,0.104,818
1573779600000,0.109,1169
1573866000000,0.106,1045
1573952400000,0.106,1336
1574038800000,0.104,888
1574125200000,0.099,1691
1574211600000,0.084,1242
1574298000000,0.089,880
1574384400000,0.084,1096
1574470800000,0.088,1010
1574557200000,0.093,1018
1574643600000,0.094,828
1574730000000,0.098,1019
1574816400000,0.091,1430
1574902800000,0.095,1291
1574989200000,0.099,1332
1575075600000,0.099,1410
1575162000000,0.105,1638
1575248400000,0.105,1260
1575334800000,0.109,1523
1575421200000,0.117,1579
1575507600000,0.13,1191
1575594000000,0.137,1095
1575680400000,0.132,1239
1575766800000,0.125,1080
1575853200000,0.129,941
1575939600000,0.134,956
1576026000000,0.132,1056
1576112400000,0.123,1022
1576198800000,0.12,1045
1576285200000,0.125,1449
1576371600000,0.121,950
1576458000000,0.121,1117
1576544400000,0.126,945
1576630800000,0.123,1454
1576717200000,0.121,1233
1576803600000,0.11,1373
1576890000000,0.109,1510
1576976400000,0.109,1385
1577062800000,0.106,1200
1577149200000,0.117,1508
1577235600000,0.125,1530
1577322000000,0.13,1835
1577408400000,0.128,1491
1577494800000,0.131,1291
1577581200000,0.126,1281
1577667600000,0.125,1390
1577754000000,0.129,1037
1577840400000,0.13,1245
1577926800000,0.121,1526
1578013200000,0.128,1283
1578099600000,0.133,1503
1578186000000,0.136,1099
1578272400000,0.133,1061
1578358800000,0.138,1035
1578445200000,0.137,1164
1578531600000,0.139,1247
1578618000000,0.141,1135
1578704400000,0.147,1433
1578790800000,0.146,1177
1578877200000,0.148,1133
1578963600000,0.154,1098
1579050000000,0.147,1319
1579136400000,0.15,1334
1579222800000,0.153,1263
1579309200000,0.143,1183
1579395600000,0.143,1353
1579482000000,0.148,1136
1579568400000,0.142,958
1579654800000,0.139,1180
1579741200000,0.139,1316
1579827600000,0.138,1619
1579914000000,0.139,1519
1580000400000,0.132,1431
1580086800000,0.133,1283
1580173200000,0.138,1247
1580259600000,0.149,1305
1580346000000,0.155,1368
1580432400000,0.166,1531
1580518800000,0.166,1367
1580605200000,0.167,1447
1580691600000,0.173,1268
1580778000000,0.204,1234
1580864400000,0.209,1207
1580950800000,0.183,1480
1581037200000,0.172,1259
1581123600000,0.183,1924
1581210000000,0.18,1545
1581296400000,0.18,1222
1581382800000,0.188,1370
1581469200000,0.189,1573
1581555600000,0.195,1651
1581642000000,0.198,1319
1581728400000,0.207,1597
1581814800000,0.208,1704
1581901200000,0.213,1246
1581987600000,0.219,1293
1582074000000,0.214,1658
1582160400000,0.235,1732
1582246800000,0.237,1429
1582333200000,0.236,1707
1582419600000,0.229,1515
1582506000000,0.24,1724
1582592400000,0.241,1570
1582678800000,0.228,1637
1582765200000,0.235,1753
1582851600000,0.237,1826
1582938000000,0.256,2040
1583024400000,0.239,1567
1583110800000,0.24,1394
1583197200000,0.24,1334
1583283600000,0.241,1736
1583370000000,0.254,1792
1583456400000,0.25,1367
1583542800000,0.243,1752
1583629200000,0.236,1770
1583715600000,0.236,1776
1583802000000,0.243,1341
1583888400000,0.237,1611
1583974800000,0.231,1463
1584061200000,0.211,1552
1584147600000,0.205,1612
1584234000000,0.211,1725
1584320400000,0.206,1638
1584406800000,0.204,1660
1584493200000,0.195,1819
1584579600000,0.2,1975
1584666000000,0.199,1830
1584752400000,0.206,1467
1584838800000,0.21,1934
1584925200000,0.21,1279
1585011600000,0.206,1534
1585098000000,0.204,2067
1585184400000,0.193,1713
1585270800000,0.195,1854
1585357200000,0.196,1793
1585443600000,0.202,1403
1585530000000,0.196,1196
1585616400000,0.187,2315
1585702800000,0.18,2678
1585789200000,0.167,2545
1585875600000,0.171,2477
1585962000000,0.173,2320
1586048400000,0.177,2123
1586134800000,0.179,2293
1586221200000,0.183,2152
1586307600000,0.186,2530
1586394000000,0.178,2338
1586480400000,0.177,2492
1586566800000,0.18,2408
1586653200000,0.176,2211
1586739600000,0.17,2243
1586826000000,0.171,2305
1586912400000,0.164,2328
1586998800000,0.158,2147
1587085200000,0.159,2043
1587171600000,0.161,2523
1587258000000,0.165,2346
1587344400000,0.165,2136
1587430800000,0.162,1968
1587517200000,0.159,2240
1587603600000,0.158,2072
1587690000000,0.165,2324
1587776400000,0.162,2147
1587862800000,0.154,2052
1587949200000,0.15,2050
1588035600000,0.152,2164
1588122000000,0.155,2534
1588208400000,0.161,2552
1588294800000,0.165,2391
1588381200000,0.166,2323
1588467600000,0.165,2062
1588554000000,0.169,2103
1588640400000,0.172,1949
1588726800000,0.165,2126
1588813200000,0.159,2069
1588899600000,0.163,1625
1588986000000,0.167,1758
1589072400000,0.166,1882
1589158800000,0.172,2196
1589245200000,0.169,1646
1589331600000,0.161,1872
1589418000000,0.161,1976
1589504400000,0.166,1702
1589590800000,0.168,1584
1589677200000,0.178,1852
1589763600000,0.174,1563
1589850000000,0.17,1503
1589936400000,0.166,1718
1590022800000,0.165,1622
1590109200000,0.163,1434
1590195600000,0.169,1527
1590282000000,0.169,1757
1590368400000,0.166,1469
1590454800000,0.158,1532
1590541200000,0.158,1715
1590627600000,0.149,1526
1590714000000,0.152,1719
1590800400000,0.161,1535
1590886800000,0.163,1513
1590973200000,0.164,1381
1591059600000,0.168,1422
1591146000000,0.171,1661
1591232400000,0.17,1401
1591318800000,0.174,1493
1591405200000,0.173,1379
1591491600000,0.174,1137
1591578000000,0.173,1333
1591664400000,0.171,1066
1591750800000,0.168,1440
1591837200000,0.171,1465
1591923600000,0.169,1318
1592010000000,0.17,1235
1592096400000,0.17,1445
1592182800000,0.178,1214
1592269200000,0.171,1097
1592355600000,0.171,1374
1592442000000,0.173,1348
1592528400000,0.17,1256
1592614800000,0.175,1288
1592701200000,0.169,1235
1592787600000,0.171,1167
1592874000000,0.17,1131
1592960400000,0.167,1367
1593046800000,0.164,1431
1593133200000,0.151,1754
1593219600000,0.153,2087
1593306000000,0.154,1335
1593392400000,0.151,1488
1593478800000,0.152,1278
1593565200000,0.154,1492
1593651600000,0.153,1474
1593738000000,0.156,1495
1593824400000,0.154,1382
1593910800000,0.152,1498
1593997200000,0.153,1333
1594083600000,0.156,1510
1594170000000,0.156,1577
1594256400000,0.154,1476
1594342800000,0.165,1789
1594429200000,0.166,1188
1594515600000,0.168,1419
1594602000000,0.166,1091
1594688400000,0.167,1051
1594774800000,0.165,1201
1594861200000,0.167,1174
1594947600000,0.167,1221
1595034000000,0.167,1050
1595120400000,0.174,1461
1595206800000,0.176,1428
1595293200000,0.177,1284
1595379600000,0.18,1481
1595466000000,0.18,1375
1595552400000,0.182,1194
1595638800000,0.185,1115
1595725200000,0.186,1331
1595811600000,0.182,1023
1595898000000,0.186,1146
1595984400000,0.192,1344
1596070800000,0.185,1059
1596157200000,0.189,1184
1596243600000,0.19,1203
1596330000000,0.195,1224
1596416400000,0.193,1337
1596502800000,0.194,1122
1596589200000,0.195,1213
1596675600000,0.2,1241
1596762000000,0.193,1329
1596848400000,0.189,1394
1596934800000,0.19,1200
1597021200000,0.186,1341
1597107600000,0.187,1396
1597194000000,0.184,1587
1597280400000,0.178,1244
1597366800000,0.176,1368
1597453200000,0.173,1121
1597539600000,0.178,1672
1597626000000,0.173,1062
1597712400000,0.176,1114
1597798800000,0.172,1380
1597885200000,0.169,1210
1597971600000,0.165,1123
1598058000000,0.167,1153
1598144400000,0.165,1245
1598230800000,0.165,1138
1598317200000,0.163,1217
1598403600000,0.159,1343
1598490000000,0.154,1327
1598576400000,0.156,1409
1598662800000,0.156,1350
1598749200000,0.15,1219
1598835600000,0.155,1480
1598922000000,0.15,1067
1599008400000,0.146,1148
1599094800000,0.147,1054
1599181200000,0.151,1263
1599267600000,0.152,1399
1599354000000,0.152,1059
1599440400000,0.154,939
1599526800000,0.153,827
1599613200000,0.149,1303
1599699600000,0.146,1069
1599786000000,0.148,1188
1599872400000,0.146,1123
1599958800000,0.151,1100
1600045200000,0.148,1152
1600131600000,0.15,1234
1600218000000,0.153,1353
1600304400000,0.151,1082
1600390800000,0.153,1327
1600477200000,0.152,1357
1600563600000,0.152,1372
1600650000000,0.149,983
1600736400000,0.149,1170
1600822800000,0.151,1354
1600909200000,0.158,1660
1600995600000,0.154,1316
1601082000000,0.158,1406
1601168400000,0.153,1207
1601254800000,0.164,1702
1601341200000,0.163,1293
1601427600000,0.16,1219
1601514000000,0.157,1164
1601600400000,0.159,1208
1601686800000,0.161,1362
1601773200000,0.163,1487
1601859600000,0.163,1065
1601946000000,0.16,966
1602032400000,0.16,1142
1602118800000,0.163,1139
1602205200000,0.157,1064
1602291600000,0.156,1268
1602378000000,0.158,1246
1602464400000,0.151,935
1602550800000,0.156,1073
1602637200000,0.157,1277
1602723600000,0.154,1047
1602810000000,0.157,1324
1602896400000,0.157,1190
1602982800000,0.158,1079
1603069200000,0.159,1089
1603155600000,0.159,954
1603242000000,0.155,1100
1603328400000,0.157,1255
1603414800000,0.158,1084
1603501200000,0.155,1199
1603587600000,0.153,1083
1603674000000,0.154,1146
1603760400000,0.154,1162
1603846800000,0.154,1410
1603933200000,0.152,1192
1604019600000,0.145,1301
1604106000000,0.144,1313
1604192400000,0.145,1410
1604278800000,0.144,890
1604365200000,0.151,1278
1604451600000,0.15,1324
1604538000000,0.156,1570
1604624400000,0.153,1110
1604710800000,0.16,1589
1604797200000,0.159,1337
1604883600000,0.159,1107
1604970000000,0.17,1308
1605056400000,0.17,1202
1605142800000,0.163,1263
1605229200000,0.166,1349
1605315600000,0.167,1535
1605402000000,0.168,1421
1605488400000,0.168,1247
1605574800000,0.168,1189
1605661200000,0.164,1325
1605747600000,0.164,1347
1605834000000,0.163,1403
1605920400000,0.166,1679
1606006800000,0.165,1216
1606093200000,0.16,1022
1606179600000,0.163,1184
1606266000000,0.162,1644
1606352400000,0.156,1679
1606438800000,0.151,1611
1606525200000,0.152,1745
1606611600000,0.154,1516
1606698000000,0.142,1249
1606784400000,0.137,957
1606870800000,0.141,1341
1606957200000,0.148,1536
1607043600000,0.164,2943
1607130000000,0.185,2166
1607216400000,0.186,1770
1607302800000,0.185,1770
1607389200000,0.181,1514
1607475600000,0.186,1893
1607562000000,0.179,1811
1607648400000,0.179,1810
1607734800000,0.201,2472
1607821200000,0.205,2261
1607907600000,0.203,1637
1607994000000,0.205,1477
1608080400000,0.21,2087
1608166800000,0.226,2144
1608253200000,0.239,2004
1608339600000,0.243,1537
1608426000000,0.25,1624
1608512400000,0.257,1376
1608598800000,0.249,1560
1608685200000,0.236,1848
1608771600000,0.228,1914
1608858000000,0.223,1626
1608944400000,0.216,1570
1609030800000,0.221,1319
1609117200000,0.216,1889
1609203600000,0.215,1889
1609290000000,0.217,1983
1609376400000,0.231,1996
1609462800000,0.243,1554
1609549200000,0.251,1821
1609635600000,0.256,2015
1609722000000,0.26,1681
1609808400000,0.262,1744
1609894800000,0.253,1736
1609981200000,0.255,1843
1610067600000,0.257,1847
1610154000000,0.261,1582
1610240400000,0.262,1464
1610326800000,0.259,1266
1610413200000,0.263,1492
1610499600000,0.261,1888
1610586000000,0.267,1931
1610672400000,0.263,1544
1610758800000,0.259,1572
1610845200000,0.267,1513
1610931600000,0.268,1518
1611018000000,0.28,1693
1611104400000,0.274,1747
1611190800000,0.279,1552
1611277200000,0.277,1639
1611363600000,0.277,1497
1611450000000,0.273,1455
1611536400000,0.274,1532
1611622800000,0.275,1452
1611709200000,0.274,1648
1611795600000,0.242,1758
1611882000000,0.222,1551
1611968400000,0.218,1690
1612054800000,0.217,1505
1612141200000,0.225,1504
1612227600000,0.22,1135
1612314000000,0.219,1681
1612400400000,0.228,1590
1612486800000,0.231,1421
1612573200000,0.235,1674
1612659600000,0.226,1259
1612746000000,0.229,1514
1612832400000,0.226,1389
1612918800000,0.219,2279
1613005200000,0.212,2225
1613091600000,0.205,1978
1613178000000,0.211,1954
1613264400000,0.207,1910
1613350800000,0.207,1803
1613437200000,0.219,2001
1613523600000,0.221,2098
1613610000000,0.218,1729
1613696400000,0.224,1754
1613782800000,0.237,1773
1613869200000,0.237,1542
1613955600000,0.24,1794
1614042000000,0.234,1424
1614128400000,0.232,1647
1614214800000,0.23,1801
1614301200000,0.236,1644
1614387600000,0.234,1656
1614474000000,0.237,1628
1614560400000,0.251,1572
1614646800000,0.244,1254
1614733200000,0.243,1817
1614819600000,0.245,1628
1614906000000,0.261,2147
1614992400000,0.272,2126
1615078800000,0.282,1654
1615165200000,0.279,1497
1615251600000,0.291,1760
1615338000000,0.296,2070
1615424400000,0.306,1785
1615510800000,0.301,1770
1615597200000,0.318,1681
1615683600000,0.311,1547
1615770000000,0.308,1543
1615856400000,0.302,1514
1615942800000,0.301,1758
1616029200000,0.283,1704
1616115600000,0.278,1956
1616202000000,0.28,2234
1616288400000,0.296,2000
1616374800000,0.31,1808
1616461200000,0.338,1792
1616547600000,0.338,2042
1616634000000,0.333,1754
1616720400000,0.345,1964
1616806800000,0.357,1859
1616893200000,0.364,1629
1616979600000,0.362,1639
1617066000000,0.364,1601
1617152400000,0.364,1952
1617238800000,0.353,1624
1617325200000,0.354,1772
1617411600000,0.359,1862
1617498000000,0.367,1614
1617584400000,0.36,1597
1617670800000,0.359,1591
1617757200000,0.333,1606
1617843600000,0.307,2618
1617930000000,0.314,2535
1618016400000,0.3,2225
1618102800000,0.305,1662
1618189200000,0.307,1570
1618275600000,0.317,1626
1618362000000,0.33,559
1618448400000,0.337,2072
1618534800000,0.335,1726
1618621200000,0.322,1778
1618707600000,0.321,1491
1618794000000,0.319,1484
1618880400000,0.321,1466
1618966800000,0.328,1764
1619053200000,0.33,1627
1619139600000,0.334,1727
1619226000000,0.333,1883
1619312400000,0.328,1506
1619398800000,0.335,1605
1619485200000,0.345,1443
1619571600000,0.346,1596
1619658000000,0.365,1938
1619744400000,0.377,2001
1619830800000,0.385,1493
1619917200000,0.385,1540
1620003600000,0.38,1334
1620090000000,0.387,2021
1620176400000,0.399,2210
1620262800000,0.409,2074
1620349200000,0.402,1833
1620435600000,0.39,1577
1620522000000,0.389,1485
1620608400000,0.39,1407
1620694800000,0.412,1770
1620781200000,0.419,1816
1620867600000,0.412,1747
1620954000000,0.413,1499
1621040400000,0.407,1521
1621126800000,0.403,1567
1621213200000,0.388,1334
1621299600000,0.38,1288
1621386000000,0.372,1642
1621472400000,0.369,1565
1621558800000,0.369,1528
1621645200000,0.384,1717
1621731600000,0.385,1337
1621818000000,0.394,1420
1621904400000,0.396,1266
1621990800000,0.425,1908
1622077200000,0.472,1978
1622163600000,0.464,1754
1622250000000,0.46,1657
1622336400000,0.453,1457
1622422800000,0.444,1467
1622509200000,0.43,1207
1622595600000,0.429,1506
1622682000000,0.449,1909
1622768400000,0.482,2120
1622854800000,0.535,1816
1622941200000,0.537,1377
1623027600000,0.568,1619
1623114000000,0.645,1656
1623200400000,0.711,1636
1623286800000,0.677,1547
1623373200000,0.646,1378
1623459600000,0.624,1260
1623546000000,0.558,1197
1623632400000,0.512,1173
1623718800000,0.55,1358
1623805200000,0.558,1528
1623891600000,0.553,1383
1623978000000,0.556,1271
1624064400000,0.524,1292
1624150800000,0.5,1324
1624237200000,0.496,1121
1624323600000,0.493,1201
1624410000000,0.508,1312
1624496400000,0.493,1593
1624582800000,0.467,1632
1624669200000,0.437,1458
1624755600000,0.44,1268
1624842000000,0.441,1576
1624928400000,0.456,1303
1625014800000,0.423,1359
1625101200000,0.408,1387
1625187600000,0.419,1254
1625274000000,0.417,1330
1625360400000,0.405,1287
1625446800000,0.388,1234
1625533200000,0.384,1028
1625619600000,0.372,1327
1625706000000,0.358,1257
1625792400000,0.342,984
1625878800000,0.324,870
1625965200000,0.306,932
1626051600000,0.307,1021
1626138000000,0.318,715
1626224400000,0.325,1102
1626310800000,0.319,1061
1626397200000,0.319,1053
1626483600000,0.318,1108
1626570000000,0.324,960
1626656400000,0.323,807
1626742800000,0.324,834
1626829200000,0.339,1427
1626915600000,0.34,968
1627002000000,0.348,1246
1627088400000,0.344,1009
1627174800000,0.343,815
1627261200000,0.338,737
1627347600000,0.34,550
1627434000000,0.338,1205
1627520400000,0.333,1271
1627606800000,0.339,1073
1627693200000,0.33,848
1627779600000,0.324,829
1627866000000,0.329,1043
1627952400000,0.332,1031
1628038800000,0.319,1027
1628125200000,0.318,799
1628211600000,0.307,1260
1628298000000,0.306,978
1628384400000,0.305,1003
1628470800000,0.3,970
1628557200000,0.303,919
1628643600000,0.295,1022
1628730000000,0.288,1154
1628816400000,0.285,941
1628902800000,0.285,1021
1628989200000,0.289,1017
1629075600000,0.291,957
1629162000000,0.289,1015
1629248400000,0.289,1066
1629334800000,0.291,1035
1629421200000,0.299,1109
1629507600000,0.303,956
1629594000000,0.301,881
1629680400000,0.295,919
1629766800000,0.295,741
1629853200000,0.299,1296
1629939600000,0.296,993
1630026000000,0.296,901
1630112400000,0.296,877
1630198800000,0.297,1182
1630285200000,0.298,862
1630371600000,0.303,918
1630458000000,0.299,864
1630544400000,0.292,944
1630630800000,0.288,1043
1630717200000,0.298,959
1630803600000,0.298,976
1630890000000,0.295,978
1630976400000,0.296,883
1631062800000,0.292,953
1631149200000,0.3,1062
1631235600000,0.299,1088
1631322000000,0.303,1524
1631408400000,0.304,1073
1631494800000,0.316,833
1631581200000,0.321,815
1631667600000,0.314,938
1631754000000,0.315,1133
1631840400000,0.303,1132
1631926800000,0.31,1259
1632013200000,0.303,976
1632099600000,0.3,831
1632186000000,0.296,775
1632272400000,0.329,3052
1632358800000,0.302,1749
1632445200000,0.307,1340
1632531600000,0.304,1357
1632618000000,0.317,1355
1632704400000,0.311,1006
1632790800000,0.307,961
1632877200000,0.303,1406
1632963600000,0.304,1222
1633050000000,0.315,1216
1633136400000,0.309,1292
1633222800000,0.307,1155
1633309200000,0.318,1133
1633395600000,0.314,872
1633482000000,0.308,1185
1633568400000,0.321,1459
1633654800000,0.33,1194
1633741200000,0.332,1168
1633827600000,0.336,896
1633914000000,0.332,883
1634000400000,0.337,767
1634086800000,0.324,945
1634173200000,0.332,1208
1634259600000,0.318,946
1634346000000,0.31,943
1634432400000,0.31,798
1634518800000,0.307,788
1634605200000,0.299,778
1634691600000,0.29,990
1634778000000,0.277,935
1634864400000,0.27,1249
1634950800000,0.264,1177
1635037200000,0.262,937
1635123600000,0.262,858
1635210000000,0.265,751
1635296400000,0.259,973
1635382800000,0.256,999
1635469200000,0.258,1349
1635555600000,0.249,919
1635642000000,0.252,1019
1635728400000,0.257,989
1635814800000,0.269,1247
1635901200000,0.267,1068
1635987600000,0.259,984
1636074000000,0.271,1017
1636160400000,0.279,1219
1636246800000,0.28,1043
1636333200000,0.267,831
1636419600000,0.262,725
1636506000000,0.254,1232
1636592400000,0.238,1033
1636678800000,0.235,969
1636765200000,0.239,1136
1636851600000,0.24,1003
1636938000000,0.238,780
1637024400000,0.246,766
1637110800000,0.246,1696
1637197200000,0.251,1178
1637283600000,0.252,1082
1637370000000,0.247,1009
1637456400000,0.251,971
1637542800000,0.249,803
1637629200000,0.255,784
1637715600000,0.257,1076
1637802000000,0.255,1194
1637888400000,0.254,1338
1637974800000,0.255,1057
1638061200000,0.252,1032
1638147600000,0.255,1026
1638234000000,0.244,1122
1638320400000,0.244,1217
1638406800000,0.241,968
1638493200000,0.241,940
1638579600000,0.252,1339
1638666000000,0.268,1140
1638752400000,0.281,1053
1638838800000,0.281,902
1638925200000,0.278,1259
1639011600000,0.279,1081
1639098000000,0.286,1031
1639184400000,0.289,1085
1639270800000,0.285,1108
1639357200000,0.282,842
1639443600000,0.279,717
1639530000000,0.271,966
1639616400000,0.26,822
1639702800000,0.261,951
1639789200000,0.259,848
1639875600000,0.261,1043
1639962000000,0.264,863
1640048400000,0.266,830
1640134800000,0.263,1048
1640221200000,0.259,1026
1640307600000,0.263,1211
1640394000000,0.272,1141
1640480400000,0.267,990
1640566800000,0.27,996
1640653200000,0.27,921
1640739600000,0.273,1368
1640826000000,0.266,1085
1640912400000,0.274,891
1640998800000,0.288,1347
1641085200000,0.28,1256
1641171600000,0.275,1056
1641258000000,0.272,948
1641344400000,0.278,1199
1641430800000,0.278,1158
1641517200000,0.278,994
1641603600000,0.285,1078
1641690000000,0.279,883
1641776400000,0.29,1030
1641862800000,0.285,822
1641949200000,0.29,999
1642035600000,0.285,985
1642122000000,0.292,1056
1642208400000,0.292,1059
1642294800000,0.293,926
1642381200000,0.297,886
1642467600000,0.296,670
1642554000000,0.296,1107
1642640400000,0.295,1021
1642726800000,0.288,1396
1642813200000,0.28,1188
1642899600000,0.273,1337
1642986000000,0.267,1076
1643072400000,0.259,993
1643158800000,0.271,1296
1643245200000,0.276,1336
1643331600000,0.266,1254
1643418000000,0.264,1382
1643504400000,0.266,1433
1643590800000,0.253,1019
1643677200000,0.249,1300
1643763600000,0.251,1394
1643850000000,0.256,1314
1643936400000,0.263,1233
1644022800000,0.257,1289
1644109200000,0.252,1288
1644195600000,0.247,1049
1644282000000,0.245,1024
1644368400000,0.242,1209
1644454800000,0.243,1198
1644541200000,0.25,1328
1644627600000,0.251,1141
1644714000000,0.256,1264
1644800400000,0.258,1028
1644886800000,0.254,924
1644973200000,0.258,1193
1645059600000,0.266,1366
1645146000000,0.264,1161
1645232400000,0.26,1120
1645318800000,0.256,991
1645405200000,0.269,945
1645491600000,0.262,836
1645578000000,0.261,1189
1645664400000,0.255,827
1645750800000,0.255,922
1645837200000,0.26,1050
1645923600000,0.255,961
1646010000000,0.265,1087
1646096400000,0.267,888
1646182800000,0.262,1210
1646269200000,0.26,1058
1646355600000,0.259,1040
1646442000000,0.264,1132
1646528400000,0.264,1257
1646614800000,0.26,991
1646701200000,0.253,1043
1646787600000,0.252,1291
1646874000000,0.262,1276
1646960400000,0.282,1025
1647046800000,0.272,1234
1647133200000,0.265,1192
1647219600000,0.276,945
1647306000000,0.276,1134
1647392400000,0.27,1078
1647478800000,0.271,1274
1647565200000,0.268,1139
1647651600000,0.264,985
1647738000000,0.265,1183
1647824400000,0.271,962
1647910800000,0.269,982
1647997200000,0.267,1041
1648083600000,0.264,1130
1648170000000,0.265,1013
1648256400000,0.262,986
1648342800000,0.262,1014
1648429200000,0.264,998
1648515600000,0.269,1239
1648602000000,0.267,868
1648688400000,0.273,1023
1648774800000,0.267,941
1648861200000,0.275,1256
1648947600000,0.277,1081
1649034000000,0.279,844
1649120400000,0.279,844
1649206800000,0.278,956
1649293200000,0.283,1151
1649379600000,0.283,919
1649466000000,0.281,1050
1649552400000,0.282,887
1649638800000,0.277,821
1649725200000,0.274,894
1649811600000,0.273,1022
1649898000000,0.274,1054
1649984400000,0.277,963
1650070800000,0.275,980
1650157200000,0.274,894
1650243600000,0.271,780
1650330000000,0.274,822
1650416400000,0.273,865
1650502800000,0.272,785
1650589200000,0.275,1309
1650675600000,0.278,873
1650762000000,0.282,906
1650848400000,0.286,918
1650934800000,0.279,886
1651021200000,0.282,882
1651107600000,0.283,858
1651194000000,0.286,877
1651280400000,0.281,831
1651366800000,0.281,1131
1651453200000,0.276,836
1651539600000,0.273,787
1651626000000,0.268,1356
1651712400000,0.259,936
1651798800000,0.258,1063
1651885200000,0.259,1020
1651971600000,0.262,923
1652058000000,0.261,760
1652144400000,0.263,741
1652230800000,0.257,863
1652317200000,0.25,784
1652403600000,0.255,1014
1652490000000,0.248,759
1652576400000,0.25,850
1652662800000,0.247,566
1652749200000,0.253,643
1652835600000,0.247,899
1652922000000,0.249,909
1653008400000,0.249,837
1653094800000,0.247,790
1653181200000,0.251,1046
1653267600000,0.251,940
1653354000000,0.249,894
1653440400000,0.251,765
1653526800000,0.252,997
1653613200000,0.257,1097
1653699600000,0.257,802
1653786000000,0.255,966
1653872400000,0.253,790
1653958800000,0.255,838
1654045200000,0.258,953
1654131600000,0.257,905
1654218000000,0.252,1018
1654304400000,0.258,1198
1654390800000,0.251,897
1654477200000,0.278,843
1654563600000,0.252,678
1654650000000,0.244,1085
1654736400000,0.241,858
1654822800000,0.242,748
1654909200000,0.241,788
1654995600000,0.239,897
1655082000000,0.227,660
1655168400000,0.231,697
1655254800000,0.234,1087
1655341200000,0.232,1004
1655427600000,0.23,847
1655514000000,0.232,825
1655600400000,0.231,791
1655686800000,0.221,725
1655773200000,0.217,822
1655859600000,0.215,954
1655946000000,0.217,958
1656032400000,0.212,1176
1656118800000,0.212,954
1656205200000,0.213,952
1656291600000,0.213,842
1656378000000,0.216,1006
1656464400000,0.213,955
1656550800000,0.211,977
1656637200000,0.215,899
1656723600000,0.226,1256
1656810000000,0.224,955
1656896400000,0.227,815
1656982800000,0.236,1121
1657069200000,0.222,1097
1657155600000,0.213,1042
1657242000000,0.219,947
1657328400000,0.224,772
1657414800000,0.221,873
1657501200000,0.218,813
1657587600000,0.219,777
1657674000000,0.221,678
1657760400000,0.219,1017
1657846800000,0.223,890
1657933200000,0.216,733
1658019600000,0.223,886
1658106000000,0.225,945
1658192400000,0.217,746
1658278800000,0.217,764
1658365200000,0.216,1992
1658451600000,0.214,1430
1658538000000,0.213,994
1658624400000,0.217,1136
1658710800000,0.216,853
1658797200000,0.218,891
1658883600000,0.217,1059
1658970000000,0.215,913
1659056400000,0.215,884
1659142800000,0.219,1021
1659229200000,0.221,947
1659315600000,0.218,795
1659402000000,0.224,892
1659488400000,0.217,985
1659574800000,0.216,861
1659661200000,0.219,898
1659747600000,0.22,824
1659834000000,0.217,982
1659920400000,0.214,750
1660006800000,0.209,406
1660093200000,0.216,1252
1660179600000,0.219,902
1660266000000,0.218,871
1660352400000,0.218,945
1660438800000,0.222,869
1660525200000,0.246,735
1660611600000,0.233,954
1660698000000,0.235,1429
1660784400000,0.237,1140
1660870800000,0.234,984
1660957200000,0.229,813
1661043600000,0.226,912
1661130000000,0.229,956
1661216400000,0.231,784
1661302800000,0.232,1330
1661389200000,0.233,1080
1661475600000,0.232,828
1661562000000,0.239,941
1661648400000,0.24,919
1661734800000,0.24,991
1661821200000,0.238,874
1661907600000,0.243,1225
1661994000000,0.241,955
1662080400000,0.24,1163
1662166800000,0.238,1047
1662253200000,0.249,1197
1662339600000,0.256,1107
1662426000000,0.254,769
1662512400000,0.251,997
1662598800000,0.247,849
1662685200000,0.242,763
1662771600000,0.244,1037
1662858000000,0.239,822
1662944400000,0.232,825
1663030800000,0.232,786
1663117200000,0.231,1077
1663203600000,0.23,978
1663290000000,0.249,1021
1663376400000,0.235,953
1663462800000,0.231,911
1663549200000,0.224,724
1663635600000,0.236,772
1663722000000,0.235,985
1663808400000,0.23,1038
1663894800000,0.232,1005
1663981200000,0.236,941
1664067600000,0.232,788
1664154000000,0.233,878
1664240400000,0.231,818
1664326800000,0.222,1035
1664413200000,0.222,925
1664499600000,0.218,1015
1664586000000,0.219,1302
1664672400000,0.231,932
1664758800000,0.224,717
1664845200000,0.224,777
1664931600000,0.231,834
1665018000000,0.231,869
1665104400000,0.237,932
1665190800000,0.234,946
1665277200000,0.241,939
1665363600000,0.247,1150
1665450000000,0.247,771
1665536400000,0.249,843
1665622800000,0.244,843
1665709200000,0.239,691
1665795600000,0.244,1079
1665882000000,0.25,948
1665968400000,0.243,686
1666054800000,0.247,798
1666141200000,0.251,999
1666227600000,0.242,935
1666314000000,0.243,882
1666400400000,0.235,1334
1666486800000,0.225,842
1666573200000,0.224,838
1666659600000,0.219,886
1666746000000,0.223,1063
1666832400000,0.216,1001
1666918800000,0.213,912
1667005200000,0.213,1004
1667091600000,0.212,1048
1667178000000,0.215,859
1667264400000,0.214,867
1667350800000,0.214,830
1667437200000,0.212,857
1667523600000,0.242,923
1667610000000,0.216,773
1667696400000,0.214,919
1667782800000,0.212,737
1667869200000,0.218,728
1667955600000,0.215,713
1668042000000,0.213,813
1668128400000,0.218,1150
1668214800000,0.216,1004
1668301200000,0.221,841
1668387600000,0.225,734
1668474000000,0.222,762
1668560400000,0.22,900
1668646800000,0.221,918
1668733200000,0.221,1176
1668819600000,0.222,1127
1668906000000,0.228,1284
1668992400000,0.227,754
1669078800000,0.222,817
1669165200000,0.223,1465
1669251600000,0.23,1296
1669338000000,0.225,1059
1669424400000,0.222,1094
1669510800000,0.218,1224
1669597200000,0.224,1074
1669683600000,0.218,837
1669770000000,0.217,925
1669856400000,0.22,875
1669942800000,0.227,990
1670029200000,0.238,1123
1670115600000,0.237,1204
1670202000000,0.236,655
1670288400000,0.238,720
1670374800000,0.231,876
1670461200000,0.241,995
1670547600000,0.242,758
1670634000000,0.248,879
1670720400000,0.244,983
1670806800000,0.246,823
1670893200000,0.247,823
1670979600000,0.246,1042
1671066000000,0.235,839
1671152400000,0.23,891
1671238800000,0.231,826
1671325200000,0.231,914
1671411600000,0.233,1113
1671498000000,0.231,836
1671584400000,0.225,948
1671670800000,0.231,951
1671757200000,0.228,1304
1671843600000,0.229,1082
1671930000000,0.226,1501
1672016400000,0.22,1092
1672102800000,0.221,930
1672189200000,0.211,1120
1672275600000,0.205,998
1672362000000,0.205,1156
1672448400000,0.21,841
1672534800000,0.209,1060
1672621200000,0.205,1132
1672707600000,0.213,1211
1672794000000,0.212,1135
1672880400000,0.212,1091
1672966800000,0.215,1142
1673053200000,0.21,839
1673139600000,0.211,783
1673226000000,0.213,899
1673312400000,0.214,725
1673398800000,0.213,885
1673485200000,0.211,881
1673571600000,0.215,884
1673658000000,0.216,999
1673744400000,0.213,982
1673830800000,0.216,770
1673917200000,0.219,779
1674003600000,0.213,865
1674090000000,0.21,853
1674176400000,0.211,1141
1674262800000,0.215,961
1674349200000,0.213,991
1674435600000,0.207,898
1674522000000,0.213,1111
1674608400000,0.212,1019
1674694800000,0.215,1105
1674781200000,0.214,925
1674867600000,0.217,1109
1674954000000,0.22,1126
1675040400000,0.215,780
1675126800000,0.215,784
1675213200000,0.215,900
1675299600000,0.216,936
1675386000000,0.218,921
1675472400000,0.22,1127
1675558800000,0.22,1116
1675645200000,0.225,884
1675731600000,0.221,785
1675818000000,0.225,1120
1675904400000,0.22,1013
1675990800000,0.215,1327
1676077200000,0.217,1386
1676163600000,0.216,1282
1676250000000,0.221,1091
1676336400000,0.22,1216
1676422800000,0.22,1369
1676509200000,0.227,1265
1676595600000,0.216,1280
1676682000000,0.215,1351
1676768400000,0.212,1150
1676854800000,0.211,879
1676941200000,0.215,877
1677027600000,0.213,1190
1677114000000,0.211,1365
1677200400000,0.21,1176
1677286800000,0.209,1271
1677373200000,0.206,1213
1677459600000,0.207,1075
1677546000000,0.211,930
1677632400000,0.214,1343
1677718800000,0.213,1223
1677805200000,0.216,1236
1677891600000,0.233,1442
1677978000000,0.227,1272
1678064400000,0.217,1164
1678150800000,0.215,1207
1678237200000,0.231,1383
1678323600000,0.234,1533
1678410000000,0.225,1195
1678496400000,0.221,1524
1678582800000,0.223,1415
1678669200000,0.225,1317
1678755600000,0.226,1365
1678842000000,0.231,1299
1678928400000,0.228,1716
1679014800000,0.23,1753
1679101200000,0.234,1744
1679187600000,0.241,1650
1679274000000,0.234,1451
1679360400000,0.23,1343
1679446800000,0.238,1985
1679533200000,0.248,2222
1679619600000,0.259,2494
1679706000000,0.281,1902
1679792400000,0.288,2073
1679878800000,0.292,1751
1679965200000,0.296,1852
1680051600000,0.287,1633
1680138000000,0.285,1251
1680224400000,0.305,1727
1680310800000,0.295,1556
1680397200000,0.29,1811
1680483600000,0.3,1982
1680570000000,0.308,1530
1680656400000,0.308,1964
1680742800000,0.307,1949
1680829200000,0.317,1532
1680915600000,0.322,1522
1681002000000,0.323,2055
1681088400000,0.327,2287
1681174800000,0.331,1665
1681261200000,0.34,2844
1681347600000,0.356,1875
1681434000000,0.365,1522
1681520400000,0.364,1350
1681606800000,0.374,1383
1681693200000,0.39,1637
1681779600000,0.397,1234
1681866000000,0.415,1612
1681952400000,0.434,2206
1682038800000,0.435,610
1682074800000,0.477,148
1682078400000,0.414,62
1682082000000,0.43,98
1682085600000,0.416,58
1682089200000,0.42,72
1682092800000,0.42,117
1682096400000,0.437,91
1682100000000,0.42,112
1682103600000,0.416,121
1682107200000,0.41,93
1682110800000,0.41,140
1682114400000,0.434,140
1682118000000,0.428,114
1682121600000,0.417,83
1682125200000,0.41,60
1682128800000,0.422,42
1682132400000,0.41,57
1682136000000,0.43,70
1682139600000,0.433,68
1682143200000,0.438,75
1682146800000,0.43,52
1682150400000,0.42,76
1682154000000,0.42,89
1682157600000,0.42,94
1682161200000,0.42,81
1682164800000,0.428,98
1682168400000,0.439,148
1682172000000,0.42,67
1682175600000,0.428,134
1682179200000,0.42,99
1682182800000,0.43,92
1682186400000,0.43,111
1682190000000,0.42,80
1682193600000,0.42,87
1682197200000,0.43,85
1682200800000,0.439,185
1682204400000,0.43,71
1682208000000,0.43,91
1682211600000,0.43,47
1682215200000,0.439,77
1682218800000,0.43,31
1682222400000,0.43,46
1682226000000,0.45,62
1682229600000,0.46,60
1682233200000,0.449,43
1682236800000,0.43,58
1682240400000,0.43,57
1682244000000,0.43,77
1682247600000,0.42,57
1682251200000,0.43,96
1682254800000,0.43,111
1682258400000,0.43,84
1682262000000,0.45,170
1682265600000,0.439,109
1682269200000,0.43,91
1682272800000,0.43,109
1682276400000,0.43,126
1682280000000,0.43,82
1682283600000,0.43,139
1682287200000,0.43,140
1682290800000,0.439,106
1682294400000,0.42,32
1682298000000,0.43,42
1682301600000,0.46,35
1682305200000,0.43,37
1682308800000,0.43,35
1682312400000,0.43,35
1682316000000,0.47,66
1682319600000,0.48,76
1682323200000,0.456,33
1682326800000,0.46,45
1682330400000,0.45,84
1682334000000,0.461,60
1682337600000,0.454,66
1682341200000,0.453,64
1682344800000,0.43,65
1682348400000,0.43,122
1682352000000,0.43,75
1682355600000,0.43,102
1682359200000,0.439,98
1682362800000,0.415,92
1682366400000,0.426,141
1682370000000,0.418,72
1682373600000,0.42,81
1682377200000,0.412,58
1682380800000,0.41,29
1682384400000,0.43,160
1682388000000,0.49,525
1682391600000,0.551,310
1682395200000,0.619,330
1682398800000,0.622,250
1682402400000,0.65,208
1682406000000,0.606,330
1682409600000,0.595,223
1682413200000,0.584,306
1682416800000,0.529,320
1682420400000,0.59,348
1682424000000,0.562,224
1682427600000,0.562,169
1682431200000,0.516,185
1682434800000,0.506,250
1682438400000,0.491,162
1682442000000,0.522,212
1682445600000,0.497,167
1682449200000,0.485,183
1682452800000,0.48,211
1682456400000,0.462,165
1682460000000,0.462,112
1682463600000,0.521,72
1682467200000,0.5,78
1682470800000,0.495,56
1682474400000,0.53,96
1682478000000,0.49,51
1682481600000,0.529,65
1682485200000,0.564,125
1682488800000,0.5,62
1682492400000,0.565,186
1682496000000,0.51,53
1682499600000,0.557,116
1682503200000,0.516,88
1682506800000,0.528,107
1682510400000,0.47,103
1682514000000,0.473,81
1682517600000,0.459,114
1682521200000,0.514,191
1682524800000,0.471,107
1682528400000,0.514,212
1682532000000,0.528,264
1682535600000,0.484,157
1682539200000,0.503,223
1682542800000,0.487,204
1682546400000,0.5,142
1682550000000,0.49,106
1682553600000,0.49,116
1682557200000,0.512,90
1682560800000,0.47,45
1682564400000,0.505,44
1682568000000,0.52,57
1682571600000,0.48,38
1682575200000,0.53,59
1682578800000,0.486,38
1682582400000,0.5,54
1682586000000,0.483,101
1682589600000,0.486,60
1682593200000,0.495,66
1682596800000,0.474,78
1682600400000,0.476,71
1682604000000,0.476,103
1682607600000,0.486,118
1682611200000,0.488,156
1682614800000,0.474,136
1682618400000,0.476,147
1682622000000,0.47,148
1682625600000,0.464,127
1682629200000,0.483,159
1682632800000,0.48,127
1682636400000,0.464,93
1682640000000,0.49,65
1682643600000,0.49,81
1682647200000,0.462,46
1682650800000,0.49,84
1682654400000,0.49,58
1682658000000,0.53,91
1682661600000,0.506,39
1682665200000,0.506,55
1682668800000,0.526,90
1682672400000,0.53,144
1682676000000,0.503,71
1682679600000,0.517,95
1682683200000,0.499,104
1682686800000,0.502,93
1682690400000,0.473,57
1682694000000,0.506,138
1682697600000,0.506,145
1682701200000,0.515,141
1682704800000,0.507,117
1682708400000,0.514,172
1682712000000,0.477,132
1682715600000,0.49,164
1682719200000,0.48,152
1682722800000,0.517,166
1682726400000,0.47,64
1682730000000,0.487,80
1682733600000,0.462,41
1682737200000,0.44,36
1682740800000,0.506,72
1682744400000,0.503,50
1682748000000,0.504,66
1682751600000,0.517,44
1682755200000,0.478,56
1682758800000,0.481,76
1682762400000,0.493,135
1682766000000,0.517,148
1682769600000,0.507,99
1682773200000,0.506,141
1682776800000,0.513,141
1682780400000,0.513,239
1682784000000,0.517,146
1682787600000,0.517,171
1682791200000,0.517,180
1682794800000,0.483,161
1682798400000,0.528,180
1682802000000,0.517,215
1682805600000,0.473,104
1682809200000,0.481,109
1682812800000,0.473,74
1682816400000,0.51,109
1682820000000,0.464,28
1682823600000,0.456,57
1682827200000,0.499,24
1682830800000,0.499,44
1682834400000,0.494,47
1682838000000,0.46,40
1682841600000,0.517,125
1682845200000,0.491,71
1682848800000,0.49,93
1682852400000,0.49,100
1682856000000,0.473,101
1682859600000,0.508,138
1682863200000,0.48,93
1682866800000,0.46,81
1682870400000,0.46,93
1682874000000,0.462,108
1682877600000,0.461,108
1682881200000,0.451,115
1682884800000,0.451,136
1682888400000,0.485,172
1682892000000,0.501,120
1682895600000,0.48,103
1682899200000,0.49,57
1682902800000,0.471,58
1682906400000,0.485,48
1682910000000,0.48,62
1682913600000,0.519,48
1682917200000,0.47,39
1682920800000,0.48,29
1682924400000,0.49,54
1682928000000,0.49,57
1682931600000,0.5,103
1682935200000,0.503,80
1682938800000,0.474,109
1682942400000,0.46,61
1682946000000,0.47,92
1682949600000,0.474,76
1682953200000,0.469,92
1682956800000,0.473,100
1682960400000,0.458,99
1682964000000,0.446,106
1682967600000,0.465,128
1682971200000,0.44,101
1682974800000,0.441,88
1682978400000,0.441,84
1682982000000,0.464,75
1682985600000,0.441,89
1682989200000,0.47,83
1682992800000,0.43,27
1682996400000,0.43,27
1683000000000,0.457,43
1683003600000,0.432,31
1683007200000,0.486,59
1683010800000,0.474,57
1683014400000,0.475,48
1683018000000,0.493,95
1683021600000,0.453,50
1683025200000,0.463,104
1683028800000,0.471,122
1683032400000,0.471,97
1683036000000,0.484,117
1683039600000,0.474,85
1683043200000,0.481,111
1683046800000,0.47,103
1683050400000,0.463,122
1683054000000,0.468,93
1683057600000,0.457,81
1683061200000,0.449,80
1683064800000,0.449,68
1683068400000,0.452,39
1683072000000,0.457,41
1683075600000,0.471,58
1683079200000,0.463,41
1683082800000,0.471,61
1683086400000,0.485,92
1683090000000,0.499,118
1683093600000,0.5,74
1683097200000,0.464,40
1683100800000,0.48,60
1683104400000,0.48,51
1683108000000,0.497,69
1683111600000,0.48,70
1683115200000,0.495,70
1683118800000,0.458,65
1683122400000,0.48,78
1683126000000,0.48,115
1683129600000,0.474,103
1683133200000,0.471,99
1683136800000,0.464,94
1683140400000,0.438,105
1683144000000,0.449,119
1683147600000,0.445,108
1683151200000,0.455,100
1683154800000,0.46,85
1683158400000,0.483,88
1683162000000,0.46,57
1683165600000,0.474,48
1683169200000,0.487,69
1683172800000,0.49,79
1683176400000,0.486,63
1683180000000,0.441,35
1683183600000,0.48,27
1683187200000,0.48,37
1683190800000,0.476,85
1683194400000,0.474,62
1683198000000,0.462,58
1683201600000,0.452,57
1683205200000,0.463,78
1683208800000,0.463,83
1683212400000,0.47,86
1683216000000,0.452,106
1683219600000,0.474,102
1683223200000,0.444,74
1683226800000,0.463,170
1683230400000,0.452,90
1683234000000,0.452,117
1683237600000,0.46,85
1683241200000,0.506,127
1683244800000,0.52,88
1683248400000,0.441,66
1683252000000,0.46,69
1683255600000,0.46,103
1683259200000,0.502,80
1683262800000,0.478,70
1683266400000,0.452,42
1683270000000,0.505,73
1683273600000,0.452,69
1683277200000,0.463,72
1683280800000,0.461,78
1683284400000,0.507,304
1683288000000,0.46,84
1683291600000,0.46,70
1683295200000,0.471,65
1683298800000,0.507,73
1683302400000,0.463,71
1683306000000,0.46,143
1683309600000,0.443,122
1683313200000,0.452,116
1683316800000,0.456,107
1683320400000,0.438,144
1683324000000,0.439,86
1683327600000,0.43,58
1683331200000,0.45,68
1683334800000,0.449,65
1683338400000,0.471,39
1683342000000,0.456,42
1683345600000,0.459,75
1683349200000,0.46,57
1683352800000,0.472,59
1683356400000,0.472,86
1683360000000,0.45,42
1683363600000,0.474,76
1683367200000,0.461,77
1683370800000,0.455,68
1683374400000,0.461,128
1683378000000,0.463,49
1683381600000,0.461,59
1683385200000,0.455,83
1683388800000,0.439,115
1683392400000,0.454,150
1683396000000,0.43,98
1683399600000,0.449,139
1683403200000,0.439,126
1683406800000,0.439,124
1683410400000,0.43,108
1683414000000,0.43,73
1683417600000,0.45,93
1683421200000,0.43,35
1683424800000,0.439,29
1683428400000,0.473,66
1683432000000,0.452,27
1683435600000,0.457,48
1683439200000,0.456,41
1683442800000,0.449,46
1683446400000,0.472,97
1683450000000,0.478,101
1683453600000,0.46,69
1683457200000,0.459,77
1683460800000,0.449,99
1683464400000,0.459,72
1683468000000,0.439,87
1683471600000,0.451,94
1683475200000,0.43,65
1683478800000,0.449,103
1683482400000,0.43,83
1683486000000,0.43,103
1683489600000,0.453,108
1683493200000,0.449,71
1683496800000,0.43,72
1683500400000,0.45,83
1683504000000,0.43,47
1683507600000,0.42,51
1683511200000,0.43,29
1683514800000,0.45,55
1683518400000,0.43,40
1683522000000,0.465,55
1683525600000,0.472,44
1683529200000,0.45,35
1683532800000,0.461,79
1683536400000,0.452,68
1683540000000,0.43,39
1683543600000,0.454,63
1683547200000,0.453,69
1683550800000,0.491,128
1683554400000,0.452,59
1683558000000,0.452,224
1683561600000,0.492,123
1683565200000,0.45,73
1683568800000,0.477,134
1683572400000,0.46,89
1683576000000,0.452,69
1683579600000,0.46,166
1683583200000,0.443,209
1683586800000,0.443,250
1683590400000,0.42,33
1683594000000,0.42,30
1683597600000,0.42,51
1683601200000,0.42,49
1683604800000,0.442,142
1683608400000,0.455,54
1683612000000,0.46,118
1683615600000,0.442,34
1683619200000,0.477,60
1683622800000,0.474,58
1683626400000,0.474,84
1683630000000,0.439,56
1683633600000,0.43,74
1683637200000,0.442,70
1683640800000,0.453,66
1683644400000,0.452,68
1683648000000,0.445,61
1683651600000,0.443,89
1683655200000,0.441,66
1683658800000,0.441,90
1683662400000,0.439,49
1683666000000,0.438,58
1683669600000,0.438,47
1683673200000,0.44,38
1683676800000,0.438,38
1683680400000,0.43,25
1683684000000,0.446,37
1683687600000,0.449,52
1683691200000,0.452,60
1683694800000,0.438,19
1683698400000,0.442,47
1683702000000,0.452,53
1683705600000,0.456,84
1683709200000,0.452,83
1683712800000,0.453,100
1683716400000,0.453,75
1683720000000,0.453,116
1683723600000,0.453,124
1683727200000,0.445,152
1683730800000,0.45,165
1683734400000,0.43,87
1683738000000,0.45,140
1683741600000,0.449,131
1683745200000,0.449,116
1683748800000,0.449,114
1683752400000,0.43,71
1683756000000,0.438,60
1683759600000,0.437,51
1683763200000,0.439,63
1683766800000,0.43,26
1683770400000,0.46,62
1683774000000,0.452,52
1683777600000,0.43,20
1683781200000,0.452,39
1683784800000,0.454,30
1683788400000,0.45,84
1683792000000,0.447,68
1683795600000,0.453,153
1683799200000,0.43,57
1683802800000,0.449,91
1683806400000,0.45,70
1683810000000,0.439,53
1683813600000,0.452,107
1683817200000,0.453,287
1683820800000,0.453,241
1683824400000,0.43,90
1683828000000,0.43,81
1683831600000,0.43,76
1683835200000,0.43,93
1683838800000,0.43,93
1683842400000,0.45,162
1683846000000,0.43,55
1683849600000,0.43,44
1683853200000,0.436,35
1683856800000,0.451,100
1683860400000,0.45,36
1683864000000,0.46,89
1683867600000,0.456,66
1683871200000,0.451,43
1683874800000,0.43,27
1683878400000,0.449,36
1683882000000,0.43,42
1683885600000,0.443,57
1683889200000,0.436,108
1683892800000,0.45,80
1683896400000,0.436,116
1683900000000,0.43,65
1683903600000,0.43,95
1683907200000,0.43,139
1683910800000,0.43,73
1683914400000,0.436,105
1683918000000,0.448,111
1683921600000,0.43,85
1683925200000,0.43,88
1683928800000,0.43,76
1683932400000,0.46,100
1683936000000,0.435,101
1683939600000,0.435,217
1683943200000,0.435,173
1683946800000,0.444,65
1683950400000,0.43,37
1683954000000,0.46,120
1683957600000,0.444,75
1683961200000,0.45,170
1683964800000,0.435,65
1683968400000,0.43,83
1683972000000,0.42,54
1683975600000,0.43,71
1683979200000,0.449,102
1683982800000,0.43,69
1683986400000,0.449,79
1683990000000,0.43,41
1683993600000,0.43,56
1683997200000,0.441,99
1684000800000,0.42,49
1684004400000,0.446,123
1684008000000,0.42,83
1684011600000,0.42,69
1684015200000,0.42,74
1684018800000,0.415,62
1684022400000,0.435,75
1684026000000,0.435,86
1684029600000,0.452,39
1684033200000,0.444,28
1684036800000,0.43,36
1684040400000,0.444,53
1684044000000,0.44,26
1684047600000,0.422,34
1684051200000,0.42,25
1684054800000,0.424,51
1684058400000,0.435,51
1684062000000,0.41,36
1684065600000,0.41,55
1684069200000,0.424,81
1684072800000,0.43,54
1684076400000,0.417,76
1684080000000,0.43,97
1684083600000,0.426,94
1684087200000,0.412,75
1684090800000,0.41,99
1684094400000,0.4,67
1684098000000,0.4,81
1684101600000,0.4,59
1684105200000,0.419,32
1684108800000,0.418,22
1684112400000,0.41,19
1684116000000,0.4,31
1684119600000,0.4,26
1684123200000,0.42,42
1684126800000,0.434,40
1684130400000,0.435,33
1684134000000,0.422,23
1684137600000,0.412,21
1684141200000,0.424,36
1684144800000,0.434,62
1684148400000,0.434,59
1684152000000,0.42,27
1684155600000,0.42,49
1684159200000,0.431,70
1684162800000,0.435,68
1684166400000,0.413,49
1684170000000,0.413,52
1684173600000,0.413,63
1684177200000,0.414,53
1684180800000,0.426,134
1684184400000,0.417,105
1684188000000,0.417,50
1684191600000,0.406,28
1684195200000,0.41,45
1684198800000,0.41,47
1684202400000,0.401,22
1684206000000,0.404,39
1684209600000,0.402,18
1684213200000,0.408,27
1684216800000,0.396,28
1684220400000,0.41,28
1684224000000,0.412,29
1684227600000,0.413,38
1684231200000,0.414,47
1684234800000,0.409,56
1684238400000,0.42,64
1684242000000,0.413,57
1684245600000,0.39,51
1684249200000,0.405,52
1684252800000,0.406,78
1684256400000,0.391,64
1684260000000,0.402,89
1684263600000,0.391,71
1684267200000,0.38,49
1684270800000,0.391,79
1684274400000,0.391,63
1684278000000,0.391,40
1684281600000,0.402,53
1684285200000,0.391,27
1684288800000,0.39,39
1684292400000,0.4,41
1684296000000,0.4,34
1684299600000,0.38,28
1684303200000,0.401,39
1684306800000,0.39,33
1684310400000,0.42,56
1684314000000,0.402,64
1684317600000,0.38,52
1684321200000,0.404,82
1684324800000,0.402,64
1684328400000,0.4,59
1684332000000,0.4,78
1684335600000,0.404,107
1684339200000,0.39,99
1684342800000,0.39,75
1684346400000,0.39,83
1684350000000,0.39,121
1684353600000,0.38,74
1684357200000,0.391,80
1684360800000,0.379,62
1684364400000,0.396,113
1684368000000,0.38,96
1684371600000,0.38,41
1684375200000,0.39,74
1684378800000,0.39,63
1684382400000,0.39,45
1684386000000,0.39,82
1684389600000,0.39,131
1684393200000,0.39,79
1684396800000,0.413,178
1684400400000,0.414,78
1684404000000,0.4,67
1684407600000,0.419,97
1684411200000,0.4,59
1684414800000,0.411,71
1684418400000,0.395,82
1684422000000,0.4,66
1684425600000,0.41,78
1684429200000,0.41,93
1684432800000,0.401,102
1684436400000,0.421,137
1684440000000,0.4,127
1684443600000,0.407,105
1684447200000,0.433,141
1684450800000,0.4,81
1684454400000,0.42,65
1684458000000,0.435,70
1684461600000,0.39,23
1684465200000,0.4,28
1684468800000,0.41,38
1684472400000,0.42,31
1684476000000,0.42,41
1684479600000,0.43,35
1684483200000,0.42,44
1684486800000,0.423,49
1684490400000,0.429,52
1684494000000,0.429,43
1684497600000,0.429,51
1684501200000,0.429,49
1684504800000,0.41,94
1684508400000,0.404,107
1684512000000,0.39,65
1684515600000,0.399,95
1684519200000,0.39,59
1684522800000,0.39,87
1684526400000,0.397,115
1684530000000,0.39,73
1684533600000,0.39,103
1684537200000,0.399,78
1684540800000,0.39,43
1684544400000,0.4,49
1684548000000,0.403,42
1684551600000,0.405,41
1684555200000,0.42,65
1684558800000,0.42,57
1684562400000,0.43,46
1684566000000,0.42,42
1684569600000,0.39,29
1684573200000,0.421,70
1684576800000,0.403,60
1684580400000,0.404,57
1684584000000,0.39,81
1684587600000,0.39,58
1684591200000,0.419,116
1684594800000,0.402,56
1684598400000,0.403,64
1684602000000,0.4,80
1684605600000,0.398,59
1684609200000,0.39,92
1684612800000,0.39,73
1684616400000,0.4,114
1684620000000,0.39,77
1684623600000,0.39,42
1684627200000,0.39,52
1684630800000,0.39,46
1684634400000,0.39,30
1684638000000,0.4,61
1684641600000,0.407,48
1684645200000,0.429,29
1684648800000,0.4,23
1684652400000,0.405,20
1684656000000,0.421,54
1684659600000,0.4,45
