timestamp,price_dollar,sells
1377738000000,2.32,71
1377824400000,2.166,615
1377910800000,2.136,380
1377997200000,2.147,249
1378083600000,2.163,191
1378170000000,2.163,141
1378256400000,2.145,170
1378342800000,2.115,161
1378429200000,2.075,197
1378515600000,2.059,213
1378602000000,2.062,226
1378688400000,2.085,184
1378774800000,2.072,129
1378861200000,2.072,162
1378947600000,2.1,140
1379034000000,2.103,199
1379120400000,2.109,201
1379206800000,2.104,211
1379293200000,2.117,128
1379379600000,2.103,104
1379466000000,2.128,115
1379552400000,2.144,92
1379638800000,2.156,166
1379725200000,2.168,172
1379811600000,2.16,191
1379898000000,2.16,125
1379984400000,2.147,104
1380070800000,2.138,123
1380157200000,2.133,115
1380243600000,2.118,118
1380330000000,2.126,144
1380416400000,2.127,175
1380502800000,2.143,146
1380589200000,2.123,114
1380675600000,2.131,118
1380762000000,2.132,134
1380848400000,2.138,120
1380934800000,2.129,162
1381021200000,2.13,148
1381107600000,2.132,148
1381194000000,2.129,145
1381280400000,2.12,149
1381366800000,2.122,118
1381453200000,2.127,153
1381539600000,2.125,128
1381626000000,2.121,165
1381712400000,2.116,135
1381798800000,2.116,139
1381885200000,2.125,118
1381971600000,2.135,123
1382058000000,2.143,106
1382144400000,2.169,161
1382230800000,2.153,165
1382317200000,2.151,151
1382403600000,2.146,101
1382490000000,2.158,115
1382576400000,2.162,115
1382662800000,2.165,131
1382749200000,2.161,173
1382835600000,2.145,126
1382922000000,2.152,155
1383008400000,2.149,116
1383094800000,2.136,127
1383181200000,2.135,143
1383267600000,2.125,139
1383354000000,2.114,104
1383440400000,2.115,113
1383526800000,2.103,109
1383613200000,2.119,124
1383699600000,2.114,80
1383786000000,2.487,67
1383872400000,3.143,73
1383958800000,2.855,85
1384045200000,2.199,161
1384131600000,2.1,87
1384218000000,2.051,68
1384304400000,2.098,105
1384390800000,2.083,93
1384477200000,2.108,123
1384563600000,2.108,120
1384650000000,2.097,122
1384736400000,2.085,81
1384822800000,2.259,82
1384909200000,2.529,73
1384995600000,2.083,82
1385082000000,2.053,120
1385168400000,2.093,109
1385254800000,2.091,136
1385341200000,2.095,108
1385427600000,2.075,105
1385514000000,2.084,118
1385600400000,2.083,97
1385686800000,2.082,159
1385773200000,2.072,144
1385859600000,2.561,116
1385946000000,2.313,128
1386032400000,2.262,100
1386118800000,2.31,114
1386205200000,2.268,112
1386291600000,2.257,123
1386378000000,2.292,135
1386464400000,2.183,187
1386550800000,2.099,116
1386637200000,2.105,137
1386723600000,2.101,109
1386810000000,2.105,122
1386896400000,2.096,135
1386982800000,2.187,160
1387069200000,2.182,121
1387155600000,2.093,133
1387242000000,2.092,156
1387328400000,2.089,139
1387414800000,2.047,106
1387501200000,2.029,112
1387587600000,2.044,115
1387674000000,2.08,109
1387760400000,2.065,119
1387846800000,2.079,116
1387933200000,2.092,86
1388019600000,2.096,122
1388106000000,2.056,144
1388192400000,2.097,97
1388278800000,2.192,87
1388365200000,2.097,132
1388451600000,2.106,86
1388538000000,2.102,110
1388624400000,2.101,94
1388710800000,2.074,83
1388797200000,2.091,151
1388883600000,2.082,111
1388970000000,2.054,117
1389056400000,2.003,90
1389142800000,2.066,93
1389229200000,2.035,110
1389315600000,2.073,127
1389402000000,2.092,115
1389488400000,2.12,117
1389574800000,2.069,83
1389661200000,2.065,99
1389747600000,2.054,97
1389834000000,2.088,101
1389920400000,2.139,131
1390006800000,2.092,101
1390093200000,2.094,111
1390179600000,2.062,131
1390266000000,2.019,107
1390352400000,2.058,96
1390438800000,2.06,87
1390525200000,2.045,143
1390611600000,2.136,934
1390698000000,2.058,137
1390784400000,2.025,150
1390870800000,2.019,153
1390957200000,2.012,171
1391043600000,1.991,185
1391130000000,1.96,206
1391216400000,1.968,242
1391302800000,1.956,247
1391389200000,1.94,213
1391475600000,1.964,168
1391562000000,1.962,202
1391648400000,1.99,183
1391734800000,1.988,250
1391821200000,1.966,261
1391907600000,1.951,267
1391994000000,1.979,211
1392080400000,2.026,163
1392166800000,2.002,200
1392253200000,2.003,189
1392339600000,1.976,246
1392426000000,1.977,262
1392512400000,1.998,226
1392598800000,1.975,225
1392685200000,1.962,197
1392771600000,1.949,212
1392858000000,1.926,195
1392944400000,1.923,280
1393030800000,1.973,290
1393117200000,1.967,253
1393203600000,1.973,245
1393290000000,1.954,247
1393376400000,1.968,242
1393462800000,1.957,239
1393549200000,1.921,314
1393635600000,1.948,359
1393722000000,1.94,366
1393808400000,1.895,367
1393894800000,1.913,288
1393981200000,1.906,306
1394067600000,1.925,227
1394154000000,2.19,137
1394240400000,2.219,86
1394326800000,2.226,116
1394413200000,2.227,81
1394499600000,2.236,68
1394586000000,2.227,74
1394672400000,2.254,53
1394758800000,2.255,69
1394845200000,2.188,109
1394931600000,2.189,108
1395018000000,2.222,97
1395104400000,2.182,81
1395190800000,2.186,116
1395277200000,2.027,134
1395363600000,2.179,95
1395450000000,2.236,102
1395536400000,2.207,91
1395622800000,2.244,97
1395709200000,2.204,73
1395795600000,2.24,69
1395882000000,2.299,71
1395968400000,2.249,85
1396054800000,2.284,117
1396141200000,2.273,116
1396227600000,2.278,79
1396314000000,2.312,65
1396400400000,2.319,65
1396486800000,2.137,92
1396573200000,2.311,95
1396659600000,2.3,101
1396746000000,2.265,99
1396832400000,2.206,91
1396918800000,2.26,84
1397005200000,2.209,70
1397091600000,2.27,121
1397178000000,2.308,95
1397264400000,2.28,97
1397350800000,2.275,92
1397437200000,2.245,106
1397523600000,2.235,84
1397610000000,2.25,109
1397696400000,2.257,120
1397782800000,2.283,100
1397869200000,2.286,109
1397955600000,2.295,107
1398042000000,2.278,100
1398128400000,2.317,125
1398214800000,2.282,94
1398301200000,2.271,123
1398387600000,2.303,113
1398474000000,2.222,129
1398560400000,2.224,128
1398646800000,2.202,79
1398733200000,2.315,102
1398819600000,2.284,94
1398906000000,2.298,86
1398992400000,2.202,96
1399078800000,2.257,117
1399165200000,2.191,107
1399251600000,2.264,141
1399338000000,2.366,96
1399424400000,2.23,121
1399510800000,2.294,110
1399597200000,2.202,130
1399683600000,2.266,115
1399770000000,2.307,138
1399856400000,2.255,103
1399942800000,2.263,100
1400029200000,2.272,84
1400115600000,2.33,101
1400202000000,2.262,111
1400288400000,2.279,120
1400374800000,2.285,107
1400461200000,2.304,103
1400547600000,2.313,93
1400634000000,2.303,82
1400720400000,2.296,100
1400806800000,2.29,123
1400893200000,2.277,119
1400979600000,2.238,130
1401066000000,2.231,141
1401152400000,2.216,100
1401238800000,2.223,109
1401325200000,2.224,113
1401411600000,2.278,109
1401498000000,2.255,106
1401584400000,2.286,126
1401670800000,2.251,114
1401757200000,2.212,95
1401843600000,2.229,109
1401930000000,2.222,112
1402016400000,2.2,106
1402102800000,2.224,109
1402189200000,2.179,119
1402275600000,2.254,114
1402362000000,2.247,94
1402448400000,2.206,104
1402534800000,2.218,124
1402621200000,2.224,110
1402707600000,2.215,139
1402794000000,2.241,141
1402880400000,2.232,127
1402966800000,2.172,117
1403053200000,2.177,107
1403139600000,2.206,164
1403226000000,2.22,135
1403312400000,2.221,136
1403398800000,2.225,132
1403485200000,2.224,129
1403571600000,2.184,102
1403658000000,2.217,136
1403744400000,2.249,110
1403830800000,2.257,130
1403917200000,2.272,114
1404003600000,2.198,134
1404090000000,2.264,153
1404176400000,2.254,118
1404262800000,2.108,165
1404349200000,2.289,176
1404435600000,2.267,154
1404522000000,2.252,136
1404608400000,2.268,153
1404694800000,2.266,131
1404781200000,2.234,143
1404867600000,2.247,156
1404954000000,2.271,156
1405040400000,2.238,158
1405126800000,2.238,161
1405213200000,2.243,171
1405299600000,2.199,156
1405386000000,2.252,177
1405472400000,2.26,203
1405558800000,2.246,164
1405645200000,2.253,154
1405731600000,2.285,163
1405818000000,2.295,165
1405904400000,2.248,151
1405990800000,2.276,161
1406077200000,2.254,151
1406163600000,2.256,154
1406250000000,2.253,161
1406336400000,2.281,180
1406422800000,2.271,171
1406509200000,2.253,191
1406595600000,2.279,204
1406682000000,2.278,198
1406768400000,2.3,215
1406854800000,2.289,260
1406941200000,2.274,210
1407027600000,2.269,213
1407114000000,2.263,301
1407200400000,2.249,257
1407286800000,2.259,200
1407373200000,2.254,211
1407459600000,2.232,246
1407546000000,2.273,228
1407632400000,2.247,200
1407718800000,2.258,208
1407805200000,2.239,220
1407891600000,2.245,196
1407978000000,2.235,239
1408064400000,2.227,280
1408150800000,2.228,308
1408237200000,2.213,356
1408323600000,2.248,279
1408410000000,2.226,278
1408496400000,2.217,247
1408582800000,2.223,268
1408669200000,2.222,305
1408755600000,2.24,325
1408842000000,2.215,276
1408928400000,2.233,298
1409014800000,2.222,332
1409101200000,2.194,266
1409187600000,2.197,263
1409274000000,2.193,310
1409360400000,2.169,296
1409446800000,2.161,315
1409533200000,2.181,349
1409619600000,2.156,321
1409706000000,2.226,265
1409792400000,2.268,221
1409878800000,2.274,292
1409965200000,2.271,277
1410051600000,2.269,332
1410138000000,2.265,280
1410224400000,2.25,240
1410310800000,2.223,265
1410397200000,2.194,329
1410483600000,2.194,320
1410570000000,2.23,310
1410656400000,2.183,301
1410742800000,2.219,254
1410829200000,2.17,274
1410915600000,2.191,256
1411002000000,2.176,274
1411088400000,2.189,302
1411174800000,2.171,351
1411261200000,2.166,302
1411347600000,2.153,278
1411434000000,2.136,255
1411520400000,2.137,289
1411606800000,2.108,264
1411693200000,2.103,303
1411779600000,2.135,377
1411866000000,2.079,373
1411952400000,2.097,313
1412038800000,2.091,322
1412125200000,2.157,268
1412211600000,2.26,298
1412298000000,2.226,257
1412384400000,2.243,317
1412470800000,2.224,313
1412557200000,2.228,254
1412643600000,2.252,244
1412730000000,2.261,275
1412816400000,2.27,277
1412902800000,2.235,274
1412989200000,2.259,328
1413075600000,2.234,349
1413162000000,2.295,297
1413248400000,2.285,238
1413334800000,2.255,244
1413421200000,2.261,259
1413507600000,2.239,301
1413594000000,2.229,331
1413680400000,2.216,286
1413766800000,2.242,284
1413853200000,2.206,237
1413939600000,2.206,207
1414026000000,2.244,254
1414112400000,2.223,271
1414198800000,2.219,289
1414285200000,2.221,356
1414371600000,2.224,264
1414458000000,2.187,286
1414544400000,2.171,268
1414630800000,2.15,339
1414717200000,2.195,361
1414803600000,2.164,338
1414890000000,2.143,309
1414976400000,2.167,290
1415062800000,2.139,272
1415149200000,2.119,256
1415235600000,2.073,324
1415322000000,2.046,382
1415408400000,1.988,532
1415494800000,1.984,573
1415581200000,1.989,472
1415667600000,2.026,422
1415754000000,1.959,502
1415840400000,2.021,427
1415926800000,2,469
1416013200000,1.994,561
1416099600000,2.016,480
1416186000000,2.005,390
1416272400000,1.992,448
1416358800000,2.01,400
1416445200000,1.993,419
1416531600000,2.021,365
1416618000000,2.036,441
1416704400000,2.074,368
1416790800000,2.046,351
1416877200000,2.069,336
1416963600000,2.035,293
1417050000000,2.031,348
1417136400000,2.024,390
1417222800000,1.929,338
1417309200000,1.919,893
1417395600000,1.909,742
1417482000000,2.091,421
1417568400000,2.303,244
1417654800000,2.293,270
1417741200000,2.251,367
1417827600000,2.209,410
1417914000000,2.203,487
1418000400000,2.204,343
1418086800000,2.233,317
1418173200000,2.232,345
1418259600000,2.217,323
1418346000000,2.209,364
1418432400000,2.285,362
1418518800000,2.267,384
1418605200000,2.238,327
1418691600000,2.259,355
1418778000000,1.973,874
1418864400000,2.035,545
1418950800000,2.233,442
1419037200000,2.235,451
1419123600000,2.239,465
1419210000000,2.225,499
1419296400000,2.227,511
1419382800000,2.209,627
1419469200000,2.195,792
1419555600000,2.188,847
1419642000000,2.18,800
1419728400000,2.157,668
1419814800000,2.163,723
1419901200000,2.158,717
1419987600000,2.167,700
1420074000000,2.176,515
1420160400000,2.167,678
1420246800000,2.165,629
1420333200000,2.126,680
1420419600000,2.12,635
1420506000000,2.106,604
1420592400000,2.127,589
1420678800000,2.157,595
1420765200000,2.214,660
1420851600000,2.248,602
1420938000000,2.253,650
1421024400000,2.232,560
1421110800000,2.205,597
1421197200000,2.142,621
1421283600000,2.158,568
1421370000000,2.226,730
1421456400000,2.221,698
1421542800000,2.236,566
1421629200000,2.214,574
1421715600000,2.218,573
1421802000000,2.224,520
1421888400000,2.207,591
1421974800000,2.169,575
1422061200000,2.194,607
1422147600000,2.193,664
1422234000000,2.184,551
1422320400000,2.173,541
1422406800000,2.197,529
1422493200000,2.176,498
1422579600000,2.211,577
1422666000000,2.167,661
1422752400000,2.168,682
1422838800000,2.167,644
1422925200000,2.197,554
1423011600000,2.207,478
1423098000000,2.211,496
1423184400000,2.21,568
1423270800000,2.18,675
1423357200000,2.167,674
1423443600000,2.165,550
1423530000000,2.151,520
1423616400000,2.175,504
1423702800000,2.223,502
1423789200000,2.223,547
1423875600000,2.234,699
1423962000000,2.223,614
1424048400000,2.219,572
1424134800000,2.21,499
1424221200000,2.217,515
1424307600000,2.212,580
1424394000000,2.204,631
1424480400000,2.195,582
1424566800000,2.199,522
1424653200000,2.19,492
1424739600000,2.193,522
1424826000000,2.199,490
1424912400000,2.209,519
1424998800000,2.176,634
1425085200000,2.183,663
1425171600000,2.187,580
1425258000000,2.187,543
1425344400000,2.19,455
1425430800000,2.176,557
1425517200000,2.161,523
1425603600000,2.142,565
1425690000000,2.12,659
1425776400000,2.114,598
1425862800000,2.111,510
1425949200000,2.104,514
1426035600000,2.174,363
1426122000000,2.249,438
1426208400000,2.248,530
1426294800000,2.203,595
1426381200000,2.147,563
1426467600000,2.203,503
1426554000000,2.193,435
1426640400000,2.233,388
1426726800000,2.252,429
1426813200000,2.236,497
1426899600000,2.244,506
1426986000000,2.243,489
1427072400000,2.254,474
1427158800000,2.276,481
1427245200000,2.257,461
1427331600000,2.245,487
1427418000000,2.223,564
1427504400000,2.216,603
1427590800000,2.223,585
1427677200000,2.233,515
1427763600000,2.239,533
1427850000000,2.223,643
1427936400000,2.257,648
1428022800000,2.254,666
1428109200000,2.235,647
1428195600000,2.234,678
1428282000000,2.249,638
1428368400000,2.249,721
1428454800000,2.246,706
1428541200000,2.219,619
1428627600000,2.211,615
1428714000000,2.202,830
1428800400000,2.199,699
1428886800000,2.195,674
1428973200000,2.201,573
1429059600000,2.153,600
1429146000000,2.163,694
1429232400000,2.137,724
1429318800000,2.138,860
1429405200000,2.148,711
1429491600000,2.151,673
1429578000000,2.135,695
1429664400000,2.158,637
1429750800000,2.138,646
1429837200000,2.134,785
1429923600000,2.135,907
1430010000000,2.126,741
1430096400000,2.135,723
1430182800000,2.145,645
1430269200000,2.284,515
1430355600000,2.342,657
1430442000000,2.056,1204
1430528400000,2.274,795
1430614800000,2.266,663
1430701200000,2.256,651
1430787600000,2.26,687
1430874000000,2.253,585
1430960400000,2.24,565
1431046800000,2.226,762
1431133200000,2.238,812
1431219600000,2.235,747
1431306000000,2.248,624
1431392400000,2.277,600
1431478800000,2.248,579
1431565200000,2.268,628
1431651600000,2.254,673
1431738000000,2.254,830
1431824400000,2.26,763
1431910800000,2.264,723
1431997200000,2.237,668
1432083600000,2.239,598
1432170000000,2.244,583
1432256400000,2.229,747
1432342800000,2.227,797
1432429200000,2.238,885
1432515600000,2.304,784
1432602000000,2.208,730
1432688400000,2.058,932
1432774800000,2.172,791
1432861200000,2.175,911
1432947600000,2.175,980
1433034000000,2.168,918
1433120400000,2.176,911
1433206800000,2.166,914
1433293200000,2.17,891
1433379600000,2.177,871
1433466000000,2.143,826
1433552400000,2.137,944
1433638800000,2.125,923
1433725200000,2.147,867
1433811600000,2.176,870
1433898000000,2.194,895
1433984400000,2.204,814
1434070800000,2.177,849
1434157200000,2.171,896
1434243600000,2.161,790
1434330000000,2.164,767
1434416400000,2.186,776
1434502800000,2.177,773
1434589200000,2.211,814
1434675600000,2.232,808
1434762000000,2.195,788
1434848400000,2.183,769
1434934800000,2.21,816
1435021200000,2.179,750
1435107600000,2.19,824
1435194000000,2.208,869
1435280400000,2.192,899
1435366800000,2.182,955
1435453200000,2.181,1020
1435539600000,2.179,915
1435626000000,2.17,1004
1435712400000,2.169,986
1435798800000,2.186,946
1435885200000,2.179,957
1435971600000,2.173,902
1436058000000,2.163,845
1436144400000,2.161,981
1436230800000,2.149,948
1436317200000,2.136,892
1436403600000,2.101,951
1436490000000,2.126,917
1436576400000,2.129,951
1436662800000,2.134,877
1436749200000,2.115,991
1436835600000,2.139,778
1436922000000,2.146,878
1437008400000,2.136,862
1437094800000,2.147,995
1437181200000,2.223,865
1437267600000,2.285,702
1437354000000,2.283,776
1437440400000,2.288,770
1437526800000,2.268,743
1437613200000,2.258,904
1437699600000,2.231,832
1437786000000,2.217,841
1437872400000,2.207,728
1437958800000,2.21,862
1438045200000,2.18,920
1438131600000,2.174,912
1438218000000,2.176,854
1438304400000,2.183,972
1438390800000,2.132,949
1438477200000,2.15,844
1438563600000,2.137,959
1438650000000,2.121,963
1438736400000,2.085,1029
1438822800000,2.092,1156
1438909200000,2.079,1253
1438995600000,2.038,1291
1439082000000,2.037,1136
1439168400000,2.038,1210
1439254800000,2.046,1117
1439341200000,2.036,1213
1439427600000,2.016,1300
1439514000000,2.006,1459
1439600400000,2.019,1510
1439686800000,2.232,688
1439773200000,2.232,741
1439859600000,2.214,736
1439946000000,2.201,699
1440032400000,2.197,756
1440118800000,2.169,878
1440205200000,2.143,923
1440291600000,2.115,923
1440378000000,2.168,1082
1440464400000,2.061,1388
1440550800000,2.26,892
1440637200000,2.235,719
1440723600000,2.251,809
1440810000000,2.251,845
1440896400000,2.242,832
1440982800000,2.239,876
1441069200000,2.2,824
1441155600000,2.192,948
1441242000000,2.141,900
1441328400000,2.215,855
1441414800000,2.236,844
1441501200000,2.233,874
1441587600000,2.23,749
1441674000000,2.224,726
1441760400000,2.2,680
1441846800000,2.207,833
1441933200000,2.214,938
1442019600000,2.204,1046
1442106000000,2.199,978
1442192400000,2.199,897
1442278800000,2.187,836
1442365200000,2.183,967
1442451600000,2.207,872
1442538000000,2.203,1155
1442624400000,2.223,1235
1442710800000,2.198,1196
1442797200000,2.165,1015
1442883600000,2.153,964
1442970000000,2.129,1045
1443056400000,2.091,1035
1443142800000,2.031,1338
1443229200000,2.134,1249
1443315600000,2.135,1108
1443402000000,2.131,960
1443488400000,2.103,969
1443574800000,2.184,830
1443661200000,2.275,775
1443747600000,2.282,1032
1443834000000,2.274,1042
1443920400000,2.252,942
1444006800000,2.251,926
1444093200000,2.256,836
1444179600000,2.258,812
1444266000000,2.266,803
1444352400000,2.287,962
1444438800000,2.305,868
1444525200000,2.297,843
1444611600000,2.29,829
1444698000000,2.28,738
1444784400000,2.285,926
1444870800000,2.294,791
1444957200000,2.294,828
1445043600000,2.294,989
1445130000000,2.29,874
1445216400000,2.289,854
1445302800000,2.294,788
1445389200000,2.274,760
1445475600000,2.273,689
1445562000000,2.232,857
1445648400000,2.231,983
1445734800000,2.229,901
1445821200000,2.224,776
1445907600000,2.217,823
1445994000000,2.222,713
1446080400000,2.218,795
1446166800000,2.225,916
1446253200000,2.224,908
1446339600000,2.23,835
1446426000000,2.262,837
1446512400000,2.239,803
1446598800000,2.241,785
1446685200000,2.2,796
1446771600000,2.176,885
1446858000000,2.164,1015
1446944400000,2.176,880
1447030800000,2.17,758
1447117200000,2.174,688
1447203600000,2.16,661
1447290000000,2.161,783
1447376400000,2.157,769
1447462800000,2.161,875
1447549200000,2.156,774
1447635600000,2.156,733
1447722000000,2.149,721
1447808400000,2.145,703
1447894800000,2.226,667
1447981200000,2.269,670
1448067600000,2.274,775
1448154000000,2.263,622
1448240400000,2.25,578
1448326800000,2.253,733
1448413200000,2.238,724
1448499600000,2.215,775
1448586000000,2.204,845
1448672400000,2.213,904
1448758800000,2.229,819
1448845200000,2.207,742
1448931600000,2.194,786
1449018000000,2.164,834
1449104400000,2.182,913
1449190800000,2.177,1026
1449277200000,2.163,1292
1449363600000,2.159,1235
1449450000000,2.132,1142
1449536400000,2.112,1284
1449622800000,2.215,1103
1449709200000,2.25,881
1449795600000,2.214,941
1449882000000,2.201,988
1449968400000,2.159,925
1450054800000,2.154,873
1450141200000,2.134,848
1450227600000,2.156,836
1450314000000,2.154,701
1450400400000,2.19,772
1450486800000,2.189,889
1450573200000,2.187,825
1450659600000,2.172,828
1450746000000,2.151,835
1450832400000,2.126,956
1450918800000,2.14,1140
1451005200000,2.189,1396
1451091600000,2.171,1297
1451178000000,2.17,1384
1451264400000,2.163,1309
1451350800000,2.193,1036
1451437200000,2.185,969
1451523600000,2.151,958
1451610000000,2.141,910
1451696400000,2.139,1105
1451782800000,2.133,961
1451869200000,2.133,1041
1451955600000,2.104,1032
1452042000000,2.203,828
1452128400000,2.207,796
1452214800000,2.169,1012
1452301200000,2.182,1072
1452387600000,2.176,979
1452474000000,2.177,857
1452560400000,2.132,868
1452646800000,2.244,658
1452733200000,2.288,767
1452819600000,2.271,871
1452906000000,2.247,1011
1452992400000,2.224,949
1453078800000,2.218,884
1453165200000,2.206,751
1453251600000,2.205,704
1453338000000,2.173,714
1453424400000,2.148,961
1453510800000,2.209,987
1453597200000,2.19,929
1453683600000,2.186,852
1453770000000,2.182,803
1453856400000,2.182,817
1453942800000,2.186,743
1454029200000,2.178,900
1454115600000,2.179,1063
1454202000000,2.173,895
1454288400000,2.183,873
1454374800000,2.193,792
1454461200000,2.195,814
1454547600000,2.221,851
1454634000000,2.22,871
1454720400000,2.215,926
1454806800000,2.205,903
1454893200000,2.202,829
1454979600000,2.217,767
1455066000000,2.203,743
1455152400000,2.23,757
1455238800000,2.214,954
1455325200000,2.219,1044
1455411600000,2.221,998
1455498000000,2.221,892
1455584400000,2.218,794
1455670800000,2.224,836
1455757200000,2.14,1112
1455843600000,2.208,1027
1455930000000,2.195,1059
1456016400000,2.191,1046
1456102800000,2.176,885
1456189200000,2.162,923
1456275600000,2.242,789
1456362000000,2.237,840
1456448400000,2.238,953
1456534800000,2.23,982
1456621200000,2.21,612
1456707600000,2.208,769
1456794000000,2.198,827
1456880400000,2.201,837
1456966800000,2.204,1025
1457053200000,2.217,1581
1457139600000,2.218,1429
1457226000000,2.217,1221
1457312400000,2.215,926
1457398800000,2.206,926
1457485200000,2.2,774
1457571600000,2.202,779
1457658000000,2.207,905
1457744400000,2.241,1104
1457830800000,2.241,936
1457917200000,2.239,846
1458003600000,2.235,777
1458090000000,2.237,704
1458176400000,2.231,802
1458262800000,2.26,948
1458349200000,2.268,971
1458435600000,2.269,853
1458522000000,2.268,755
1458608400000,2.264,746
1458694800000,2.254,747
1458781200000,2.246,730
1458867600000,2.243,769
1458954000000,2.237,800
1459040400000,2.241,856
1459126800000,2.24,764
1459213200000,2.241,746
1459299600000,2.247,689
1459386000000,2.268,776
1459472400000,2.289,878
1459558800000,2.293,999
1459645200000,2.279,896
1459731600000,2.295,830
1459818000000,2.295,813
1459904400000,2.28,795
1459990800000,2.285,773
1460077200000,2.286,814
1460163600000,2.283,974
1460250000000,2.273,797
1460336400000,2.277,718
1460422800000,2.288,736
1460509200000,2.288,737
1460595600000,2.276,794
1460682000000,2.266,839
1460768400000,2.272,971
1460854800000,2.267,918
1460941200000,2.265,738
1461027600000,2.268,611
1461114000000,2.281,812
1461200400000,2.28,784
1461286800000,2.274,803
1461373200000,2.255,939
1461459600000,2.253,941
1461546000000,2.254,780
1461632400000,2.256,767
1461718800000,2.255,760
1461805200000,2.264,852
1461891600000,2.282,1047
1461978000000,2.288,1073
1462064400000,2.288,1038
1462150800000,2.292,963
1462237200000,2.3,812
1462323600000,2.289,800
1462410000000,2.254,851
1462496400000,2.244,920
1462582800000,2.24,940
1462669200000,2.225,955
1462755600000,2.224,813
1462842000000,2.201,781
1462928400000,2.195,834
1463014800000,2.179,910
1463101200000,2.192,863
1463187600000,2.182,1108
1463274000000,2.169,1024
1463360400000,2.171,822
1463446800000,2.178,794
1463533200000,2.209,779
1463619600000,2.159,751
1463706000000,2.144,953
1463792400000,2.149,905
1463878800000,2.144,838
1463965200000,2.144,753
1464051600000,2.152,763
1464138000000,2.2,682
1464224400000,2.205,681
1464310800000,2.212,926
1464397200000,2.219,765
1464483600000,2.215,663
1464570000000,2.22,759
1464656400000,2.213,681
1464742800000,2.192,864
1464829200000,2.185,785
1464915600000,2.198,809
1465002000000,2.179,829
1465088400000,2.198,775
1465174800000,2.181,815
1465261200000,2.222,673
1465347600000,2.242,626
1465434000000,2.228,632
1465520400000,2.227,878
1465606800000,2.23,763
1465693200000,2.208,662
1465779600000,2.227,689
1465866000000,2.214,618
1465952400000,2.215,657
1466038800000,2.204,774
1466125200000,2.188,839
1466211600000,2.181,947
1466298000000,2.199,859
1466384400000,2.196,860
1466470800000,2.208,776
1466557200000,2.22,678
1466643600000,2.21,759
1466730000000,2.215,764
1466816400000,2.231,704
1466902800000,2.235,670
1466989200000,2.231,663
1467075600000,2.196,671
1467162000000,2.185,651
1467248400000,2.195,700
1467334800000,2.202,678
1467421200000,2.203,683
1467507600000,2.204,616
1467594000000,2.192,719
1467680400000,2.214,745
1467766800000,2.207,723
1467853200000,2.203,711
1467939600000,2.189,812
1468026000000,2.163,840
1468112400000,2.14,790
1468198800000,2.17,699
1468285200000,2.176,630
1468371600000,2.188,638
1468458000000,2.196,634
1468544400000,2.196,666
1468630800000,2.182,694
1468717200000,2.18,557
1468803600000,2.183,618
1468890000000,2.178,625
1468976400000,2.178,621
1469062800000,2.141,622
1469149200000,2.139,561
1469235600000,2.126,544
1469322000000,2.128,463
1469408400000,2.124,475
1469494800000,2.128,494
1469581200000,2.196,549
1469667600000,2.207,610
1469754000000,2.203,571
1469840400000,2.206,668
1469926800000,2.205,612
1470013200000,2.195,561
1470099600000,2.208,640
1470186000000,2.219,536
1470272400000,2.206,602
1470358800000,2.199,583
1470445200000,2.207,498
1470531600000,2.206,469
1470618000000,2.211,517
1470704400000,2.212,456
1470790800000,2.206,366
1470877200000,2.225,456
1470963600000,2.235,521
1471050000000,2.233,464
1471136400000,2.235,491
1471222800000,2.233,484
1471309200000,2.236,525
1471395600000,2.235,578
1471482000000,2.222,548
1471568400000,2.236,748
1471654800000,2.224,702
1471741200000,2.222,667
1471827600000,2.218,703
1471914000000,2.212,694
1472000400000,2.21,615
1472086800000,2.207,677
1472173200000,2.223,652
1472259600000,2.216,721
1472346000000,2.224,628
1472432400000,2.222,707
1472518800000,2.214,632
1472605200000,2.206,694
1472691600000,2.195,638
1472778000000,2.18,727
1472864400000,2.097,828
1472950800000,2.182,702
1473037200000,2.185,750
1473123600000,2.183,664
1473210000000,2.183,584
1473296400000,2.193,632
1473382800000,2.199,727
1473469200000,2.185,822
1473555600000,2.191,778
1473642000000,2.194,655
1473728400000,2.18,595
1473814800000,2.212,627
1473901200000,2.253,649
1473987600000,2.245,681
1474074000000,2.237,750
1474160400000,2.232,696
1474246800000,2.23,642
1474333200000,2.22,529
1474419600000,2.222,538
1474506000000,2.223,625
1474592400000,2.237,638
1474678800000,2.24,718
1474765200000,2.239,660
1474851600000,2.233,605
1474938000000,2.223,556
1475024400000,2.23,529
1475110800000,2.225,529
1475197200000,2.226,646
1475283600000,2.23,755
1475370000000,2.222,659
1475456400000,2.221,642
1475542800000,2.226,567
1475629200000,2.221,524
1475715600000,2.222,615
1475802000000,2.203,682
1475888400000,2.178,728
1475974800000,2.177,643
1476061200000,2.186,992
1476147600000,2.176,745
1476234000000,2.206,614
1476320400000,2.206,587
1476406800000,2.208,647
1476493200000,2.198,677
1476579600000,2.198,665
1476666000000,2.2,562
1476752400000,2.203,544
1476838800000,2.199,621
1476925200000,2.198,616
1477011600000,2.192,612
1477098000000,2.177,683
1477184400000,2.176,605
1477270800000,2.178,519
1477357200000,2.183,448
1477443600000,2.176,480
1477530000000,2.194,462
1477616400000,2.194,618
1477702800000,2.193,667
1477789200000,2.198,605
1477875600000,2.198,545
1477962000000,2.201,431
1478048400000,2.21,518
1478134800000,2.22,449
1478221200000,2.221,601
1478307600000,2.214,639
1478394000000,2.211,636
1478480400000,2.212,591
1478566800000,2.202,539
1478653200000,2.198,502
1478739600000,2.175,512
1478826000000,2.157,707
1478912400000,2.146,721
1478998800000,2.129,630
1479085200000,2.126,512
1479171600000,2.111,527
1479258000000,2.096,528
1479344400000,2.077,547
1479430800000,2.059,685
1479517200000,2.065,840
1479603600000,2.042,736
1479690000000,2.043,668
1479776400000,2.057,569
1479862800000,2.034,647
1479949200000,2.019,554
1480035600000,2.013,769
1480122000000,1.991,852
1480208400000,2.006,739
1480294800000,1.99,676
1480381200000,1.995,825
1480467600000,2.161,658
1480554000000,2.248,521
1480640400000,2.22,610
1480726800000,2.219,704
1480813200000,2.203,679
1480899600000,2.194,561
1480986000000,2.186,703
1481072400000,2.225,547
1481158800000,2.237,501
1481245200000,2.229,606
1481331600000,2.223,628
1481418000000,2.22,545
1481504400000,2.218,553
1481590800000,2.209,544
1481677200000,2.214,543
1481763600000,2.216,483
1481850000000,2.215,537
1481936400000,2.199,601
1482022800000,2.197,551
1482109200000,2.195,545
1482195600000,2.197,484
1482282000000,2.189,487
1482368400000,2.197,495
1482454800000,2.187,510
1482541200000,2.191,743
1482627600000,2.208,1180
1482714000000,2.209,820
1482800400000,2.221,894
1482886800000,2.207,774
1482973200000,2.195,720
1483059600000,2.224,886
1483146000000,2.199,733
1483232400000,2.202,677
1483318800000,2.199,747
1483405200000,2.19,656
1483491600000,2.188,741
1483578000000,2.186,672
1483664400000,2.14,689
1483750800000,2.137,873
1483837200000,2.13,847
1483923600000,2.13,726
1484010000000,2.075,733
1484096400000,2.043,769
1484182800000,2.008,1272
1484269200000,2.059,1030
1484355600000,2.046,1081
1484442000000,2.049,958
1484528400000,2.055,883
1484614800000,2.056,788
1484701200000,2.071,788
1484787600000,2.046,898
1484874000000,2.024,985
1484960400000,2.045,1038
1485046800000,2.036,937
1485133200000,2.052,1116
1485219600000,2.059,946
1485306000000,2.064,984
1485392400000,2.031,1337
1485478800000,2.019,1410
1485565200000,2.012,1666
1485651600000,2.012,1532
1485738000000,2.022,1572
1485824400000,2.035,1063
1485910800000,2.043,1080
1485997200000,2.054,816
1486083600000,2.069,926
1486170000000,2.084,1063
1486256400000,2.084,1045
1486342800000,2.102,815
1486429200000,2.1,785
1486515600000,2.223,645
1486602000000,2.259,683
1486688400000,2.275,736
1486774800000,2.269,791
1486861200000,2.263,734
1486947600000,2.263,617
1487034000000,2.276,579
1487120400000,2.295,590
1487206800000,2.271,566
1487293200000,2.28,563
1487379600000,2.282,749
1487466000000,2.276,662
1487552400000,2.265,644
1487638800000,2.266,582
1487725200000,2.294,753
1487811600000,2.269,637
1487898000000,2.28,693
1487984400000,2.274,722
1488070800000,2.275,620
1488157200000,2.277,603
1488243600000,2.274,617
1488330000000,2.27,583
1488416400000,2.257,591
1488502800000,2.259,633
1488589200000,2.255,653
1488675600000,2.253,678
1488762000000,2.254,608
1488848400000,2.256,574
1488934800000,2.249,534
1489021200000,2.235,529
1489107600000,2.228,685
1489194000000,2.233,695
1489280400000,2.236,626
1489366800000,2.238,601
1489453200000,2.237,542
1489539600000,2.23,527
1489626000000,2.239,654
1489712400000,2.261,761
1489798800000,2.26,773
1489885200000,2.26,752
1489971600000,2.255,598
1490058000000,2.256,619
1490144400000,2.264,594
1490230800000,2.26,629
1490317200000,2.257,687
1490403600000,2.265,789
1490490000000,2.256,681
1490576400000,2.257,567
1490662800000,2.264,659
1490749200000,2.253,559
1490835600000,2.247,608
1490922000000,2.243,689
1491008400000,2.247,725
1491094800000,2.239,577
1491181200000,2.25,547
1491267600000,2.254,553
1491354000000,2.241,564
1491440400000,2.237,562
1491526800000,2.242,704
1491613200000,2.25,628
1491699600000,2.246,635
1491786000000,2.247,643
1491872400000,2.251,749
1491958800000,2.251,541
1492045200000,2.254,599
1492131600000,2.269,607
1492218000000,2.262,665
1492304400000,2.26,731
1492390800000,2.253,636
1492477200000,2.262,689
1492563600000,2.262,627
1492650000000,2.252,604
1492736400000,2.244,673
1492822800000,2.235,658
1492909200000,2.23,647
1492995600000,2.232,555
1493082000000,2.28,504
1493168400000,2.311,576
1493254800000,2.267,557
1493341200000,2.284,689
1493427600000,2.254,703
1493514000000,2.238,642
1493600400000,2.252,553
1493686800000,2.254,592
1493773200000,2.241,578
1493859600000,2.241,571
1493946000000,2.223,665
1494032400000,2.217,709
1494118800000,2.219,620
1494205200000,2.216,626
1494291600000,2.225,587
1494378000000,2.23,501
1494464400000,2.222,548
1494550800000,2.228,651
1494637200000,2.232,689
1494723600000,2.225,627
1494810000000,2.235,596
1494896400000,2.231,539
1494982800000,2.237,497
1495069200000,2.226,507
1495155600000,2.211,634
1495242000000,2.206,702
1495328400000,2.207,625
1495414800000,2.218,658
1495501200000,2.218,537
1495587600000,2.223,746
1495674000000,2.231,588
1495760400000,2.225,621
1495846800000,2.23,534
1495933200000,2.232,622
1496019600000,2.233,602
1496106000000,2.252,550
1496192400000,2.23,540
1496278800000,2.225,621
1496365200000,2.229,591
1496451600000,2.233,674
1496538000000,2.234,527
1496624400000,2.234,630
1496710800000,2.223,628
1496797200000,2.22,631
1496883600000,2.21,551
1496970000000,2.225,546
1497056400000,2.22,579
1497142800000,2.215,585
1497229200000,2.215,556
1497315600000,2.196,571
1497402000000,2.201,488
1497488400000,2.214,540
1497574800000,2.227,487
1497661200000,2.21,573
1497747600000,2.209,509
1497834000000,2.201,562
1497920400000,2.189,540
1498006800000,2.191,490
1498093200000,2.178,505
1498179600000,2.166,604
1498266000000,2.163,602
1498352400000,2.167,555
1498438800000,2.166,516
1498525200000,2.171,584
1498611600000,2.184,551
1498698000000,2.187,593
1498784400000,2.198,631
1498870800000,2.19,620
1498957200000,2.188,576
1499043600000,2.186,535
1499130000000,2.181,611
1499216400000,2.184,579
1499302800000,2.181,569
1499389200000,2.172,579
1499475600000,2.187,627
1499562000000,2.184,611
1499648400000,2.172,671
1499734800000,2.165,624
1499821200000,2.174,584
1499907600000,2.178,641
1499994000000,2.184,610
1500080400000,2.179,622
1500166800000,2.204,524
1500253200000,2.193,510
1500339600000,2.193,525
1500426000000,2.193,587
1500512400000,2.203,614
1500598800000,2.206,605
1500685200000,2.203,566
1500771600000,2.213,622
1500858000000,2.205,665
1500944400000,2.179,630
1501030800000,2.272,631
1501117200000,2.281,563
1501203600000,2.291,628
1501290000000,2.293,567
1501376400000,2.286,505
1501462800000,2.286,580
1501549200000,2.263,654
1501635600000,2.264,633
1501722000000,2.25,661
1501808400000,2.261,665
1501894800000,2.255,691
1501981200000,2.256,607
1502067600000,2.261,640
1502154000000,2.27,718
1502240400000,2.269,584
1502326800000,2.268,563
1502413200000,2.276,630
1502499600000,2.264,558
1502586000000,2.265,536
1502672400000,2.263,560
1502758800000,2.266,670
1502845200000,2.271,541
1502931600000,2.261,527
1503018000000,2.292,806
1503104400000,2.285,593
1503190800000,2.281,571
1503277200000,2.282,598
1503363600000,2.27,574
1503450000000,2.266,505
1503536400000,2.271,556
1503622800000,2.277,610
1503709200000,2.274,660
1503795600000,2.267,540
1503882000000,2.262,660
1503968400000,2.277,544
1504054800000,2.268,554
1504141200000,2.266,544
1504227600000,2.264,635
1504314000000,2.281,624
1504400400000,2.272,628
1504486800000,2.277,595
1504573200000,2.275,541
1504659600000,2.267,603
1504746000000,2.258,487
1504832400000,2.272,607
1504918800000,2.28,711
1505005200000,2.267,576
1505091600000,2.267,506
1505178000000,2.251,541
1505264400000,2.253,439
1505350800000,2.278,484
1505437200000,2.268,561
1505523600000,2.275,687
1505610000000,2.28,559
1505696400000,2.265,608
1505782800000,2.257,480
1505869200000,2.265,440
1505955600000,2.258,474
1506042000000,2.264,545
1506128400000,2.282,641
1506214800000,2.265,560
1506301200000,2.264,486
1506387600000,2.251,463
1506474000000,2.256,394
1506560400000,2.22,383
1506646800000,2.217,445
1506733200000,2.225,606
1506819600000,2.224,512
1506906000000,2.221,438
1506992400000,2.216,433
1507078800000,2.207,527
1507165200000,2.215,461
1507251600000,2.208,570
1507338000000,2.186,670
1507424400000,2.186,595
1507510800000,2.179,592
1507597200000,2.183,579
1507683600000,2.157,534
1507770000000,2.154,511
1507856400000,2.164,591
1507942800000,2.167,718
1508029200000,2.179,632
1508115600000,2.184,615
1508202000000,2.201,493
1508288400000,2.166,480
1508374800000,2.154,555
1508461200000,2.172,512
1508547600000,2.163,553
1508634000000,2.157,540
1508720400000,2.156,537
1508806800000,2.133,462
1508893200000,2.129,578
1508979600000,2.12,505
1509066000000,2.095,586
1509152400000,2.068,622
1509238800000,2.072,606
1509325200000,2.08,561
1509411600000,2.104,549
1509498000000,2.237,442
1509584400000,2.236,424
1509670800000,2.235,470
1509757200000,2.222,521
1509843600000,2.219,476
1509930000000,2.216,459
1510016400000,2.214,417
1510102800000,2.221,409
1510189200000,2.213,434
1510275600000,2.219,413
1510362000000,2.225,442
1510448400000,2.226,412
1510534800000,2.221,375
1510621200000,2.206,413
1510707600000,2.204,410
1510794000000,2.203,393
1510880400000,2.217,411
1510966800000,2.213,529
1511053200000,2.215,473
1511139600000,2.204,452
1511226000000,2.198,407
1511312400000,2.196,408
1511398800000,2.176,391
1511485200000,2.179,453
1511571600000,2.186,520
1511658000000,2.186,430
1511744400000,2.186,459
1511830800000,2.192,373
1511917200000,2.191,389
1512003600000,2.17,416
1512090000000,2.19,473
1512176400000,2.192,501
1512262800000,2.192,589
1512349200000,2.189,492
1512435600000,2.201,468
1512522000000,2.2,482
1512608400000,2.225,568
1512694800000,2.211,567
1512781200000,2.22,559
1512867600000,2.211,531
1512954000000,2.205,534
1513040400000,2.193,509
1513126800000,2.215,526
1513213200000,2.182,525
1513299600000,2.183,576
1513386000000,2.2,495
1513472400000,2.189,524
1513558800000,2.191,483
1513645200000,2.194,430
1513731600000,2.181,491
1513818000000,2.187,461
1513904400000,2.168,598
1513990800000,2.175,540
1514077200000,2.167,678
1514163600000,2.175,998
1514250000000,2.172,917
1514336400000,2.166,1050
1514422800000,2.187,822
1514509200000,2.178,738
1514595600000,2.188,669
1514682000000,2.196,666
1514768400000,2.186,605
1514854800000,2.185,765
1514941200000,2.214,666
1515027600000,2.223,594
1515114000000,2.234,833
1515200400000,2.225,700
1515286800000,2.223,630
1515373200000,2.214,782
1515459600000,2.204,695
1515546000000,2.193,577
1515632400000,2.204,647
1515718800000,2.191,682
1515805200000,2.193,750
1515891600000,2.191,681
1515978000000,2.2,692
1516064400000,2.179,768
1516150800000,2.17,928
1516237200000,2.173,661
1516323600000,2.161,703
1516410000000,2.164,924
1516496400000,2.157,725
1516582800000,2.158,675
1516669200000,2.154,673
1516755600000,2.152,764
1516842000000,2.138,1326
1516928400000,2.156,834
1517014800000,2.178,793
1517101200000,2.18,763
1517187600000,2.175,731
1517274000000,2.169,671
1517360400000,2.165,798
1517446800000,2.116,835
1517533200000,2.097,890
1517619600000,2.096,1040
1517706000000,2.114,1430
1517792400000,2.101,1002
1517878800000,2.095,1273
1517965200000,2.092,1317
1518051600000,2.079,1454
1518138000000,2.052,1176
1518224400000,2.025,1122
1518310800000,2.022,1058
1518397200000,2.022,1179
1518483600000,2.038,927
1518570000000,2.043,1120
1518656400000,2.035,1083
1518742800000,2.046,1614
1518829200000,2.08,1120
1518915600000,2.085,1092
1519002000000,2.082,1121
1519088400000,2.067,1105
1519174800000,2.039,1557
1519261200000,2.037,1366
1519347600000,2.049,1648
1519434000000,2.05,1437
1519520400000,2.052,1187
1519606800000,2.034,1889
1519693200000,2.034,2107
1519779600000,2.02,1701
1519866000000,2.02,1531
1519952400000,2.025,1884
1520038800000,2.03,2874
1520125200000,2.018,1520
1520211600000,2.009,1843
1520298000000,2,1524
1520384400000,2.009,1333
1520470800000,1.997,1330
1520557200000,1.993,1269
1520643600000,2.009,1429
1520730000000,2.023,1168
1520816400000,2.007,1189
1520902800000,2.007,971
1520989200000,2.016,790
1521075600000,2.015,1184
1521162000000,2,1045
1521248400000,1.998,1241
1521334800000,1.998,1257
1521421200000,1.994,996
1521507600000,2.006,953
1521594000000,2.008,1035
1521680400000,2.006,705
1521766800000,2.013,887
1521853200000,2.04,814
1521939600000,2.017,985
1522026000000,2.015,846
1522112400000,2.022,897
1522198800000,2.02,895
1522285200000,2.183,488
1522371600000,2.259,457
1522458000000,2.264,545
1522544400000,2.25,501
1522630800000,2.254,554
1522717200000,2.242,564
1522803600000,2.25,498
1522890000000,2.236,473
1522976400000,2.264,469
1523062800000,2.28,460
1523149200000,2.261,490
1523235600000,2.257,412
1523322000000,2.239,518
1523408400000,2.172,450
1523494800000,2.154,505
1523581200000,2.207,545
1523667600000,2.199,560
1523754000000,2.202,569
1523840400000,2.2,515
1523926800000,2.222,533
1524013200000,2.225,478
1524099600000,2.234,419
1524186000000,2.237,535
1524272400000,2.219,518
1524358800000,2.22,519
1524445200000,2.218,539
1524531600000,2.216,503
1524618000000,2.216,673
1524704400000,2.192,726
1524790800000,2.168,740
1524877200000,2.184,702
1524963600000,2.179,529
1525050000000,2.181,615
1525136400000,2.164,662
1525222800000,2.151,669
1525309200000,2.147,514
1525395600000,2.143,600
1525482000000,2.138,543
1525568400000,2.138,638
1525654800000,2.14,702
1525741200000,2.116,482
1525827600000,2.123,411
1525914000000,2.169,448
1526000400000,2.231,425
1526086800000,2.206,422
1526173200000,2.21,401
1526259600000,2.176,427
1526346000000,2.115,510
1526432400000,2.12,438
1526518800000,2.135,486
1526605200000,2.103,476
1526691600000,2.091,488
1526778000000,2.11,534
1526864400000,2.096,430
1526950800000,2.104,418
1527037200000,2.099,756
1527123600000,2.055,383
1527210000000,2.069,519
1527296400000,2.079,413
1527382800000,2.078,490
1527469200000,2.074,423
1527555600000,2.068,414
1527642000000,2.076,549
1527728400000,2.054,454
1527814800000,2.067,512
1527901200000,2.102,498
1527987600000,2.069,483
1528074000000,2.076,415
1528160400000,2.072,551
1528246800000,2.053,614
1528333200000,2.054,468
1528419600000,2.056,1196
1528506000000,2.037,812
1528592400000,2.051,713
1528678800000,2.022,587
1528765200000,2.03,825
1528851600000,2.003,893
1528938000000,2.107,418
1529024400000,2.156,432
1529110800000,2.132,498
1529197200000,2.103,468
1529283600000,2.117,415
1529370000000,2.131,438
1529456400000,2.125,458
1529542800000,2.11,366
1529629200000,2.105,520
1529715600000,2.118,384
1529802000000,2.114,365
1529888400000,2.106,399
1529974800000,2.125,375
1530061200000,2.106,356
1530147600000,2.108,385
1530234000000,2.106,453
1530320400000,2.083,397
1530406800000,2.077,445
1530493200000,2.07,476
1530579600000,2.05,473
1530666000000,2.074,433
1530752400000,2.068,470
1530838800000,2.067,412
1530925200000,2.063,782
1531011600000,2.064,508
1531098000000,2.071,546
1531184400000,2.081,564
1531270800000,2.089,445
1531357200000,2.104,378
1531443600000,2.087,453
1531530000000,2.087,432
1531616400000,2.096,716
1531702800000,2.081,468
1531789200000,2.089,456
1531875600000,2.077,446
1531962000000,2.087,411
1532048400000,2.079,440
1532134800000,2.117,452
1532221200000,2.113,360
1532307600000,2.116,454
1532394000000,2.113,388
1532480400000,2.114,426
1532566800000,2.118,365
1532653200000,2.119,407
1532739600000,2.114,447
1532826000000,2.105,417
1532912400000,2.12,387
1532998800000,2.125,707
1533085200000,2.135,468
1533171600000,2.118,404
1533258000000,2.1,496
1533344400000,2.078,471
1533430800000,2.077,502
1533517200000,2.061,591
1533603600000,2.033,627
1533690000000,1.995,796
1533776400000,1.993,703
1533862800000,1.902,1569
1533949200000,2.004,472
1534035600000,2.072,508
1534122000000,2.039,519
1534208400000,2.013,493
1534294800000,2.145,362
1534381200000,2.237,390
1534467600000,2.24,399
1534554000000,2.257,313
1534640400000,2.233,394
1534726800000,2.238,382
1534813200000,2.223,369
1534899600000,2.216,358
1534986000000,2.223,383
1535072400000,2.213,467
1535158800000,2.208,416
1535245200000,2.192,446
1535331600000,2.212,366
1535418000000,2.2,382
1535504400000,2.184,389
1535590800000,2.151,496
1535677200000,2.173,437
1535763600000,2.175,469
1535850000000,2.166,377
1535936400000,2.185,420
1536022800000,2.171,393
1536109200000,2.135,377
1536195600000,2.173,422
1536282000000,2.145,411
1536368400000,2.194,373
1536454800000,2.196,397
1536541200000,2.2,398
1536627600000,2.148,374
1536714000000,2.176,402
1536800400000,2.162,405
1536886800000,2.159,470
1536973200000,2.162,480
1537059600000,2.156,542
1537146000000,2.153,421
1537232400000,2.137,429
1537318800000,2.141,394
1537405200000,2.156,453
1537491600000,2.178,635
1537578000000,2.186,487
1537664400000,2.189,457
1537750800000,2.208,410
1537837200000,2.202,396
1537923600000,2.166,457
1538010000000,2.199,370
1538096400000,2.198,396
1538182800000,2.181,410
1538269200000,2.182,575
1538355600000,2.162,491
1538442000000,2.172,427
1538528400000,2.198,321
1538614800000,2.196,332
1538701200000,2.166,398
1538787600000,2.193,439
1538874000000,2.179,342
1538960400000,2.151,379
1539046800000,2.136,401
1539133200000,2.134,457
1539219600000,2.15,370
1539306000000,2.121,448
1539392400000,2.16,442
1539478800000,2.144,429
1539565200000,2.139,374
1539651600000,2.169,388
1539738000000,2.165,470
1539824400000,2.158,363
1539910800000,2.165,487
1539997200000,2.166,409
1540083600000,2.199,405
1540170000000,2.196,346
1540256400000,2.138,329
1540342800000,2.145,307
1540429200000,2.119,370
1540515600000,2.173,322
1540602000000,2.144,422
1540688400000,2.14,410
1540774800000,2.092,352
1540861200000,2.096,309
1540947600000,2.115,391
1541034000000,2.121,357
1541120400000,2.139,818
1541206800000,2.126,508
1541293200000,2.122,396
1541379600000,2.111,286
1541466000000,2.115,341
1541552400000,2.115,303
1541638800000,2.136,367
1541725200000,2.184,457
1541811600000,2.171,382
1541898000000,2.138,356
1541984400000,2.125,327
1542070800000,2.118,296
1542157200000,2.12,317
1542243600000,2.113,311
1542330000000,2.166,377
1542416400000,2.148,452
1542502800000,2.141,372
1542589200000,2.125,334
1542675600000,2.103,326
1542762000000,2.086,299
1542848400000,2.1,384
1542934800000,2.097,363
1543021200000,2.11,370
1543107600000,2.149,324
1543194000000,2.131,299
1543280400000,2.057,359
1543366800000,2.075,296
1543453200000,2.045,308
1543539600000,2.123,363
1543626000000,2.131,410
1543712400000,2.099,403
1543798800000,2.149,367
1543885200000,2.11,391
1543971600000,2.104,371
1544058000000,2.101,467
1544144400000,2.172,408
1544230800000,2.2,407
1544317200000,2.202,354
1544403600000,2.215,341
1544490000000,2.219,324
1544576400000,2.187,326
1544662800000,2.185,362
1544749200000,2.186,448
1544835600000,2.173,413
1544922000000,2.173,385
1545008400000,2.17,352
1545094800000,2.172,407
1545181200000,2.182,341
1545267600000,2.182,372
1545354000000,2.172,508
1545440400000,2.157,511
1545526800000,2.206,381
1545613200000,2.2,553
1545699600000,2.158,583
1545786000000,2.186,516
1545872400000,2.166,544
1545958800000,2.16,545
1546045200000,2.154,512
1546131600000,2.271,794
1546218000000,2.224,390
1546304400000,2.193,434
1546390800000,2.172,468
1546477200000,2.147,460
1546563600000,2.137,508
1546650000000,2.142,559
1546736400000,2.144,449
1546822800000,2.142,438
1546909200000,2.147,463
1546995600000,2.164,511
1547082000000,2.168,510
1547168400000,2.175,577
1547254800000,2.152,555
1547341200000,2.131,486
1547427600000,2.139,478
1547514000000,2.139,511
1547600400000,2.148,424
1547686800000,2.177,398
1547773200000,2.174,394
1547859600000,2.179,434
1547946000000,2.179,393
1548032400000,2.179,462
1548118800000,2.178,433
1548205200000,2.167,360
1548291600000,2.166,411
1548378000000,2.162,443
1548464400000,2.159,470
1548550800000,2.159,480
1548637200000,2.161,423
1548723600000,2.158,436
1548810000000,2.137,452
1548896400000,2.231,396
1548982800000,2.264,409
1549069200000,2.169,495
1549155600000,2.144,513
1549242000000,2.144,406
1549328400000,2.145,502
1549414800000,2.128,497
1549501200000,2.151,473
1549587600000,2.219,450
1549674000000,2.236,439
1549760400000,2.167,430
1549846800000,2.177,453
1549933200000,2.163,994
1550019600000,2.162,614
1550106000000,2.161,390
1550192400000,2.186,395
1550278800000,2.153,459
1550365200000,2.146,461
1550451600000,2.144,416
1550538000000,2.143,410
1550624400000,2.157,388
1550710800000,2.151,405
1550797200000,2.192,584
1550883600000,2.132,465
1550970000000,2.163,498
1551056400000,2.133,397
1551142800000,2.145,376
1551229200000,2.149,358
1551315600000,2.15,461
1551402000000,2.187,543
1551488400000,2.212,595
1551574800000,2.191,538
1551661200000,2.199,483
1551747600000,2.179,375
1551834000000,2.206,466
1551920400000,2.18,410
1552006800000,2.173,517
1552093200000,2.164,479
1552179600000,2.162,435
1552266000000,2.165,381
1552352400000,2.154,354
1552438800000,2.141,406
1552525200000,2.128,517
1552611600000,2.133,503
1552698000000,2.139,647
1552784400000,2.152,556
1552870800000,2.155,463
1552957200000,2.152,464
1553043600000,2.131,455
1553130000000,2.14,405
1553216400000,2.134,468
1553302800000,2.093,494
1553389200000,2.096,509
1553475600000,2.094,427
1553562000000,2.092,444
1553648400000,2.11,431
1553734800000,2.06,424
1553821200000,2.03,560
1553907600000,2.047,553
1553994000000,2.04,581
1554080400000,2.038,513
1554166800000,2.066,439
1554253200000,2.074,462
1554339600000,2.063,451
1554426000000,2.042,623
1554512400000,2.062,541
1554598800000,2.023,534
1554685200000,2.02,409
1554771600000,2.02,524
1554858000000,2.045,521
1554944400000,2.047,490
1555030800000,2.035,523
1555117200000,2.029,581
1555203600000,2.051,581
1555290000000,2.032,507
1555376400000,2.04,511
1555462800000,2.061,465
1555549200000,2.04,424
1555635600000,2.024,492
1555722000000,2.006,639
1555808400000,2.005,563
1555894800000,2.031,461
1555981200000,2.009,461
1556067600000,1.996,505
1556154000000,1.982,637
1556240400000,2.005,749
1556326800000,1.987,571
1556413200000,2.003,531
1556499600000,1.98,447
1556586000000,1.983,511
1556672400000,1.963,549
1556758800000,1.963,641
1556845200000,1.962,628
1556931600000,1.957,792
1557018000000,1.982,1114
1557104400000,1.953,1441
1557190800000,1.944,1243
1557277200000,2.182,397
1557363600000,2.195,394
1557450000000,2.191,378
1557536400000,2.22,397
1557622800000,2.212,373
1557709200000,2.194,395
1557795600000,2.177,339
1557882000000,2.162,480
1557968400000,2.162,641
1558054800000,2.167,782
1558141200000,2.157,532
1558227600000,2.172,416
1558314000000,2.157,385
1558400400000,2.15,383
1558486800000,2.163,438
1558573200000,2.173,449
1558659600000,2.151,427
1558746000000,2.163,407
1558832400000,2.152,390
1558918800000,2.158,407
1559005200000,2.158,421
1559091600000,2.158,405
1559178000000,2.158,396
1559264400000,2.157,468
1559350800000,2.148,470
1559437200000,2.15,440
1559523600000,2.178,546
1559610000000,2.207,489
1559696400000,2.137,626
1559782800000,2.196,427
1559869200000,2.179,526
1559955600000,2.178,571
1560042000000,2.155,561
1560128400000,2.165,404
1560214800000,2.158,390
1560301200000,2.159,418
1560387600000,2.153,428
1560474000000,2.173,545
1560560400000,2.159,429
1560646800000,2.168,515
1560733200000,2.172,433
1560819600000,2.152,368
1560906000000,2.144,554
1560992400000,2.152,446
1561078800000,2.153,522
1561165200000,2.164,479
1561251600000,2.163,378
1561338000000,2.155,356
1561424400000,2.114,446
1561510800000,2.117,674
1561597200000,2.044,595
1561683600000,1.967,967
1561770000000,2.013,541
1561856400000,1.978,722
1561942800000,1.981,735
1562029200000,1.97,855
1562115600000,1.952,721
1562202000000,1.992,721
1562288400000,2.016,618
1562374800000,2.024,736
1562461200000,2.053,592
1562547600000,2.082,541
1562634000000,2.1,437
1562720400000,2.131,475
1562806800000,2.136,418
1562893200000,2.147,427
1562979600000,2.136,539
1563066000000,2.141,504
1563152400000,2.138,553
1563238800000,2.136,460
1563325200000,2.121,531
1563411600000,2.117,535
1563498000000,2.125,450
1563584400000,2.139,497
1563670800000,2.135,431
1563757200000,2.121,440
1563843600000,2.129,412
1563930000000,2.128,417
1564016400000,2.119,460
1564102800000,2.132,444
1564189200000,2.125,427
1564275600000,2.124,411
1564362000000,2.115,489
1564448400000,2.096,462
1564534800000,2.085,1018
1564621200000,2.085,530
1564707600000,2.071,581
1564794000000,2.074,605
1564880400000,2.075,562
1564966800000,2.064,569
1565053200000,2.062,766
1565139600000,2.08,500
1565226000000,2.073,525
1565312400000,2.075,648
1565398800000,2.068,698
1565485200000,2.068,631
1565571600000,2.052,2161
1565658000000,1.852,6840
1565744400000,2.112,545
1565830800000,2.021,506
1565917200000,2.114,641
1566003600000,2.12,614
1566090000000,2.111,561
1566176400000,2.147,531
1566262800000,2.189,415
1566349200000,2.159,484
1566435600000,2.17,476
1566522000000,2.172,433
1566608400000,2.136,448
1566694800000,2.148,456
1566781200000,2.17,426
1566867600000,2.146,446
1566954000000,2.158,377
1567040400000,2.16,439
1567126800000,2.07,509
1567213200000,2.082,499
1567299600000,2.074,547
1567386000000,2.081,504
1567472400000,2.079,547
1567558800000,2.104,419
1567645200000,2.147,403
1567731600000,2.162,448
1567818000000,2.164,633
1567904400000,2.109,587
1567990800000,2.149,431
1568077200000,2.181,429
1568163600000,2.176,446
1568250000000,2.177,383
1568336400000,2.207,423
1568422800000,2.202,457
1568509200000,2.203,558
1568595600000,2.177,350
1568682000000,2.174,378
1568768400000,2.161,404
1568854800000,2.173,381
1568941200000,2.16,458
1569027600000,2.157,609
1569114000000,2.159,441
1569200400000,2.148,440
1569286800000,2.148,362
1569373200000,2.135,400
1569459600000,2.139,442
1569546000000,2.131,562
1569632400000,2.124,523
1569718800000,2.131,482
1569805200000,2.133,554
1569891600000,2.113,489
1569978000000,2.097,523
1570064400000,2.098,693
1570150800000,2.102,551
1570237200000,2.104,554
1570323600000,2.106,652
1570410000000,2.104,532
1570496400000,2.092,410
1570582800000,2.053,621
1570669200000,2.096,571
1570755600000,2.086,490
1570842000000,2.091,632
1570928400000,2.082,587
1571014800000,2.09,514
1571101200000,2.089,448
1571187600000,2.15,386
1571274000000,2.2,436
1571360400000,2.179,489
1571446800000,2.189,643
1571533200000,2.168,522
1571619600000,2.155,405
1571706000000,2.159,361
1571792400000,2.178,374
1571878800000,2.193,340
1571965200000,2.214,333
1572051600000,2.197,399
1572138000000,2.191,384
1572224400000,2.186,562
1572310800000,2.183,356
1572397200000,2.163,441
1572483600000,2.189,308
1572570000000,2.191,408
1572656400000,2.168,494
1572742800000,2.16,420
1572829200000,2.162,474
1572915600000,2.172,385
1573002000000,2.128,611
1573088400000,2.145,377
1573174800000,2.16,498
1573261200000,2.147,510
1573347600000,2.059,574
1573434000000,2.146,576
1573520400000,2.13,650
1573606800000,2.006,680
1573693200000,2.07,989
1573779600000,2.131,682
1573866000000,2.119,701
1573952400000,2.028,1074
1574038800000,1.999,596
1574125200000,1.848,1375
1574211600000,1.932,887
1574298000000,1.986,798
1574384400000,2.006,949
1574470800000,1.992,886
1574557200000,1.996,636
1574643600000,2.019,1185
1574730000000,2.016,652
1574816400000,1.965,813
1574902800000,1.974,638
1574989200000,1.979,728
1575075600000,1.95,801
1575162000000,1.951,741
1575248400000,1.95,806
1575334800000,1.958,730
1575421200000,1.977,614
1575507600000,1.982,634
1575594000000,2.031,789
1575680400000,2.036,670
1575766800000,2.027,615
1575853200000,2.03,637
1575939600000,2.072,685
1576026000000,2.1,539
1576112400000,2.184,422
1576198800000,2.177,525
1576285200000,2.187,501
1576371600000,2.201,900
1576458000000,2.171,530
1576544400000,2.188,569
1576630800000,2.19,569
1576717200000,2.181,645
1576803600000,2.176,652
1576890000000,2.131,485
1576976400000,2.126,562
1577062800000,2.145,465
1577149200000,2.135,529
1577235600000,2.171,722
1577322000000,2.17,618
1577408400000,2.184,604
1577494800000,2.185,990
1577581200000,2.192,480
1577667600000,2.189,607
1577754000000,2.184,587
1577840400000,2.189,726
1577926800000,2.191,600
1578013200000,2.181,572
1578099600000,2.183,611
1578186000000,2.189,626
1578272400000,2.191,600
1578358800000,2.193,574
1578445200000,2.193,504
1578531600000,2.173,588
1578618000000,2.177,545
1578704400000,2.171,659
1578790800000,2.168,560
1578877200000,2.159,527
1578963600000,2.158,576
1579050000000,2.153,561
1579136400000,2.166,634
1579222800000,2.165,656
1579309200000,2.159,603
1579395600000,2.154,551
1579482000000,2.153,492
1579568400000,2.149,500
1579654800000,2.161,524
1579741200000,2.136,563
1579827600000,2.14,710
1579914000000,2.139,681
1580000400000,2.142,679
1580086800000,2.121,587
1580173200000,2.131,689
1580259600000,2.13,575
1580346000000,2.125,510
1580432400000,2.136,640
1580518800000,2.139,633
1580605200000,2.14,641
1580691600000,2.136,738
1580778000000,2.131,741
1580864400000,2.119,734
1580950800000,2.125,1057
1581037200000,2.119,637
1581123600000,2.152,651
1581210000000,2.163,678
1581296400000,2.145,583
1581382800000,2.147,588
1581469200000,2.141,504
1581555600000,2.127,617
1581642000000,2.129,736
1581728400000,2.127,655
1581814800000,2.091,639
1581901200000,2.071,862
1581987600000,2.061,644
1582074000000,2.086,598
1582160400000,2.077,719
1582246800000,2.066,670
1582333200000,2.059,696
1582419600000,2.074,584
1582506000000,2.048,686
1582592400000,2.033,659
1582678800000,2.054,556
1582765200000,2.108,584
1582851600000,2.092,528
1582938000000,2.082,595
1583024400000,2.088,648
1583110800000,2.097,603
1583197200000,2.097,525
1583283600000,2.097,575
1583370000000,2.076,601
1583456400000,2.044,789
1583542800000,2.031,937
1583629200000,2.037,744
1583715600000,2.045,732
1583802000000,2.007,840
1583888400000,2.057,685
1583974800000,2.032,734
1584061200000,1.946,857
1584147600000,2.018,681
1584234000000,2.004,774
1584320400000,2.001,827
1584406800000,1.928,1077
1584493200000,1.923,721
1584579600000,2.032,661
1584666000000,1.98,880
1584752400000,2.067,606
1584838800000,2.082,628
1584925200000,2.068,501
1585011600000,2.062,596
1585098000000,2.043,630
1585184400000,2.074,648
1585270800000,2.15,596
1585357200000,2.145,563
1585443600000,2.129,532
1585530000000,2.112,548
1585616400000,2.131,664
1585702800000,2.172,706
1585789200000,2.157,766
1585875600000,2.125,665
1585962000000,2.101,687
1586048400000,2.106,881
1586134800000,2.08,887
1586221200000,2.078,849
1586307600000,2.11,741
1586394000000,2.102,826
1586480400000,2.136,846
1586566800000,2.141,834
1586653200000,2.145,878
1586739600000,2.15,750
1586826000000,2.136,845
1586912400000,2.121,975
1586998800000,2.095,1339
1587085200000,2.107,1135
1587171600000,2.095,1659
1587258000000,2.071,821
1587344400000,2.07,870
1587430800000,2.093,894
1587517200000,2.114,773
1587603600000,2.146,509
1587690000000,2.137,689
1587776400000,2.099,880
1587862800000,2.09,683
1587949200000,2.087,791
1588035600000,2.097,665
1588122000000,2.129,658
1588208400000,2.136,663
1588294800000,2.137,702
1588381200000,2.148,643
1588467600000,2.135,657
1588554000000,2.149,661
1588640400000,2.137,688
1588726800000,2.107,649
1588813200000,2.081,799
1588899600000,2.038,907
1588986000000,2.059,784
1589072400000,2.061,787
1589158800000,2.095,680
1589245200000,2.107,662
1589331600000,2.217,510
1589418000000,2.223,573
1589504400000,2.209,544
1589590800000,2.213,557
1589677200000,2.202,451
1589763600000,2.209,514
1589850000000,2.215,543
1589936400000,2.209,542
1590022800000,2.201,502
1590109200000,2.191,585
1590195600000,2.2,652
1590282000000,2.19,557
1590368400000,2.132,702
1590454800000,2.049,722
1590541200000,2.151,606
1590627600000,2.166,673
1590714000000,2.169,721
1590800400000,2.199,601
1590886800000,2.205,613
1590973200000,2.207,519
1591059600000,2.211,614
1591146000000,2.211,509
1591232400000,2.21,531
1591318800000,2.21,619
1591405200000,2.251,754
1591491600000,2.245,526
1591578000000,2.259,532
1591664400000,2.268,522
1591750800000,2.239,509
1591837200000,2.239,543
1591923600000,2.236,488
1592010000000,2.228,626
1592096400000,2.236,492
1592182800000,2.242,629
1592269200000,2.225,627
1592355600000,2.212,414
1592442000000,2.221,464
1592528400000,2.205,528
1592614800000,2.19,495
1592701200000,2.187,560
1592787600000,2.182,459
1592874000000,2.187,485
1592960400000,2.191,495
1593046800000,2.107,1085
1593133200000,1.941,1943
1593219600000,1.908,1589
1593306000000,1.953,1065
1593392400000,1.963,1028
1593478800000,1.968,1018
1593565200000,1.963,1042
1593651600000,1.962,2391
1593738000000,1.884,2516
1593824400000,1.89,2158
1593910800000,1.885,2089
1593997200000,1.902,2120
1594083600000,1.872,1738
1594170000000,1.882,2051
1594256400000,1.949,1782
1594342800000,2.076,686
1594429200000,2.089,834
1594515600000,2.109,742
1594602000000,2.075,781
1594688400000,2.063,1377
1594774800000,2.073,844
1594861200000,2.07,1054
1594947600000,2.051,982
1595034000000,2.062,699
1595120400000,2.08,646
1595206800000,2.062,691
1595293200000,2.08,641
1595379600000,2.124,1284
1595466000000,2.096,848
1595552400000,2.096,673
1595638800000,2.11,802
1595725200000,2.104,569
1595811600000,2.098,704
1595898000000,2.095,649
1595984400000,2.096,703
1596070800000,2.06,733
1596157200000,2.068,615
1596243600000,2.082,879
1596330000000,2.089,914
1596416400000,2.074,725
1596502800000,2.08,901
1596589200000,2.1,577
1596675600000,2.077,780
1596762000000,2.094,977
1596848400000,2.062,928
1596934800000,2.063,971
1597021200000,2.069,910
1597107600000,2.055,794
1597194000000,2.055,775
1597280400000,2.084,847
1597366800000,2.081,710
1597453200000,2.078,807
1597539600000,2.073,715
1597626000000,2.08,662
1597712400000,2.074,737
1597798800000,2.058,886
1597885200000,2.073,684
1597971600000,2.043,721
1598058000000,2.049,711
1598144400000,2.044,713
1598230800000,2.028,703
1598317200000,2.055,705
1598403600000,2.07,668
1598490000000,2.055,689
1598576400000,2.02,795
1598662800000,2.058,616
1598749200000,2.063,636
1598835600000,2.064,629
1598922000000,2.067,599
1599008400000,2.059,793
1599094800000,2.051,613
1599181200000,2.046,774
1599267600000,2.044,715
1599354000000,2.043,643
1599440400000,2.065,617
1599526800000,2.052,628
1599613200000,2.051,713
1599699600000,2.027,590
1599786000000,2.051,741
1599872400000,2.051,897
1599958800000,2.045,682
1600045200000,2.039,695
1600131600000,2.027,661
1600218000000,2.011,772
1600304400000,2.027,762
1600390800000,2.029,762
1600477200000,2.015,845
1600563600000,2.041,666
1600650000000,2.022,699
1600736400000,1.998,709
1600822800000,2.015,941
1600909200000,2.011,654
1600995600000,1.995,1019
1601082000000,1.988,864
1601168400000,1.991,759
1601254800000,1.982,813
1601341200000,1.971,870
1601427600000,1.976,829
1601514000000,1.985,857
1601600400000,1.985,925
1601686800000,1.952,961
1601773200000,1.957,1012
1601859600000,1.97,943
1601946000000,1.973,796
1602032400000,1.964,885
1602118800000,1.99,838
1602205200000,1.99,796
1602291600000,1.986,816
1602378000000,1.996,810
1602464400000,1.996,758
1602550800000,1.992,822
1602637200000,2.015,651
1602723600000,2.001,939
1602810000000,2.052,780
1602896400000,2.112,767
1602982800000,2.112,586
1603069200000,2.088,502
1603155600000,2.043,514
1603242000000,2.066,495
1603328400000,2.08,569
1603414800000,2.092,555
1603501200000,2.104,659
1603587600000,2.104,542
1603674000000,2.089,569
1603760400000,2.069,526
1603846800000,2.075,576
1603933200000,2.075,655
1604019600000,2.023,668
1604106000000,2.053,658
1604192400000,2.055,587
1604278800000,2.024,658
1604365200000,2.025,582
1604451600000,2.036,549
1604538000000,2.05,628
1604624400000,2.087,603
1604710800000,2.117,571
1604797200000,2.145,721
1604883600000,2.085,521
1604970000000,2.086,544
1605056400000,2.074,562
1605142800000,2.102,550
1605229200000,2.117,598
1605315600000,2.138,597
1605402000000,2.106,636
1605488400000,2.095,525
1605574800000,2.074,592
1605661200000,2.06,643
1605747600000,2.085,562
1605834000000,2.058,686
1605920400000,2.047,688
1606006800000,2.067,560
1606093200000,2.082,559
1606179600000,2.03,608
1606266000000,2.012,684
1606352400000,2,661
1606438800000,2.006,668
1606525200000,1.994,772
1606611600000,2.041,597
1606698000000,2.024,559
1606784400000,2.038,572
1606870800000,2.064,575
1606957200000,2.027,961
1607043600000,1.903,1227
1607130000000,2.007,937
1607216400000,2.025,710
1607302800000,2.016,730
1607389200000,2.031,723
1607475600000,2.02,783
1607562000000,2.042,697
1607648400000,2.058,704
1607734800000,2.058,898
1607821200000,2.152,748
1607907600000,2.141,568
1607994000000,2.142,601
1608080400000,2.134,814
1608166800000,2.125,697
1608253200000,2.124,681
1608339600000,2.125,742
1608426000000,2.128,756
1608512400000,2.111,714
1608598800000,2.083,807
1608685200000,2.01,895
1608771600000,2.01,1235
1608858000000,2.084,1431
1608944400000,2.063,1229
1609030800000,2.073,829
1609117200000,2.051,1095
1609203600000,2.056,980
1609290000000,2.047,1131
1609376400000,2.061,1090
1609462800000,2.058,1033
1609549200000,2.036,1254
1609635600000,2.04,1109
1609722000000,2.046,1094
1609808400000,2.059,986
1609894800000,2.047,1137
1609981200000,2.049,1083
1610067600000,2.061,1304
1610154000000,2.06,1362
1610240400000,2.061,1346
1610326800000,2.053,1306
1610413200000,2.047,1076
1610499600000,2.04,1129
1610586000000,2.051,1343
1610672400000,2.036,1347
1610758800000,2.044,1223
1610845200000,2.041,1305
1610931600000,2.048,1121
1611018000000,2.043,1284
1611104400000,2.038,1267
1611190800000,2.032,1059
1611277200000,2.024,1230
1611363600000,2.018,1104
1611450000000,2.022,1073
1611536400000,2.024,1139
1611622800000,2.006,1150
1611709200000,2.008,1185
1611795600000,1.912,1945
1611882000000,2.002,1003
1611968400000,1.992,1132
1612054800000,1.992,1072
1612141200000,2.003,925
1612227600000,1.998,1054
1612314000000,2.003,944
1612400400000,2.01,904
1612486800000,2.052,907
1612573200000,2.068,802
1612659600000,2.078,785
1612746000000,2.082,789
1612832400000,2.117,822
1612918800000,2.097,809
1613005200000,2.112,876
1613091600000,2.108,1173
1613178000000,2.085,932
1613264400000,2.075,916
1613350800000,2.086,940
1613437200000,2.082,910
1613523600000,2.09,842
1613610000000,2.099,838
1613696400000,2.119,891
1613782800000,2.146,947
1613869200000,2.122,902
1613955600000,2.118,940
1614042000000,2.151,899
1614128400000,2.138,802
1614214800000,2.142,871
1614301200000,2.133,1025
1614387600000,2.13,1003
1614474000000,2.14,981
1614560400000,2.173,918
1614646800000,2.135,943
1614733200000,2.161,893
1614819600000,2.132,1012
1614906000000,2.15,1330
1614992400000,2.139,1274
1615078800000,2.128,812
1615165200000,2.128,905
1615251600000,2.108,914
1615338000000,2.099,850
1615424400000,2.119,844
1615510800000,2.123,986
1615597200000,2.112,959
1615683600000,2.097,905
1615770000000,2.106,833
1615856400000,2.103,917
1615942800000,2.098,872
1616029200000,2.113,821
1616115600000,2.098,993
1616202000000,2.121,1040
1616288400000,2.095,849
1616374800000,2.106,770
1616461200000,2.071,790
1616547600000,2.055,1067
1616634000000,2.046,880
1616720400000,2.05,1001
1616806800000,2.057,1013
1616893200000,2.038,885
1616979600000,2.039,826
1617066000000,2.023,1007
1617152400000,1.995,1203
1617238800000,2.015,1338
1617325200000,2.033,1328
1617411600000,2.032,1008
1617498000000,2.03,1092
1617584400000,2.03,1153
1617670800000,2.03,1346
1617757200000,1.991,887
1617843600000,2.007,1186
1617930000000,2.029,1133
1618016400000,1.984,1010
1618102800000,1.982,795
1618189200000,1.984,900
1618275600000,1.981,883
1618362000000,1.995,429
1618448400000,2.013,1134
1618534800000,2.032,851
1618621200000,2.065,672
1618707600000,2.111,552
1618794000000,2.137,523
1618880400000,2.116,557
1618966800000,2.143,594
1619053200000,2.152,944
1619139600000,2.122,546
1619226000000,2.141,502
1619312400000,2.123,517
1619398800000,2.137,546
1619485200000,2.11,576
1619571600000,2.114,646
1619658000000,2.133,859
1619744400000,2.14,1095
1619830800000,2.138,562
1619917200000,2.181,942
1620003600000,2.247,681
1620090000000,2.192,699
1620176400000,2.154,785
1620262800000,2.184,658
1620349200000,2.167,647
1620435600000,2.219,600
1620522000000,2.192,566
1620608400000,2.181,616
1620694800000,2.215,589
1620781200000,2.235,684
1620867600000,2.307,708
1620954000000,2.256,713
1621040400000,2.226,887
1621126800000,2.196,933
1621213200000,2.199,667
1621299600000,2.161,731
1621386000000,2.215,866
1621472400000,2.267,647
1621558800000,2.237,492
1621645200000,2.208,815
1621731600000,2.25,727
1621818000000,2.243,980
1621904400000,2.256,832
1621990800000,2.246,602
1622077200000,2.152,729
1622163600000,2.123,1126
1622250000000,2.139,1107
1622336400000,2.149,826
1622422800000,2.084,799
1622509200000,2.069,725
1622595600000,2.068,1224
1622682000000,2.06,957
1622768400000,2.029,1444
1622854800000,2.071,917
1622941200000,2.078,766
1623027600000,2.071,748
1623114000000,2.073,660
1623200400000,2.055,739
1623286800000,2.049,803
1623373200000,2.052,995
1623459600000,2.041,896
1623546000000,2.06,1175
1623632400000,2.067,677
1623718800000,2.07,677
1623805200000,2.054,660
1623891600000,2.067,922
1623978000000,2.022,1071
1624064400000,2.032,715
1624150800000,2.023,925
1624237200000,2.04,960
1624323600000,2.034,839
1624410000000,2.03,611
1624496400000,2.023,849
1624582800000,1.973,815
1624669200000,2.005,810
1624755600000,2.003,547
1624842000000,2.008,628
1624928400000,2.01,566
1625014800000,1.998,1139
1625101200000,1.987,524
1625187600000,1.98,885
1625274000000,2.004,592
1625360400000,2.007,676
1625446800000,2.017,756
1625533200000,2.005,760
1625619600000,2.007,795
1625706000000,1.992,893
1625792400000,2.005,822
1625878800000,2.02,1103
1625965200000,2.018,638
1626051600000,2.019,1201
1626138000000,2.011,672
1626224400000,2,883
1626310800000,2.006,906
1626397200000,2.003,916
1626483600000,2.008,675
1626570000000,1.991,1165
1626656400000,2.011,649
1626742800000,1.997,692
1626829200000,1.983,615
1626915600000,1.999,660
1627002000000,1.997,835
1627088400000,2.014,732
1627174800000,2.014,893
1627261200000,2.007,777
1627347600000,2.011,459
1627434000000,2.044,813
1627520400000,2.005,776
1627606800000,2.035,665
1627693200000,2.061,548
1627779600000,2.055,562
1627866000000,2.061,610
1627952400000,2.088,556
1628038800000,2.08,999
1628125200000,2.07,581
1628211600000,2.055,997
1628298000000,2.025,854
1628384400000,2.038,809
1628470800000,2.054,692
1628557200000,2.016,685
1628643600000,1.984,675
1628730000000,2.005,587
1628816400000,2.001,667
1628902800000,1.993,698
1628989200000,2.016,573
1629075600000,2.039,535
1629162000000,2.048,544
1629248400000,2.045,507
1629334800000,2.025,605
1629421200000,2.04,622
1629507600000,2.028,522
1629594000000,2.024,614
1629680400000,2.049,510
1629766800000,2.076,486
1629853200000,2.037,508
1629939600000,2.041,539
1630026000000,2.041,590
1630112400000,2.061,1001
1630198800000,2.05,482
1630285200000,2.038,624
1630371600000,2.017,520
1630458000000,2.103,504
1630544400000,2.111,493
1630630800000,2.056,536
1630717200000,2.059,574
1630803600000,2.075,765
1630890000000,2.07,555
1630976400000,2.069,628
1631062800000,2.06,538
1631149200000,2.045,457
1631235600000,2.006,629
1631322000000,2.038,1584
1631408400000,2.042,610
1631494800000,2.07,590
1631581200000,2.038,1275
1631667600000,2.041,638
1631754000000,2.052,664
1631840400000,2.009,571
1631926800000,2.018,561
1632013200000,2.026,541
1632099600000,2.032,604
1632186000000,2.021,571
1632272400000,1.84,2200
1632358800000,1.83,861
1632445200000,1.883,957
1632531600000,1.949,680
1632618000000,1.953,573
1632704400000,1.967,606
1632790800000,1.977,566
1632877200000,1.978,735
1632963600000,2.008,859
1633050000000,2.063,625
1633136400000,2.051,682
1633222800000,2.029,595
1633309200000,2.044,686
1633395600000,2.059,649
1633482000000,2.061,517
1633568400000,2.117,447
1633654800000,2.116,445
1633741200000,2.088,607
1633827600000,2.052,610
1633914000000,2.052,544
1634000400000,2.055,908
1634086800000,2.036,569
1634173200000,2.043,539
1634259600000,2.079,569
1634346000000,2.099,630
1634432400000,2.063,589
1634518800000,2.076,571
1634605200000,2.072,765
1634691600000,2.069,663
1634778000000,2.063,565
1634864400000,1.974,1042
1634950800000,2.034,720
1635037200000,2.053,456
1635123600000,2.009,555
1635210000000,1.979,659
1635296400000,1.995,621
1635382800000,1.996,620
1635469200000,1.994,804
1635555600000,2.026,745
1635642000000,2.027,658
1635728400000,2.027,579
1635814800000,2.037,832
1635901200000,1.997,724
1635987600000,2.049,656
1636074000000,2.028,718
1636160400000,2.03,776
1636246800000,2.087,528
1636333200000,2.008,1124
1636419600000,1.967,1250
1636506000000,1.959,1106
1636592400000,1.955,642
1636678800000,1.982,658
1636765200000,2.042,645
1636851600000,1.982,696
1636938000000,2.045,665
1637024400000,2.004,709
1637110800000,2.014,1385
1637197200000,1.968,706
1637283600000,1.969,1208
1637370000000,1.966,936
1637456400000,1.958,1335
1637542800000,1.952,1166
1637629200000,1.951,653
1637715600000,1.911,1000
1637802000000,1.89,1268
1637888400000,1.862,1009
1637974800000,1.867,1014
1638061200000,1.915,900
1638147600000,1.891,1094
1638234000000,1.745,1505
1638320400000,1.744,1229
1638406800000,1.832,769
1638493200000,1.93,746
1638579600000,1.992,836
1638666000000,2.061,514
1638752400000,2.007,604
1638838800000,1.98,579
1638925200000,2.025,514
1639011600000,2.013,589
1639098000000,2.007,660
1639184400000,2.026,702
1639270800000,2.016,664
1639357200000,2.023,473
1639443600000,2.011,615
1639530000000,1.965,651
1639616400000,1.951,600
1639702800000,1.977,739
1639789200000,1.939,744
1639875600000,1.918,936
1639962000000,1.911,923
1640048400000,1.826,817
1640134800000,1.94,573
1640221200000,1.92,715
1640307600000,1.964,824
1640394000000,2.015,937
1640480400000,2.062,550
1640566800000,2.082,751
1640653200000,2.055,700
1640739600000,2.059,614
1640826000000,2.053,686
1640912400000,2.085,697
1640998800000,2.08,640
1641085200000,2.105,598
1641171600000,2.087,556
1641258000000,2.077,470
1641344400000,2.063,611
1641430800000,2.052,608
1641517200000,2.057,580
1641603600000,2.098,744
1641690000000,1.989,797
1641776400000,2.059,534
1641862800000,2.232,463
1641949200000,2.229,400
1642035600000,2.2,896
1642122000000,2.214,561
1642208400000,2.255,573
1642294800000,2.139,713
1642381200000,2.146,621
1642467600000,2.108,617
1642554000000,2.105,912
1642640400000,2.175,466
1642726800000,2.101,972
1642813200000,2.133,632
1642899600000,2.251,471
1642986000000,2.141,591
1643072400000,2.042,674
1643158800000,2.021,686
1643245200000,2.148,586
1643331600000,1.957,955
1643418000000,2.046,727
1643504400000,2.05,655
1643590800000,2.032,706
1643677200000,2.099,691
1643763600000,2.082,735
1643850000000,2.066,751
1643936400000,2,875
1644022800000,2.011,781
1644109200000,2.004,905
1644195600000,2.004,754
1644282000000,2.081,720
1644368400000,2.035,860
1644454800000,2.089,805
1644541200000,2.02,868
1644627600000,2.026,802
1644714000000,2.024,725
1644800400000,2.062,651
1644886800000,2.045,653
1644973200000,2.015,689
1645059600000,2.019,639
1645146000000,2.016,802
1645232400000,2.037,900
1645318800000,2.038,870
1645405200000,2.101,607
1645491600000,2.181,478
1645578000000,2.039,877
1645664400000,2.033,623
1645750800000,2.035,782
1645837200000,2.007,720
1645923600000,2.001,842
1646010000000,2.001,582
1646096400000,1.959,1223
1646182800000,2.042,623
1646269200000,2.043,648
1646355600000,2.055,700
1646442000000,2.022,973
1646528400000,2.005,841
1646614800000,1.984,724
1646701200000,1.828,1292
1646787600000,1.951,694
1646874000000,1.932,798
1646960400000,2.002,872
1647046800000,2.016,882
1647133200000,2.011,1231
1647219600000,2,899
1647306000000,2.005,1039
1647392400000,1.998,995
1647478800000,1.974,1066
1647565200000,1.978,1046
1647651600000,1.992,1347
1647738000000,1.976,982
1647824400000,1.977,965
1647910800000,1.97,1114
1647997200000,1.921,1146
1648083600000,1.922,932
1648170000000,1.943,943
1648256400000,1.964,1013
1648342800000,1.966,1122
1648429200000,1.946,961
1648515600000,1.875,2023
1648602000000,1.996,802
1648688400000,1.993,825
1648774800000,1.984,978
1648861200000,1.988,1010
1648947600000,2.074,936
1649034000000,2.109,702
1649120400000,2.05,854
1649206800000,1.982,1158
1649293200000,1.998,1075
1649379600000,2.017,1093
1649466000000,2.013,1415
1649552400000,2.02,1093
1649638800000,2.024,1395
1649725200000,2.014,925
1649811600000,2.034,1039
1649898000000,2.003,871
1649984400000,2.07,843
1650070800000,2.098,706
1650157200000,2.082,760
1650243600000,1.992,726
1650330000000,2.022,1008
1650416400000,1.996,969
1650502800000,1.988,807
1650589200000,2,2063
1650675600000,2.013,1019
1650762000000,1.989,854
1650848400000,1.988,1290
1650934800000,1.98,815
1651021200000,1.96,964
1651107600000,1.947,1389
1651194000000,1.937,757
1651280400000,1.943,878
1651366800000,1.938,991
1651453200000,1.939,954
1651539600000,1.893,1075
1651626000000,1.793,2372
1651712400000,1.796,1146
1651798800000,1.873,802
1651885200000,1.898,1034
1651971600000,1.908,780
1652058000000,1.897,717
1652144400000,1.905,783
1652230800000,1.911,1049
1652317200000,1.926,778
1652403600000,1.935,787
1652490000000,1.958,783
1652576400000,1.983,574
1652662800000,1.992,606
1652749200000,1.996,875
1652835600000,1.973,591
1652922000000,1.981,647
1653008400000,1.982,814
1653094800000,1.984,800
1653181200000,2.002,712
1653267600000,2.018,678
1653354000000,1.997,707
1653440400000,2.019,624
1653526800000,2.012,787
1653613200000,1.984,822
1653699600000,2,748
1653786000000,1.983,699
1653872400000,1.991,838
1653958800000,1.981,827
1654045200000,2.011,727
1654131600000,1.979,842
1654218000000,1.897,1078
1654304400000,1.952,808
1654390800000,1.963,798
1654477200000,1.939,691
1654563600000,1.936,772
1654650000000,1.946,833
1654736400000,1.94,639
1654822800000,1.93,842
1654909200000,1.931,769
1654995600000,1.925,806
1655082000000,1.929,713
1655168400000,1.928,699
1655254800000,1.943,720
1655341200000,1.963,700
1655427600000,1.947,842
1655514000000,1.951,706
1655600400000,1.974,759
1655686800000,1.957,728
1655773200000,1.948,899
1655859600000,1.918,738
1655946000000,1.884,1076
1656032400000,1.835,882
1656118800000,1.893,950
1656205200000,1.917,737
1656291600000,1.926,805
1656378000000,1.942,687
1656464400000,1.963,597
1656550800000,1.974,575
1656637200000,1.942,706
1656723600000,1.931,761
1656810000000,1.959,652
1656896400000,1.962,727
1656982800000,1.917,886
1657069200000,1.811,1037
1657155600000,1.881,749
1657242000000,1.906,757
1657328400000,1.917,745
1657414800000,1.945,663
1657501200000,1.931,659
1657587600000,1.886,698
1657674000000,1.913,679
1657760400000,1.933,825
1657846800000,1.926,658
1657933200000,1.941,770
1658019600000,1.95,708
1658106000000,2.004,753
1658192400000,2.026,656
1658278800000,1.988,494
1658365200000,1.973,1050
1658451600000,1.958,740
1658538000000,1.96,751
1658624400000,1.951,812
1658710800000,1.953,845
1658797200000,1.958,841
1658883600000,1.998,683
1658970000000,2.082,594
1659056400000,2.098,451
1659142800000,1.944,1321
1659229200000,2.035,666
1659315600000,2.057,663
1659402000000,2.013,757
1659488400000,2.036,685
1659574800000,2.094,1566
1659661200000,2.106,1362
1659747600000,2.083,935
1659834000000,2.064,736
1659920400000,2.031,767
1660006800000,2.087,279
1660093200000,2.016,732
1660179600000,2.017,719
1660266000000,2.045,679
1660352400000,2.05,649
1660438800000,2.052,724
1660525200000,2.016,693
1660611600000,1.977,1027
1660698000000,1.856,1118
1660784400000,1.933,813
1660870800000,1.956,661
1660957200000,1.954,702
1661043600000,1.956,657
1661130000000,1.953,625
1661216400000,1.936,740
1661302800000,1.857,1230
1661389200000,1.906,855
1661475600000,1.916,803
1661562000000,1.949,736
1661648400000,1.978,634
1661734800000,1.942,647
1661821200000,1.974,835
1661907600000,1.951,742
1661994000000,1.965,643
1662080400000,1.97,630
1662166800000,2,740
1662253200000,1.984,711
1662339600000,1.969,555
1662426000000,1.955,593
1662512400000,1.943,620
1662598800000,1.978,563
1662685200000,2.039,633
1662771600000,2.059,536
1662858000000,2.058,475
1662944400000,2.073,458
1663030800000,2.053,446
1663117200000,2.029,632
1663203600000,2.046,538
1663290000000,2.061,472
1663376400000,2.061,438
1663462800000,2.067,460
1663549200000,2.081,385
1663635600000,2.083,430
1663722000000,2.034,440
1663808400000,2.037,371
1663894800000,2.029,459
1663981200000,2.073,472
1664067600000,2.07,461
1664154000000,2.06,416
1664240400000,2.056,504
1664326800000,2.031,441
1664413200000,2.021,413
1664499600000,2.027,485
1664586000000,2.045,559
1664672400000,2.043,472
1664758800000,2.032,639
1664845200000,2.046,451
1664931600000,1.98,653
1665018000000,2.004,577
1665104400000,2.019,473
1665190800000,1.998,714
1665277200000,1.972,563
1665363600000,1.965,925
1665450000000,1.994,1115
1665536400000,1.931,731
1665622800000,1.952,1022
1665709200000,1.876,926
1665795600000,1.939,654
1665882000000,1.977,591
1665968400000,1.975,516
1666054800000,1.976,713
1666141200000,1.985,558
1666227600000,1.97,538
1666314000000,1.955,635
1666400400000,1.9,808
1666486800000,1.938,500
1666573200000,1.952,465
1666659600000,1.952,492
1666746000000,1.967,490
1666832400000,1.999,398
1666918800000,2,376
1667005200000,2.001,429
1667091600000,1.99,496
1667178000000,1.997,384
1667264400000,1.996,370
1667350800000,1.939,536
1667437200000,2.016,456
1667523600000,2.058,417
1667610000000,2.122,435
1667696400000,2.182,426
1667782800000,2.208,319
1667869200000,2.108,327
1667955600000,2.147,387
1668042000000,2.191,399
1668128400000,2.153,447
1668214800000,2.207,396
1668301200000,2.235,355
1668387600000,2.235,311
1668474000000,2.182,333
1668560400000,2.168,311
1668646800000,2.115,363
1668733200000,2.143,361
1668819600000,2.069,604
1668906000000,2.052,509
1668992400000,2.054,481
1669078800000,2.015,413
1669165200000,1.93,660
1669251600000,1.954,441
1669338000000,1.975,545
1669424400000,1.977,547
1669510800000,2.005,435
1669597200000,1.975,493
1669683600000,2.002,473
1669770000000,2.067,416
1669856400000,2.144,376
1669942800000,2.15,390
1670029200000,2.169,396
1670115600000,2.219,341
1670202000000,2.253,288
1670288400000,2.201,363
1670374800000,2.192,322
1670461200000,2.152,353
1670547600000,2.119,403
1670634000000,2.105,510
1670720400000,2.083,523
1670806800000,2.077,424
1670893200000,2.074,365
1670979600000,2.064,332
1671066000000,2.1,368
1671152400000,2.092,410
1671238800000,2.111,363
1671325200000,2.108,375
1671411600000,2.12,343
1671498000000,2.082,368
1671584400000,2.095,446
1671670800000,2.077,446
1671757200000,1.938,997
1671843600000,1.966,796
1671930000000,2.011,546
1672016400000,2,745
1672102800000,2.036,1025
1672189200000,2.034,728
1672275600000,2.018,687
1672362000000,2.001,779
1672448400000,1.977,630
1672534800000,1.956,732
1672621200000,1.991,617
1672707600000,2.027,840
1672794000000,1.98,787
1672880400000,1.941,898
1672966800000,2.033,627
1673053200000,2.042,529
1673139600000,2.056,578
1673226000000,2.032,773
1673312400000,2.076,807
1673398800000,2.022,814
1673485200000,2,738
1673571600000,2.06,832
1673658000000,2.066,953
1673744400000,2.081,624
1673830800000,2.078,582
1673917200000,2.078,644
1674003600000,2.07,609
1674090000000,2.08,684
1674176400000,2.072,595
1674262800000,2.083,788
1674349200000,2.113,957
1674435600000,2.17,677
1674522000000,2.126,582
1674608400000,2.17,801
1674694800000,2.191,689
1674781200000,2.196,849
1674867600000,2.215,781
1674954000000,2.219,709
1675040400000,2.187,905
1675126800000,2.179,513
1675213200000,2.167,542
1675299600000,2.199,578
1675386000000,2.192,582
1675472400000,2.161,652
1675558800000,2.143,660
1675645200000,2.182,730
1675731600000,2.172,779
1675818000000,2.099,735
1675904400000,2.118,631
1675990800000,2.028,893
1676077200000,2.1,1002
1676163600000,2.056,1067
1676250000000,2.001,842
1676336400000,1.977,1031
1676422800000,1.975,1071
1676509200000,2.01,882
1676595600000,2.019,933
1676682000000,2.017,996
1676768400000,2.034,824
1676854800000,2.035,618
1676941200000,2.06,829
1677027600000,2.1,508
1677114000000,2.06,807
1677200400000,2.043,864
1677286800000,2.104,1028
1677373200000,2.108,776
1677459600000,2.137,806
1677546000000,2.102,604
1677632400000,2.087,687
1677718800000,2.118,744
1677805200000,2.041,650
1677891600000,2.105,937
1677978000000,2.125,1040
1678064400000,2.087,808
1678150800000,2.121,546
1678237200000,2.016,608
1678323600000,1.995,860
1678410000000,2.058,996
1678496400000,2.091,796
1678582800000,2.028,849
1678669200000,1.995,751
1678755600000,1.892,672
1678842000000,1.95,850
1678928400000,1.968,975
1679014800000,1.95,935
1679101200000,2.004,1033
1679187600000,1.964,832
1679274000000,1.825,985
1679360400000,1.958,756
1679446800000,1.898,1054
1679533200000,1.924,1011
1679619600000,1.964,915
1679706000000,2.011,932
1679792400000,2.032,889
1679878800000,2.031,802
1679965200000,2.026,767
1680051600000,2.048,778
1680138000000,2.107,553
1680224400000,2.143,674
1680310800000,2.152,729
1680397200000,2.169,814
1680483600000,2.19,687
1680570000000,2.198,621
1680656400000,2.17,671
1680742800000,2.176,781
1680829200000,2.17,599
1680915600000,2.18,682
1681002000000,2.159,735
1681088400000,2.151,796
1681174800000,2.14,759
1681261200000,2.115,852
1681347600000,2.009,1047
1681434000000,2.036,914
1681520400000,2.02,1083
1681606800000,2.002,1052
1681693200000,2.012,1392
1681779600000,1.994,1244
1681866000000,1.993,1132
1681952400000,1.996,1146
1682038800000,2.005,1838
1682125200000,2.045,1145
1682211600000,2.04,1135
1682298000000,2.021,1065
1682384400000,1.913,1379
1682420400000,1.81,118
1682424000000,1.878,64
1682427600000,1.905,86
1682431200000,1.877,73
1682434800000,1.872,69
1682438400000,1.904,85
1682442000000,1.853,219
1682445600000,1.982,54
1682449200000,1.925,48
1682452800000,1.982,43
1682456400000,1.978,52
1682460000000,1.989,37
1682463600000,1.99,24
1682467200000,2,50
1682470800000,1.838,27
1682474400000,2.003,20
1682478000000,1.988,39
1682481600000,2.008,34
1682485200000,1.989,27
1682488800000,1.842,83
1682492400000,1.9,43
1682496000000,1.88,25
1682499600000,1.945,44
1682503200000,1.813,51
1682506800000,1.947,47
1682510400000,1.939,44
1682514000000,1.989,45
1682517600000,1.967,83
1682521200000,1.948,48
1682524800000,1.989,51
1682528400000,1.989,47
1682532000000,1.989,33
1682535600000,1.978,38
1682539200000,1.989,39
1682542800000,1.997,42
1682546400000,1.994,51
1682550000000,1.994,31
1682553600000,2,26
1682557200000,2.01,29
1682560800000,2.011,24
1682564400000,1.987,33
1682568000000,1.947,16
1682571600000,1.907,29
1682575200000,1.894,28
1682578800000,1.942,37
1682582400000,1.948,31
1682586000000,1.926,14
1682589600000,1.941,36
1682593200000,1.935,26
1682596800000,1.895,56
1682600400000,1.951,55
1682604000000,1.94,33
1682607600000,1.969,52
1682611200000,1.961,86
1682614800000,1.974,57
1682618400000,1.983,54
1682622000000,2.005,65
1682625600000,2.005,39
1682629200000,2.02,49
1682632800000,2.034,32
1682636400000,2.044,42
1682640000000,2.022,17
1682643600000,1.996,18
1682647200000,1.833,38
1682650800000,2.005,30
1682654400000,2.002,43
1682658000000,1.833,182
1682661600000,1.965,22
1682665200000,2.02,64
1682668800000,2.07,51
1682672400000,1.86,44
1682676000000,2.055,42
1682679600000,2.049,35
1682683200000,2.014,57
1682686800000,2.066,64
1682690400000,2.057,43
1682694000000,2.057,47
1682697600000,2.049,37
1682701200000,2.064,42
1682704800000,2.063,43
1682708400000,2.063,33
1682712000000,2.063,39
1682715600000,2.062,23
1682719200000,2.063,51
1682722800000,2.069,35
1682726400000,2.071,28
1682730000000,2.065,25
1682733600000,2.051,19
1682737200000,2.06,47
1682740800000,2.064,29
1682744400000,2.04,36
1682748000000,1.994,25
1682751600000,2.048,20
1682755200000,2.038,40
1682758800000,2.032,33
1682762400000,2.03,34
1682766000000,2.037,45
1682769600000,2.03,50
1682773200000,2.027,43
1682776800000,2.025,35
1682780400000,2.035,61
1682784000000,1.98,53
1682787600000,2.03,48
1682791200000,2.038,44
1682794800000,2.032,49
1682798400000,2.042,30
1682802000000,2.041,33
1682805600000,2.041,45
1682809200000,2.047,40
1682812800000,2.039,26
1682816400000,2.047,21
1682820000000,1.987,38
1682823600000,2,27
1682827200000,1.901,45
1682830800000,1.994,29
1682834400000,2,35
1682838000000,2.017,52
1682841600000,2.022,28
1682845200000,1.994,38
1682848800000,2.022,36
1682852400000,2.02,31
1682856000000,2.02,38
1682859600000,2.01,43
1682863200000,2.018,43
1682866800000,1.999,52
1682870400000,1.989,41
1682874000000,2.01,40
1682877600000,2.02,58
1682881200000,2.013,65
1682884800000,2,66
1682888400000,2.02,54
1682892000000,2.025,47
1682895600000,2.025,38
1682899200000,2.035,33
1682902800000,2.037,31
1682906400000,2.02,18
1682910000000,2.01,19
1682913600000,2,24
1682917200000,2.02,30
1682920800000,2.02,14
1682924400000,2,25
1682928000000,1.878,36
1682931600000,2,32
1682935200000,1.988,23
1682938800000,2,80
1682942400000,2.023,32
1682946000000,2.024,45
1682949600000,1.986,46
1682953200000,2.01,42
1682956800000,2,35
1682960400000,2.023,58
1682964000000,2.027,39
1682967600000,2.025,42
1682971200000,2.029,32
1682974800000,2.023,34
1682978400000,2.032,29
1682982000000,2.035,24
1682985600000,2.03,19
1682989200000,2.03,28
1682992800000,2.046,29
1682996400000,2.044,26
1683000000000,2.012,24
1683003600000,1.994,19
1683007200000,1.85,19
1683010800000,1.99,19
1683014400000,1.915,48
1683018000000,2.007,31
1683021600000,2.023,42
1683025200000,2.023,18
1683028800000,1.994,38
1683032400000,1.988,64
1683036000000,1.997,76
1683039600000,1.994,42
1683043200000,1.95,66
1683046800000,2.018,60
1683050400000,1.994,47
1683054000000,2.016,45
1683057600000,2.025,43
1683061200000,2.015,41
1683064800000,2.015,31
1683068400000,2.012,18
1683072000000,2.012,33
1683075600000,2,19
1683079200000,2,30
1683082800000,2.01,34
1683086400000,1.996,22
1683090000000,2.01,27
1683093600000,1.998,24
1683097200000,2.007,32
1683100800000,1.99,35
1683104400000,1.976,27
1683108000000,1.974,37
1683111600000,1.971,43
1683115200000,1.986,33
1683118800000,1.971,42
1683122400000,1.966,38
1683126000000,1.98,44
1683129600000,1.989,79
1683133200000,1.982,38
1683136800000,2.002,33
1683140400000,2.015,49
1683144000000,2.026,41
1683147600000,2.041,38
1683151200000,1.838,48
1683154800000,2.025,29
1683158400000,2.022,26
1683162000000,2.022,16
1683165600000,2,12
1683169200000,1.99,19
1683172800000,1.98,27
1683176400000,1.973,25
1683180000000,1.988,16
1683183600000,1.979,12
1683187200000,1.97,20
1683190800000,1.981,31
1683194400000,1.975,31
1683198000000,1.969,48
1683201600000,1.98,53
1683205200000,1.983,37
1683208800000,1.963,46
1683212400000,1.989,65
1683216000000,1.986,35
1683219600000,1.99,35
1683223200000,1.98,42
1683226800000,1.986,37
1683230400000,1.986,49
1683234000000,2,43
1683237600000,2.024,37
1683241200000,2.038,26
1683244800000,2.027,14
1683248400000,1.876,50
1683252000000,1.815,76
1683255600000,1.807,122
1683259200000,1.794,103
1683262800000,1.79,200
1683266400000,1.76,98
1683270000000,1.805,97
1683273600000,1.79,66
1683277200000,1.79,101
1683280800000,1.802,52
1683284400000,1.785,51
1683288000000,1.825,102
1683291600000,1.829,85
1683295200000,1.818,49
1683298800000,1.848,42
1683302400000,1.873,45
1683306000000,1.828,61
1683309600000,1.896,50
1683313200000,1.91,48
1683316800000,1.917,52
1683320400000,1.933,45
1683324000000,1.944,43
1683327600000,1.962,47
1683331200000,1.96,29
1683334800000,1.91,46
1683338400000,1.97,35
1683342000000,1.886,31
1683345600000,1.824,29
1683349200000,1.946,42
1683352800000,1.9,25
1683356400000,1.88,17
1683360000000,1.877,42
1683363600000,1.84,37
1683367200000,1.858,46
1683370800000,1.82,44
1683374400000,1.867,54
1683378000000,1.877,35
1683381600000,1.845,46
1683385200000,1.856,52
1683388800000,1.823,54
1683392400000,1.845,43
1683396000000,1.845,51
1683399600000,1.856,55
1683403200000,1.86,43
1683406800000,1.877,44
1683410400000,1.888,59
1683414000000,1.924,42
1683417600000,1.954,28
1683421200000,1.955,26
1683424800000,1.966,39
1683428400000,1.95,21
1683432000000,1.92,55
1683435600000,1.881,26
1683439200000,1.932,34
1683442800000,1.921,34
1683446400000,1.931,37
1683450000000,1.922,31
1683453600000,1.91,36
1683457200000,1.84,48
1683460800000,1.107,71
1683464400000,1.944,39
1683468000000,1.943,45
1683471600000,1.889,51
1683475200000,1.889,59
1683478800000,1.937,41
1683482400000,1.937,52
1683486000000,1.878,49
1683489600000,1.946,39
1683493200000,1.944,43
1683496800000,1.933,37
1683500400000,1.896,26
1683504000000,1.922,17
1683507600000,1.93,41
1683511200000,1.93,29
1683514800000,1.933,27
1683518400000,1.93,32
1683522000000,1.788,52
1683525600000,1.93,35
1683529200000,1.932,15
1683532800000,1.942,31
1683536400000,1.943,39
1683540000000,1.944,29
1683543600000,1.938,29
1683547200000,1.944,50
1683550800000,1.944,47
1683554400000,1.944,46
1683558000000,1.867,79
1683561600000,1.955,39
1683565200000,1.948,40
1683568800000,1.955,40
1683572400000,1.968,38
1683576000000,1.977,54
1683579600000,1.986,40
1683583200000,1.986,42
1683586800000,2.011,33
1683590400000,1.998,27
1683594000000,2.01,18
1683597600000,2.01,22
1683601200000,2.01,24
1683604800000,1.863,16
1683608400000,1.99,37
1683612000000,1.876,24
1683615600000,2.006,20
1683619200000,2,18
1683622800000,1.99,38
1683626400000,1.99,28
1683630000000,1.971,36
1683633600000,1.986,34
1683637200000,1.971,40
1683640800000,1.962,42
1683644400000,1.979,46
1683648000000,1.986,34
1683651600000,1.986,46
1683655200000,1.986,36
1683658800000,1.986,41
1683662400000,1.997,44
1683666000000,1.99,47
1683669600000,2.012,29
1683673200000,2.013,20
1683676800000,2.01,26
1683680400000,2.01,24
1683684000000,2.011,18
1683687600000,2.01,14
1683691200000,2.011,24
1683694800000,1.991,27
1683698400000,2,17
1683702000000,1.991,20
1683705600000,1.988,24
1683709200000,1.787,40
1683712800000,2.014,74
1683716400000,1.997,47
1683720000000,1.975,32
1683723600000,1.985,34
1683727200000,1.996,37
1683730800000,2,46
1683734400000,1.9,53
1683738000000,2.008,50
1683741600000,2.015,46
1683745200000,2.013,37
1683748800000,2.015,39
1683752400000,2.031,35
1683756000000,2.022,49
1683759600000,2.022,22
1683763200000,2.01,17
1683766800000,2.01,17
1683770400000,2.018,15
1683774000000,1.976,79
1683777600000,2.018,24
1683781200000,1.983,28
1683784800000,1.987,17
1683788400000,1.976,32
1683792000000,1.976,104
1683795600000,1.991,18
1683799200000,1.957,25
1683802800000,2.006,317
1683806400000,2.019,32
1683810000000,2.02,55
1683813600000,2.018,29
1683817200000,2.02,39
1683820800000,1.962,39
1683824400000,2.005,39
1683828000000,2.008,40
1683831600000,2.008,32
1683835200000,2.008,27
1683838800000,1.989,31
1683842400000,2.01,29
1683846000000,2.01,25
1683849600000,2,18
1683853200000,1.977,10
1683856800000,2.01,23
1683860400000,2.01,21
1683864000000,2.01,13
1683867600000,2.014,11
1683871200000,2.01,29
1683874800000,2.004,16
1683878400000,2.015,17
1683882000000,2.015,17
1683885600000,2.013,25
1683889200000,1.987,31
1683892800000,1.964,32
1683896400000,1.982,44
1683900000000,2.002,40
1683903600000,1.997,53
1683907200000,2.006,44
1683910800000,2.01,39
1683914400000,2.016,48
1683918000000,2.018,49
1683921600000,2.018,42
1683925200000,1.987,29
1683928800000,2.006,31
1683932400000,2.006,42
1683936000000,2.001,43
1683939600000,2.01,18
1683943200000,2.015,18
1683946800000,2.023,20
1683950400000,2.014,22
1683954000000,2.02,24
1683957600000,2.01,19
1683961200000,2.01,15
1683964800000,1.986,29
1683968400000,2.018,24
1683972000000,2.011,31
1683975600000,2.033,46
1683979200000,2.024,41
1683982800000,2.024,37
1683986400000,2.035,48
1683990000000,2.039,38
1683993600000,2.039,47
1683997200000,1.958,34
1684000800000,2.034,29
1684004400000,2.036,29
1684008000000,2.037,38
1684011600000,2.035,35
1684015200000,2.04,37
1684018800000,2.059,44
1684022400000,2.077,55
1684026000000,2.089,22
1684029600000,2.1,15
1684033200000,2.098,16
1684036800000,2.094,30
1684040400000,2.1,25
1684044000000,2.1,12
1684047600000,2.088,17
1684051200000,2.088,63
1684054800000,2.045,35
1684058400000,2.088,37
1684062000000,2.088,23
1684065600000,2.088,36
1684069200000,2.01,38
1684072800000,2.081,36
1684076400000,2.079,32
1684080000000,2.064,29
1684083600000,2.066,44
1684087200000,2.071,26
1684090800000,2.075,30
1684094400000,2.077,26
1684098000000,2.063,63
1684101600000,2.058,24
1684105200000,2.063,21
1684108800000,2.062,12
1684112400000,2.063,16
1684116000000,1.999,18
1684119600000,2.005,20
1684123200000,2.04,23
1684126800000,2.062,12
1684130400000,2.062,11
1684134000000,2.04,21
1684137600000,2.056,18
1684141200000,2.058,28
1684144800000,2.055,25
1684148400000,2.055,29
1684152000000,2.036,38
1684155600000,2.054,41
1684159200000,2.054,25
1684162800000,2.056,31
1684166400000,2.056,41
1684170000000,2.056,36
1684173600000,2.056,41
1684177200000,2.056,29
1684180800000,2.061,35
1684184400000,2.055,33
1684188000000,2.04,33
1684191600000,2.055,17
1684195200000,2.044,10
1684198800000,2.04,19
1684202400000,2.052,15
1684206000000,2.04,15
1684209600000,1.91,9
1684213200000,1.983,12
1684216800000,2.015,14
1684220400000,2.045,15
1684224000000,1.898,30
1684227600000,2.042,33
1684231200000,2.043,24
1684234800000,2.04,30
1684238400000,2.022,21
1684242000000,2.044,23
1684245600000,2.044,26
1684249200000,2.019,30
1684252800000,2.04,36
1684256400000,2.044,28
1684260000000,1.995,32
1684263600000,2.052,34
1684267200000,2.054,30
1684270800000,2.055,52
1684274400000,2.041,24
1684278000000,2.044,11
1684281600000,2.04,17
1684285200000,2.03,5
1684288800000,2.011,16
1684292400000,2.04,16
1684296000000,2.036,16
1684299600000,2.02,10
1684303200000,2.038,19
1684306800000,2.03,13
1684310400000,2.028,18
1684314000000,2.033,15
1684317600000,2.008,29
1684321200000,1.997,25
1684324800000,2.001,55
1684328400000,2,24
1684332000000,1.986,34
1684335600000,2,33
1684339200000,2.02,20
1684342800000,2.011,35
1684346400000,2.026,49
1684350000000,2.03,60
1684353600000,2.02,55
1684357200000,2.02,39
1684360800000,2.014,23
1684364400000,2.001,28
1684368000000,2.001,26
1684371600000,2,13
1684375200000,2,18
1684378800000,1.99,10
1684382400000,1.99,11
1684386000000,1.971,21
1684389600000,1.99,19
1684393200000,1.989,15
1684396800000,1.994,24
1684400400000,1.994,31
1684404000000,1.99,33
1684407600000,1.993,31
1684411200000,1.991,28
1684414800000,1.99,43
1684418400000,1.99,38
1684422000000,1.991,37
1684425600000,1.989,45
1684429200000,1.994,62
1684432800000,1.992,41
1684436400000,1.046,70
1684440000000,1.991,35
1684443600000,1.989,26
1684447200000,1.989,33
1684450800000,1.989,29
1684454400000,1.989,26
1684458000000,1.99,33
1684461600000,1.99,15
1684465200000,1.988,29
1684468800000,1.983,22
1684472400000,1.981,17
1684476000000,1.987,17
1684479600000,1.989,18
1684483200000,1.99,19
1684486800000,1.986,26
1684490400000,1.988,38
1684494000000,1.987,27
1684497600000,1.99,40
1684501200000,1.994,32
1684504800000,2.001,41
1684508400000,2.005,41
1684512000000,1.984,29
1684515600000,2.001,48
1684519200000,2.005,46
1684522800000,2.014,28
1684526400000,1.995,38
1684530000000,2.001,39
1684533600000,1.992,22
1684537200000,1.961,21
1684540800000,2,28
1684544400000,1.999,27
1684548000000,1.999,18
1684551600000,1.995,25
1684555200000,2.003,23
1684558800000,2.008,20
1684562400000,2.01,21
1684566000000,2.01,19
1684569600000,2.014,17
1684573200000,2.018,142
1684576800000,2.012,61
1684580400000,2.001,19
1684584000000,2.014,29
1684587600000,2.01,25
1684591200000,2.016,41
1684594800000,1.082,84
1684598400000,2.013,36
1684602000000,2.011,51
1684605600000,1.99,70
1684609200000,2.017,57
1684612800000,2.013,33
1684616400000,2.018,29
1684620000000,2.018,25
1684623600000,2.018,31
1684627200000,2.028,30
1684630800000,2.039,24
1684634400000,2.044,21
1684638000000,2.04,16
1684641600000,2.04,19
1684645200000,2.03,24
1684648800000,2.047,28
1684652400000,2.045,21
1684656000000,2,29
1684659600000,1.968,26
1684663200000,1.99,35
1684666800000,2.01,39
1684670400000,2.038,27
1684674000000,1.984,26
1684677600000,2.028,26
1684681200000,2.031,29
1684684800000,2.02,29
1684688400000,2.02,26
1684692000000,2.02,44
1684695600000,2.035,39
1684699200000,2.028,37
1684702800000,2.02,34
1684706400000,2.032,20
1684710000000,2.02,21
1684713600000,2.024,18
1684717200000,2.02,12
1684720800000,2.009,13
1684724400000,2.02,14
1684728000000,2,8
1684731600000,2,11
1684735200000,1.997,23
1684738800000,2.007,16
1684742400000,2.007,16
1684746000000,2.01,9
1684749600000,2.02,25
1684753200000,2.022,33
1684756800000,2.002,31
1684760400000,2.02,37
1684764000000,2.028,39
1684767600000,2.01,26
1684771200000,2.02,77
1684774800000,2.028,31
1684778400000,2.018,29
1684782000000,2.007,51
1684785600000,2.023,29
1684789200000,2.02,25
1684792800000,2.027,20
1684796400000,2.028,18
1684800000000,2.02,21
1684803600000,2.02,9
1684807200000,2.02,20
1684810800000,2,17
1684814400000,2,13
1684818000000,1.995,12
1684821600000,2,24
1684825200000,2,14
1684828800000,2.011,10
1684832400000,1.995,19
1684836000000,2,45
1684839600000,2,35
1684843200000,2.011,20
1684846800000,2.007,42
1684850400000,2.009,36
1684854000000,2.007,46
1684857600000,2.01,33
1684861200000,2.009,73
1684864800000,2.01,40
1684868400000,2.021,39
1684872000000,2.021,40
1684875600000,2.032,32
1684879200000,2.042,30
1684882800000,2.041,21
1684886400000,2.041,13
1684890000000,2.031,28
1684893600000,2.03,13
1684897200000,2.04,18
1684900800000,2.033,12
1684904400000,2.043,23
1684908000000,2.037,5
1684911600000,2.01,5
1684915200000,2.026,20
1684918800000,2,26
1684922400000,2.027,26
1684926000000,2.024,32
1684929600000,2.031,32
1684933200000,2.013,33
1684936800000,2.032,36
1684940400000,2.01,45
1684944000000,2.041,40
1684947600000,2.041,33
1684951200000,2.04,41
1684954800000,2.02,50
1684958400000,2,76
1684962000000,2.036,29
1684965600000,1.984,14
1684969200000,2.033,22
1684972800000,2.033,16
1684976400000,2.037,13
1684980000000,2.03,20
1684983600000,2.03,7
1684987200000,2.02,12
1684990800000,2.03,17
1684994400000,2.029,22
1684998000000,2.013,18
1685001600000,2.02,27
1685005200000,2.02,43
