timestamp,price_dollar,sells
1385600400000,5.007,70
1385686800000,2.957,115
1385773200000,2.008,181
1385859600000,2.176,164
1385946000000,1.635,149
1386032400000,1.446,166
1386118800000,1.475,128
1386205200000,1.223,144
1386291600000,1.174,161
1386378000000,1.089,177
1386464400000,1.171,189
1386550800000,1.048,147
1386637200000,0.989,153
1386723600000,0.947,191
1386810000000,0.893,161
1386896400000,0.887,163
1386982800000,0.859,197
1387069200000,0.824,207
1387155600000,0.77,185
1387242000000,0.74,153
1387328400000,0.792,151
1387414800000,0.585,197
1387501200000,0.405,244
1387587600000,0.387,284
1387674000000,0.34,289
1387760400000,0.311,270
1387846800000,0.333,274
1387933200000,0.351,178
1388019600000,0.352,251
1388106000000,0.328,278
1388192400000,0.336,259
1388278800000,0.319,293
1388365200000,0.307,282
1388451600000,0.293,213
1388538000000,0.276,235
1388624400000,0.252,268
1388710800000,0.224,218
1388797200000,0.255,388
1388883600000,0.237,331
1388970000000,0.253,294
1389056400000,0.252,249
1389142800000,0.217,241
1389229200000,0.228,278
1389315600000,0.209,279
1389402000000,0.202,290
1389488400000,0.171,291
1389574800000,0.162,290
1389661200000,0.162,269
1389747600000,0.188,252
1389834000000,0.186,249
1389920400000,0.176,225
1390006800000,0.161,368
1390093200000,0.16,366
1390179600000,0.16,317
1390266000000,0.171,335
1390352400000,0.165,300
1390438800000,0.158,257
1390525200000,0.154,331
1390611600000,0.144,340
1390698000000,0.146,385
1390784400000,0.142,327
1390870800000,0.138,334
1390957200000,0.137,332
1391043600000,0.138,320
1391130000000,0.134,323
1391216400000,0.135,405
1391302800000,0.136,400
1391389200000,0.131,379
1391475600000,0.127,315
1391562000000,0.124,326
1391648400000,0.119,335
1391734800000,0.131,361
1391821200000,0.119,454
1391907600000,0.128,456
1391994000000,0.123,313
1392080400000,0.115,361
1392166800000,0.113,351
1392253200000,0.1,410
1392339600000,0.098,445
1392426000000,0.09,502
1392512400000,0.092,551
1392598800000,0.1,517
1392685200000,0.093,357
1392771600000,0.094,408
1392858000000,0.09,354
1392944400000,0.074,457
1393030800000,0.065,579
1393117200000,0.08,610
1393203600000,0.077,376
1393290000000,0.087,403
1393376400000,0.085,444
1393462800000,0.094,425
1393549200000,0.095,453
1393635600000,0.098,629
1393722000000,0.09,575
1393808400000,0.089,510
1393894800000,0.082,348
1393981200000,0.085,393
1394067600000,0.095,404
1394154000000,0.078,420
1394240400000,0.082,576
1394326800000,0.08,583
1394413200000,0.083,576
1394499600000,0.094,467
1394586000000,0.094,337
1394672400000,0.095,289
1394758800000,0.099,393
1394845200000,0.08,578
1394931600000,0.065,733
1395018000000,0.072,553
1395104400000,0.085,469
1395190800000,0.083,437
1395277200000,0.08,474
1395363600000,0.087,470
1395450000000,0.088,578
1395536400000,0.096,559
1395622800000,0.083,444
1395709200000,0.087,434
1395795600000,0.093,452
1395882000000,0.087,473
1395968400000,0.082,489
1396054800000,0.085,677
1396141200000,0.092,650
1396227600000,0.081,457
1396314000000,0.097,288
1396400400000,0.081,483
1396486800000,0.077,551
1396573200000,0.083,517
1396659600000,0.087,568
1396746000000,0.084,535
1396832400000,0.088,486
1396918800000,0.077,485
1397005200000,0.088,479
1397091600000,0.088,420
1397178000000,0.086,636
1397264400000,0.088,560
1397350800000,0.084,581
1397437200000,0.081,580
1397523600000,0.08,623
1397610000000,0.08,555
1397696400000,0.085,687
1397782800000,0.084,621
1397869200000,0.091,781
1397955600000,0.089,734
1398042000000,0.087,616
1398128400000,0.086,558
1398214800000,0.087,636
1398301200000,0.08,567
1398387600000,0.082,597
1398474000000,0.086,665
1398560400000,0.084,778
1398646800000,0.074,639
1398733200000,0.074,614
1398819600000,0.076,630
1398906000000,0.081,654
1398992400000,0.074,466
1399078800000,0.071,688
1399165200000,0.062,842
1399251600000,0.066,874
1399338000000,0.069,827
1399424400000,0.074,773
1399510800000,0.076,924
1399597200000,0.072,833
1399683600000,0.067,899
1399770000000,0.062,998
1399856400000,0.063,792
1399942800000,0.066,692
1400029200000,0.062,761
1400115600000,0.097,1376
1400202000000,0.098,999
1400288400000,0.09,966
1400374800000,0.088,944
1400461200000,0.088,755
1400547600000,0.098,1000
1400634000000,0.097,687
1400720400000,0.089,755
1400806800000,0.089,968
1400893200000,0.088,970
1400979600000,0.087,925
1401066000000,0.082,815
1401152400000,0.086,938
1401238800000,0.088,862
1401325200000,0.078,850
1401411600000,0.086,780
1401498000000,0.083,797
1401584400000,0.081,928
1401670800000,0.08,979
1401757200000,0.087,856
1401843600000,0.075,821
1401930000000,0.078,786
1402016400000,0.078,867
1402102800000,0.084,1007
1402189200000,0.082,1019
1402275600000,0.085,890
1402362000000,0.084,956
1402448400000,0.081,787
1402534800000,0.076,780
1402621200000,0.08,768
1402707600000,0.085,930
1402794000000,0.079,1034
1402880400000,0.08,926
1402966800000,0.077,964
1403053200000,0.08,808
1403139600000,0.07,898
1403226000000,0.063,1070
1403312400000,0.059,1021
1403398800000,0.065,1039
1403485200000,0.057,936
1403571600000,0.057,1062
1403658000000,0.06,936
1403744400000,0.058,918
1403830800000,0.066,1020
1403917200000,0.065,1013
1404003600000,0.065,1073
1404090000000,0.064,1079
1404176400000,0.076,1120
1404262800000,0.061,1071
1404349200000,0.063,1195
1404435600000,0.075,944
1404522000000,0.077,923
1404608400000,0.081,902
1404694800000,0.082,1008
1404781200000,0.084,855
1404867600000,0.086,854
1404954000000,0.084,1069
1405040400000,0.089,1144
1405126800000,0.097,1171
1405213200000,0.097,1050
1405299600000,0.096,1146
1405386000000,0.099,1051
1405472400000,0.099,1153
1405558800000,0.097,1018
1405645200000,0.09,971
1405731600000,0.092,1087
1405818000000,0.088,1060
1405904400000,0.09,1068
1405990800000,0.09,964
1406077200000,0.095,1008
1406163600000,0.094,905
1406250000000,0.095,1098
1406336400000,0.096,1047
1406422800000,0.096,1072
1406509200000,0.096,1035
1406595600000,0.102,1096
1406682000000,0.102,1028
1406768400000,0.1,1194
1406854800000,0.103,1121
1406941200000,0.103,1162
1407027600000,0.102,1272
1407114000000,0.102,1125
1407200400000,0.09,1353
1407286800000,0.088,1181
1407373200000,0.095,1160
1407459600000,0.096,1086
1407546000000,0.099,1154
1407632400000,0.101,1216
1407718800000,0.1,1072
1407805200000,0.101,1088
1407891600000,0.102,1167
1407978000000,0.099,1331
1408064400000,0.095,1242
1408150800000,0.097,1471
1408237200000,0.074,1770
1408323600000,0.078,1273
1408410000000,0.091,1321
1408496400000,0.095,1349
1408582800000,0.096,1261
1408669200000,0.103,1363
1408755600000,0.104,1422
1408842000000,0.104,1320
1408928400000,0.104,1289
1409014800000,0.103,1289
1409101200000,0.102,1208
1409187600000,0.102,1313
1409274000000,0.103,1387
1409360400000,0.106,1528
1409446800000,0.107,1336
1409533200000,0.107,1222
1409619600000,0.107,1116
1409706000000,0.16,2978
1409792400000,0.185,1253
1409878800000,0.148,1377
1409965200000,0.145,1575
1410051600000,0.136,1474
1410138000000,0.136,1092
1410224400000,0.128,1055
1410310800000,0.126,1110
1410397200000,0.115,1221
1410483600000,0.105,1370
1410570000000,0.107,1604
1410656400000,0.108,1475
1410742800000,0.11,1188
1410829200000,0.113,1238
1410915600000,0.113,1151
1411002000000,0.109,1115
1411088400000,0.107,1312
1411174800000,0.106,1603
1411261200000,0.108,1398
1411347600000,0.106,1128
1411434000000,0.101,1039
1411520400000,0.104,1046
1411606800000,0.108,1024
1411693200000,0.109,1320
1411779600000,0.108,1426
1411866000000,0.11,1340
1411952400000,0.103,1129
1412038800000,0.102,1082
1412125200000,0.108,1193
1412211600000,0.109,1118
1412298000000,0.109,1409
1412384400000,0.111,1566
1412470800000,0.111,1535
1412557200000,0.112,1126
1412643600000,0.109,1080
1412730000000,0.11,1178
1412816400000,0.111,1177
1412902800000,0.107,1380
1412989200000,0.105,1700
1413075600000,0.107,1736
1413162000000,0.108,1253
1413248400000,0.11,1286
1413334800000,0.109,1283
1413421200000,0.109,1199
1413507600000,0.099,1365
1413594000000,0.102,1729
1413680400000,0.1,1621
1413766800000,0.101,1186
1413853200000,0.103,1104
1413939600000,0.105,1312
1414026000000,0.1,1141
1414112400000,0.094,1337
1414198800000,0.098,1618
1414285200000,0.089,1791
1414371600000,0.086,1288
1414458000000,0.087,1396
1414544400000,0.091,1340
1414630800000,0.104,1287
1414717200000,0.087,1592
1414803600000,0.09,2119
1414890000000,0.093,1873
1414976400000,0.097,1450
1415062800000,0.1,1289
1415149200000,0.099,1210
1415235600000,0.097,1420
1415322000000,0.102,1486
1415408400000,0.1,1690
1415494800000,0.091,1573
1415581200000,0.089,1301
1415667600000,0.087,1313
1415754000000,0.065,1663
1415840400000,0.059,1570
1415926800000,0.065,1520
1416013200000,0.07,1972
1416099600000,0.073,1795
1416186000000,0.078,1369
1416272400000,0.08,1263
1416358800000,0.08,1281
1416445200000,0.082,1225
1416531600000,0.074,1250
1416618000000,0.072,1685
1416704400000,0.069,1603
1416790800000,0.067,1314
1416877200000,0.072,1187
1416963600000,0.074,1260
1417050000000,0.068,1714
1417136400000,0.069,1662
1417222800000,0.095,388
1417309200000,0.072,2830
1417395600000,0.071,1822
1417482000000,0.076,1633
1417568400000,0.084,1673
1417654800000,0.091,1506
1417741200000,0.092,1672
1417827600000,0.099,2153
1417914000000,0.097,2052
1418000400000,0.094,1668
1418086800000,0.095,1477
1418173200000,0.093,1654
1418259600000,0.094,1881
1418346000000,0.088,1931
1418432400000,0.091,2310
1418518800000,0.089,2247
1418605200000,0.084,1936
1418691600000,0.08,1933
1418778000000,0.088,1825
1418864400000,0.091,1656
1418950800000,0.086,1894
1419037200000,0.083,2217
1419123600000,0.084,2159
1419210000000,0.087,2044
1419296400000,0.09,1712
1419382800000,0.084,1909
1419469200000,0.087,2014
1419555600000,0.09,2174
1419642000000,0.094,2544
1419728400000,0.096,2488
1419814800000,0.097,2561
1419901200000,0.098,2629
1419987600000,0.099,2394
1420074000000,0.1,2062
1420160400000,0.098,2854
1420246800000,0.102,2887
1420333200000,0.102,2832
1420419600000,0.106,2701
1420506000000,0.105,2569
1420592400000,0.105,2259
1420678800000,0.1,2554
1420765200000,0.096,2912
1420851600000,0.097,3348
1420938000000,0.099,3603
1421024400000,0.1,2995
1421110800000,0.103,3027
1421197200000,0.102,3076
1421283600000,0.105,3066
1421370000000,0.099,3167
1421456400000,0.1,3594
1421542800000,0.1,3725
1421629200000,0.099,3209
1421715600000,0.102,2983
1421802000000,0.1,2750
1421888400000,0.097,2778
1421974800000,0.103,3344
1422061200000,0.105,3498
1422147600000,0.097,4056
1422234000000,0.098,3337
1422320400000,0.097,3087
1422406800000,0.1,3051
1422493200000,0.096,3203
1422579600000,0.096,3734
1422666000000,0.097,4239
1422752400000,0.094,4392
1422838800000,0.094,3264
1422925200000,0.098,3173
1423011600000,0.101,3025
1423098000000,0.096,2865
1423184400000,0.095,3410
1423270800000,0.098,4022
1423357200000,0.096,4021
1423443600000,0.098,3201
1423530000000,0.098,2857
1423616400000,0.095,3152
1423702800000,0.094,3014
1423789200000,0.097,3373
1423875600000,0.1,4317
1423962000000,0.096,4029
1424048400000,0.098,3509
1424134800000,0.097,3214
1424221200000,0.1,3147
1424307600000,0.097,3109
1424394000000,0.096,3334
1424480400000,0.099,3789
1424566800000,0.097,3428
1424653200000,0.098,3222
1424739600000,0.098,3080
1424826000000,0.098,3245
1424912400000,0.101,2847
1424998800000,0.097,3514
1425085200000,0.096,3889
1425171600000,0.097,4025
1425258000000,0.095,2909
1425344400000,0.095,2961
1425430800000,0.094,2987
1425517200000,0.094,3040
1425603600000,0.097,3493
1425690000000,0.096,4387
1425776400000,0.094,3916
1425862800000,0.088,3340
1425949200000,0.088,2819
1426035600000,0.09,2734
1426122000000,0.091,2829
1426208400000,0.087,3602
1426294800000,0.085,4902
1426381200000,0.076,4790
1426467600000,0.072,3821
1426554000000,0.086,3340
1426640400000,0.093,3103
1426726800000,0.094,3139
1426813200000,0.092,3535
1426899600000,0.094,4508
1426986000000,0.095,4371
1427072400000,0.092,3841
1427158800000,0.095,3439
1427245200000,0.096,3498
1427331600000,0.093,3609
1427418000000,0.096,4029
1427504400000,0.094,4646
1427590800000,0.094,4564
1427677200000,0.094,3724
1427763600000,0.094,3441
1427850000000,0.094,4904
1427936400000,0.099,4511
1428022800000,0.102,4564
1428109200000,0.095,5254
1428195600000,0.097,4934
1428282000000,0.102,4521
1428368400000,0.104,4184
1428454800000,0.106,3847
1428541200000,0.106,3760
1428627600000,0.106,3277
1428714000000,0.105,4739
1428800400000,0.104,4362
1428886800000,0.103,3644
1428973200000,0.097,3120
1429059600000,0.098,3069
1429146000000,0.083,3826
1429232400000,0.075,4557
1429318800000,0.076,5502
1429405200000,0.073,5019
1429491600000,0.072,4645
1429578000000,0.072,4274
1429664400000,0.073,4100
1429750800000,0.074,4380
1429837200000,0.073,4900
1429923600000,0.074,6040
1430010000000,0.07,5346
1430096400000,0.073,4489
1430182800000,0.072,4043
1430269200000,0.076,4197
1430355600000,0.075,4505
1430442000000,0.079,4239
1430528400000,0.076,5345
1430614800000,0.078,5207
1430701200000,0.075,4342
1430787600000,0.08,4359
1430874000000,0.082,4221
1430960400000,0.081,3494
1431046800000,0.075,4398
1431133200000,0.077,5166
1431219600000,0.077,4970
1431306000000,0.076,4533
1431392400000,0.073,3485
1431478800000,0.077,4012
1431565200000,0.079,3824
1431651600000,0.077,3663
1431738000000,0.077,5390
1431824400000,0.074,4665
1431910800000,0.077,3768
1431997200000,0.078,3935
1432083600000,0.076,3429
1432170000000,0.075,3893
1432256400000,0.075,3845
1432342800000,0.074,4654
1432429200000,0.075,4342
1432515600000,0.076,3891
1432602000000,0.071,3574
1432688400000,0.056,4419
1432774800000,0.059,4844
1432861200000,0.066,5153
1432947600000,0.072,5177
1433034000000,0.075,4975
1433120400000,0.077,4686
1433206800000,0.077,3845
1433293200000,0.077,4461
1433379600000,0.074,4136
1433466000000,0.07,4151
1433552400000,0.067,3777
1433638800000,0.067,4103
1433725200000,0.067,3549
1433811600000,0.069,3152
1433898000000,0.067,4081
1433984400000,0.065,3593
1434070800000,0.058,4174
1434157200000,0.059,4489
1434243600000,0.051,4412
1434330000000,0.051,3900
1434416400000,0.052,3741
1434502800000,0.051,4220
1434589200000,0.054,3449
1434675600000,0.052,3600
1434762000000,0.053,3649
1434848400000,0.053,3961
1434934800000,0.053,3586
1435021200000,0.057,3078
1435107600000,0.059,3880
1435194000000,0.06,3610
1435280400000,0.061,3537
1435366800000,0.063,3655
1435453200000,0.065,3334
1435539600000,0.066,3433
1435626000000,0.065,3426
1435712400000,0.065,3539
1435798800000,0.065,3513
1435885200000,0.064,2888
1435971600000,0.058,2138
1436058000000,0.056,2492
1436144400000,0.056,2489
1436230800000,0.057,2671
1436317200000,0.058,2970
1436403600000,0.057,3551
1436490000000,0.06,2919
1436576400000,0.061,3179
1436662800000,0.061,3513
1436749200000,0.059,2955
1436835600000,0.061,3195
1436922000000,0.058,3718
1437008400000,0.059,3402
1437094800000,0.06,3259
1437181200000,0.061,3169
1437267600000,0.061,3013
1437354000000,0.063,3500
1437440400000,0.065,3129
1437526800000,0.064,3400
1437613200000,0.062,3593
1437699600000,0.064,3415
1437786000000,0.066,3268
1437872400000,0.065,2700
1437958800000,0.069,2775
1438045200000,0.069,3564
1438131600000,0.068,3776
1438218000000,0.066,2909
1438304400000,0.063,2932
1438390800000,0.064,3354
1438477200000,0.062,2803
1438563600000,0.065,3079
1438650000000,0.068,3442
1438736400000,0.065,3442
1438822800000,0.065,3206
1438909200000,0.067,3033
1438995600000,0.066,3407
1439082000000,0.067,3234
1439168400000,0.07,3561
1439254800000,0.069,2718
1439341200000,0.067,2952
1439427600000,0.067,2731
1439514000000,0.07,4190
1439600400000,0.06,3085
1439686800000,0.053,2391
1439773200000,0.052,2454
1439859600000,0.051,2394
1439946000000,0.048,2403
1440032400000,0.046,3031
1440118800000,0.044,3443
1440205200000,0.045,2921
1440291600000,0.04,3661
1440378000000,0.036,3314
1440464400000,0.052,3681
1440550800000,0.053,3666
1440637200000,0.053,3060
1440723600000,0.056,3595
1440810000000,0.058,2623
1440896400000,0.06,3478
1440982800000,0.063,3809
1441069200000,0.065,3386
1441155600000,0.066,3796
1441242000000,0.064,2872
1441328400000,0.067,3678
1441414800000,0.066,4257
1441501200000,0.066,3984
1441587600000,0.067,2982
1441674000000,0.067,3073
1441760400000,0.072,2990
1441846800000,0.068,3160
1441933200000,0.062,2781
1442019600000,0.064,3232
1442106000000,0.067,3720
1442192400000,0.07,3283
1442278800000,0.072,3466
1442365200000,0.07,3750
1442451600000,0.069,3142
1442538000000,0.067,3935
1442624400000,0.063,4206
1442710800000,0.064,4144
1442797200000,0.065,4015
1442883600000,0.068,3160
1442970000000,0.068,4007
1443056400000,0.067,3487
1443142800000,0.068,4175
1443229200000,0.066,4144
1443315600000,0.066,3646
1443402000000,0.067,3065
1443488400000,0.067,2946
1443574800000,0.064,3183
1443661200000,0.064,3084
1443747600000,0.064,3142
1443834000000,0.067,4334
1443920400000,0.067,5288
1444006800000,0.065,3222
1444093200000,0.07,2528
1444179600000,0.064,2911
1444266000000,0.064,3043
1444352400000,0.066,3875
1444438800000,0.069,3956
1444525200000,0.07,4009
1444611600000,0.069,2810
1444698000000,0.07,2753
1444784400000,0.062,3166
1444870800000,0.058,2985
1444957200000,0.058,2790
1445043600000,0.059,3707
1445130000000,0.058,3664
1445216400000,0.059,2900
1445302800000,0.062,3013
1445389200000,0.055,3311
1445475600000,0.05,2441
1445562000000,0.051,3850
1445648400000,0.054,3755
1445734800000,0.054,3647
1445821200000,0.052,2653
1445907600000,0.051,2342
1445994000000,0.048,3088
1446080400000,0.047,2835
1446166800000,0.044,3562
1446253200000,0.044,3522
1446339600000,0.039,4731
1446426000000,0.043,3450
1446512400000,0.046,2754
1446598800000,0.047,3454
1446685200000,0.048,3127
1446771600000,0.049,3759
1446858000000,0.053,4162
1446944400000,0.054,3755
1447030800000,0.058,3091
1447117200000,0.057,2717
1447203600000,0.058,2849
1447290000000,0.054,2704
1447376400000,0.053,3010
1447462800000,0.053,3745
1447549200000,0.053,3680
1447635600000,0.054,2772
1447722000000,0.054,2908
1447808400000,0.054,3731
1447894800000,0.055,3079
1447981200000,0.053,3246
1448067600000,0.054,3637
1448154000000,0.053,3174
1448240400000,0.047,1943
1448326800000,0.05,2776
1448413200000,0.05,3117
1448499600000,0.041,3278
1448586000000,0.04,3799
1448672400000,0.041,4487
1448758800000,0.042,4566
1448845200000,0.043,3188
1448931600000,0.045,2744
1449018000000,0.046,2626
1449104400000,0.051,2983
1449190800000,0.05,3119
1449277200000,0.051,3617
1449363600000,0.051,3790
1449450000000,0.052,3196
1449536400000,0.054,2954
1449622800000,0.048,3538
1449709200000,0.047,3215
1449795600000,0.049,3306
1449882000000,0.053,4416
1449968400000,0.056,4006
1450054800000,0.057,2957
1450141200000,0.059,2856
1450227600000,0.057,3032
1450314000000,0.052,2918
1450400400000,0.051,3418
1450486800000,0.051,4070
1450573200000,0.05,3649
1450659600000,0.052,3004
1450746000000,0.05,3401
1450832400000,0.038,4346
1450918800000,0.033,3163
1451005200000,0.039,3201
1451091600000,0.039,3370
1451178000000,0.041,4035
1451264400000,0.044,4264
1451350800000,0.045,4166
1451437200000,0.043,4072
1451523600000,0.042,3684
1451610000000,0.043,4258
1451696400000,0.041,4014
1451782800000,0.04,4107
1451869200000,0.041,3448
1451955600000,0.046,2805
1452042000000,0.046,4014
1452128400000,0.046,3330
1452214800000,0.048,3593
1452301200000,0.048,4384
1452387600000,0.049,3758
1452474000000,0.049,3181
1452560400000,0.049,2983
1452646800000,0.052,2707
1452733200000,0.049,2552
1452819600000,0.046,3104
1452906000000,0.047,3623
1452992400000,0.047,3291
1453078800000,0.048,2592
1453165200000,0.049,2650
1453251600000,0.047,2783
1453338000000,0.046,2690
1453424400000,0.048,3235
1453510800000,0.049,3844
1453597200000,0.048,3307
1453683600000,0.05,3560
1453770000000,0.051,3240
1453856400000,0.049,4618
1453942800000,0.048,3695
1454029200000,0.049,5830
1454115600000,0.047,4947
1454202000000,0.046,4521
1454288400000,0.047,3997
1454374800000,0.045,3116
1454461200000,0.043,4246
1454547600000,0.045,4195
1454634000000,0.046,3634
1454720400000,0.043,3987
1454806800000,0.044,3552
1454893200000,0.045,3896
1454979600000,0.046,2981
1455066000000,0.045,3793
1455152400000,0.043,3610
1455238800000,0.042,3278
1455325200000,0.043,3713
1455411600000,0.043,4182
1455498000000,0.043,3024
1455584400000,0.046,2685
1455670800000,0.046,3909
1455757200000,0.039,3726
1455843600000,0.035,4077
1455930000000,0.035,4643
1456016400000,0.037,4549
1456102800000,0.037,3734
1456189200000,0.041,4924
1456275600000,0.042,4615
1456362000000,0.047,6129
1456448400000,0.047,4928
1456534800000,0.047,5412
1456621200000,0.051,3729
1456707600000,0.05,4111
1456794000000,0.05,4915
1456880400000,0.049,4146
1456966800000,0.051,4044
1457053200000,0.049,3662
1457139600000,0.05,4615
1457226000000,0.047,4307
1457312400000,0.047,3937
1457398800000,0.05,4290
1457485200000,0.049,3382
1457571600000,0.055,1862
1457658000000,0.061,2258
1457744400000,0.058,2820
1457830800000,0.062,2797
1457917200000,0.065,2061
1458003600000,0.061,2076
1458090000000,0.063,2023
1458176400000,0.065,2073
1458262800000,0.065,2351
1458349200000,0.065,2344
1458435600000,0.066,2037
1458522000000,0.064,1495
1458608400000,0.065,1334
1458694800000,0.068,1896
1458781200000,0.064,1720
1458867600000,0.061,2279
1458954000000,0.057,2153
1459040400000,0.059,2065
1459126800000,0.063,2267
1459213200000,0.064,1654
1459299600000,0.061,2100
1459386000000,0.057,2287
1459472400000,0.061,2147
1459558800000,0.064,2977
1459645200000,0.056,2924
1459731600000,0.061,2404
1459818000000,0.064,1742
1459904400000,0.068,2030
1459990800000,0.074,2123
1460077200000,0.072,1881
1460163600000,0.069,2369
1460250000000,0.068,2602
1460336400000,0.069,1674
1460422800000,0.069,1991
1460509200000,0.067,1860
1460595600000,0.067,2280
1460682000000,0.065,2114
1460768400000,0.067,2065
1460854800000,0.068,2527
1460941200000,0.069,1634
1461027600000,0.065,2035
1461114000000,0.066,2175
1461200400000,0.066,1923
1461286800000,0.07,2553
1461373200000,0.072,1970
1461459600000,0.071,2253
1461546000000,0.067,1725
1461632400000,0.066,1778
1461718800000,0.069,2020
1461805200000,0.069,1847
1461891600000,0.071,2602
1461978000000,0.073,2575
1462064400000,0.069,2589
1462150800000,0.065,2451
1462237200000,0.067,2168
1462323600000,0.066,2383
1462410000000,0.07,2314
1462496400000,0.067,2271
1462582800000,0.067,2429
1462669200000,0.066,2395
1462755600000,0.067,1876
1462842000000,0.067,1878
1462928400000,0.071,2053
1463014800000,0.067,2242
1463101200000,0.064,1979
1463187600000,0.062,2232
1463274000000,0.065,2658
1463360400000,0.064,1905
1463446800000,0.059,1666
1463533200000,0.055,1847
1463619600000,0.053,2524
1463706000000,0.055,1957
1463792400000,0.053,1982
1463878800000,0.06,2175
1463965200000,0.063,2007
1464051600000,0.064,1683
1464138000000,0.054,2083
1464224400000,0.052,2042
1464310800000,0.048,1955
1464397200000,0.048,2168
1464483600000,0.05,2155
1464570000000,0.05,1959
1464656400000,0.05,1748
1464742800000,0.047,1934
1464829200000,0.049,2344
1464915600000,0.05,2424
1465002000000,0.049,2101
1465088400000,0.048,2330
1465174800000,0.054,2366
1465261200000,0.056,1929
1465347600000,0.056,2386
1465434000000,0.05,2001
1465520400000,0.049,2347
1465606800000,0.047,1683
1465693200000,0.05,1676
1465779600000,0.053,1929
1465866000000,0.055,1663
1465952400000,0.053,1792
1466038800000,0.05,2043
1466125200000,0.048,2333
1466211600000,0.047,2230
1466298000000,0.048,2195
1466384400000,0.051,1858
1466470800000,0.053,1918
1466557200000,0.057,2937
1466643600000,0.046,2134
1466730000000,0.035,2471
1466816400000,0.034,2069
1466902800000,0.033,2883
1466989200000,0.036,2043
1467075600000,0.038,1997
1467162000000,0.036,1917
1467248400000,0.036,2000
1467334800000,0.038,1991
1467421200000,0.038,1814
1467507600000,0.038,2221
1467594000000,0.041,2533
1467680400000,0.042,1756
1467766800000,0.043,2077
1467853200000,0.045,2420
1467939600000,0.048,2153
1468026000000,0.048,2586
1468112400000,0.048,2776
1468198800000,0.042,1971
1468285200000,0.053,2279
1468371600000,0.055,2006
1468458000000,0.052,2177
1468544400000,0.053,2042
1468630800000,0.055,2294
1468717200000,0.058,2500
1468803600000,0.06,2392
1468890000000,0.059,2340
1468976400000,0.058,2322
1469062800000,0.054,2059
1469149200000,0.055,2103
1469235600000,0.058,2118
1469322000000,0.062,1863
1469408400000,0.062,2010
1469494800000,0.063,2282
1469581200000,0.063,2487
1469667600000,0.064,2478
1469754000000,0.063,2371
1469840400000,0.062,2200
1469926800000,0.063,2182
1470013200000,0.062,2268
1470099600000,0.063,2649
1470186000000,0.064,2850
1470272400000,0.062,2686
1470358800000,0.062,2150
1470445200000,0.059,2165
1470531600000,0.061,1967
1470618000000,0.06,1959
1470704400000,0.061,2180
1470790800000,0.056,2123
1470877200000,0.05,1972
1470963600000,0.05,2263
1471050000000,0.051,1837
1471136400000,0.05,1994
1471222800000,0.051,2073
1471309200000,0.05,2098
1471395600000,0.05,2630
1471482000000,0.049,2233
1471568400000,0.048,2196
1471654800000,0.049,2532
1471741200000,0.045,2143
1471827600000,0.043,2750
1471914000000,0.045,3428
1472000400000,0.047,2807
1472086800000,0.05,2780
1472173200000,0.051,2233
1472259600000,0.051,2986
1472346000000,0.049,2363
1472432400000,0.047,2719
1472518800000,0.048,2392
1472605200000,0.048,2783
1472691600000,0.046,2871
1472778000000,0.043,2289
1472864400000,0.043,2721
1472950800000,0.041,2597
1473037200000,0.04,2270
1473123600000,0.04,2159
1473210000000,0.04,2167
1473296400000,0.04,2178
1473382800000,0.04,2232
1473469200000,0.038,2652
1473555600000,0.037,2885
1473642000000,0.038,2079
1473728400000,0.038,1831
1473814800000,0.037,1828
1473901200000,0.037,2125
1473987600000,0.039,2405
1474074000000,0.037,2722
1474160400000,0.037,2582
1474246800000,0.038,1929
1474333200000,0.037,1999
1474419600000,0.04,3207
1474506000000,0.037,1972
1474592400000,0.038,2235
1474678800000,0.039,2586
1474765200000,0.038,2851
1474851600000,0.039,1855
1474938000000,0.039,1838
1475024400000,0.04,1966
1475110800000,0.041,1958
1475197200000,0.044,2016
1475283600000,0.043,2236
1475370000000,0.043,4827
1475456400000,0.042,1805
1475542800000,0.042,1741
1475629200000,0.043,1911
1475715600000,0.042,2130
1475802000000,0.041,2513
1475888400000,0.042,2480
1475974800000,0.043,2643
1476061200000,0.04,1839
1476147600000,0.033,1686
1476234000000,0.037,2342
1476320400000,0.04,1827
1476406800000,0.039,1939
1476493200000,0.039,2310
1476579600000,0.04,2562
1476666000000,0.037,1490
1476752400000,0.038,1585
1476838800000,0.036,1667
1476925200000,0.035,1815
1477011600000,0.037,2931
1477098000000,0.036,2273
1477184400000,0.036,3073
1477270800000,0.037,2088
1477357200000,0.038,1774
1477443600000,0.037,1483
1477530000000,0.036,1477
1477616400000,0.036,1656
1477702800000,0.036,2124
1477789200000,0.035,2867
1477875600000,0.036,1987
1477962000000,0.034,2224
1478048400000,0.035,1532
1478134800000,0.036,1163
1478221200000,0.035,1844
1478307600000,0.035,1869
1478394000000,0.041,2303
1478480400000,0.036,1466
1478566800000,0.035,1430
1478653200000,0.037,1652
1478739600000,0.037,1968
1478826000000,0.037,1871
1478912400000,0.037,2166
1478998800000,0.037,2664
1479085200000,0.04,2123
1479171600000,0.037,2051
1479258000000,0.04,2161
1479344400000,0.038,2118
1479430800000,0.038,1484
1479517200000,0.039,1797
1479603600000,0.038,2543
1479690000000,0.036,1441
1479776400000,0.036,1580
1479862800000,0.038,1782
1479949200000,0.035,1826
1480035600000,0.031,2271
1480122000000,0.03,2202
1480208400000,0.03,2120
1480294800000,0.03,1550
1480381200000,0.03,1762
1480467600000,0.03,1810
1480554000000,0.03,2091
1480640400000,0.032,2278
1480726800000,0.032,2699
1480813200000,0.034,2778
1480899600000,0.033,2543
1480986000000,0.035,2056
1481072400000,0.037,2366
1481158800000,0.036,3436
1481245200000,0.037,2063
1481331600000,0.037,2773
1481418000000,0.037,2401
1481504400000,0.037,2361
1481590800000,0.039,1857
1481677200000,0.038,1716
1481763600000,0.038,1726
1481850000000,0.037,2202
1481936400000,0.036,2265
1482022800000,0.036,1964
1482109200000,0.032,1781
1482195600000,0.03,1567
1482282000000,0.031,2252
1482368400000,0.032,2239
1482454800000,0.031,1810
1482541200000,0.032,2560
1482627600000,0.033,2532
1482714000000,0.035,2477
1482800400000,0.037,2134
1482886800000,0.036,2459
1482973200000,0.036,2344
1483059600000,0.036,2410
1483146000000,0.036,2557
1483232400000,0.038,2481
1483318800000,0.037,2641
1483405200000,0.037,1929
1483491600000,0.038,2098
1483578000000,0.038,2231
1483664400000,0.042,2236
1483750800000,0.038,2382
1483837200000,0.04,2392
1483923600000,0.04,2167
1484010000000,0.046,2531
1484096400000,0.046,2673
1484182800000,0.048,3142
1484269200000,0.049,2124
1484355600000,0.048,2345
1484442000000,0.048,2231
1484528400000,0.046,2142
1484614800000,0.045,1886
1484701200000,0.046,1904
1484787600000,0.046,2129
1484874000000,0.048,1852
1484960400000,0.045,2185
1485046800000,0.046,1904
1485133200000,0.046,1814
1485219600000,0.046,2040
1485306000000,0.046,2292
1485392400000,0.046,2148
1485478800000,0.045,2445
1485565200000,0.046,2716
1485651600000,0.045,3642
1485738000000,0.045,2554
1485824400000,0.045,2478
1485910800000,0.046,1871
1485997200000,0.047,2327
1486083600000,0.046,2172
1486170000000,0.048,2514
1486256400000,0.048,2679
1486342800000,0.049,2088
1486429200000,0.049,1858
1486515600000,0.05,2014
1486602000000,0.049,2036
1486688400000,0.049,2074
1486774800000,0.049,3165
1486861200000,0.049,2475
1486947600000,0.049,1879
1487034000000,0.049,1946
1487120400000,0.05,1618
1487206800000,0.05,1737
1487293200000,0.051,1910
1487379600000,0.049,2198
1487466000000,0.049,2378
1487552400000,0.05,2500
1487638800000,0.048,1699
1487725200000,0.048,2214
1487811600000,0.048,2207
1487898000000,0.05,2583
1487984400000,0.049,2400
1488070800000,0.049,2400
1488157200000,0.05,1949
1488243600000,0.049,1958
1488330000000,0.052,2170
1488416400000,0.049,1781
1488502800000,0.054,2305
1488589200000,0.049,2208
1488675600000,0.05,2330
1488762000000,0.049,1644
1488848400000,0.049,1809
1488934800000,0.052,2356
1489021200000,0.049,1811
1489107600000,0.049,1816
1489194000000,0.05,2291
1489280400000,0.05,2008
1489366800000,0.05,1535
1489453200000,0.049,1719
1489539600000,0.048,1483
1489626000000,0.051,2015
1489712400000,0.058,2890
1489798800000,0.052,3212
1489885200000,0.053,2778
1489971600000,0.052,2132
1490058000000,0.055,2291
1490144400000,0.052,2067
1490230800000,0.05,1845
1490317200000,0.05,1960
1490403600000,0.05,2409
1490490000000,0.049,2380
1490576400000,0.046,2005
1490662800000,0.045,2096
1490749200000,0.045,2234
1490835600000,0.046,2241
1490922000000,0.046,1951
1491008400000,0.046,2426
1491094800000,0.046,2342
1491181200000,0.046,1811
1491267600000,0.046,1904
1491354000000,0.046,1752
1491440400000,0.047,1845
1491526800000,0.045,2053
1491613200000,0.045,2379
1491699600000,0.046,2593
1491786000000,0.046,2312
1491872400000,0.048,1780
1491958800000,0.047,2197
1492045200000,0.046,1897
1492131600000,0.048,2507
1492218000000,0.056,3166
1492304400000,0.044,2290
1492390800000,0.043,2638
1492477200000,0.044,2235
1492563600000,0.042,2286
1492650000000,0.043,2093
1492736400000,0.043,3332
1492822800000,0.043,2337
1492909200000,0.043,2483
1492995600000,0.043,1869
1493082000000,0.046,1707
1493168400000,0.045,1914
1493254800000,0.045,1688
1493341200000,0.045,1967
1493427600000,0.048,3170
1493514000000,0.05,2130
1493600400000,0.051,1884
1493686800000,0.052,1837
1493773200000,0.052,1627
1493859600000,0.052,1514
1493946000000,0.049,1583
1494032400000,0.049,1993
1494118800000,0.05,2366
1494205200000,0.049,1792
1494291600000,0.049,1979
1494378000000,0.049,1844
1494464400000,0.049,1937
1494550800000,0.05,1609
1494637200000,0.05,1875
1494723600000,0.051,2027
1494810000000,0.048,2250
1494896400000,0.049,1832
1494982800000,0.05,1534
1495069200000,0.05,1733
1495155600000,0.048,2187
1495242000000,0.048,1787
1495328400000,0.048,1735
1495414800000,0.049,2700
1495501200000,0.052,1680
1495587600000,0.043,2128
1495674000000,0.041,1855
1495760400000,0.044,2858
1495846800000,0.047,2352
1495933200000,0.049,2329
1496019600000,0.049,2582
1496106000000,0.051,2119
1496192400000,0.053,2463
1496278800000,0.051,2169
1496365200000,0.051,1641
1496451600000,0.052,2138
1496538000000,0.053,2362
1496624400000,0.053,2170
1496710800000,0.052,2257
1496797200000,0.052,1759
1496883600000,0.052,1827
1496970000000,0.052,2670
1497056400000,0.053,1651
1497142800000,0.054,1900
1497229200000,0.054,1793
1497315600000,0.054,1638
1497402000000,0.053,2003
1497488400000,0.052,1919
1497574800000,0.052,1934
1497661200000,0.052,1703
1497747600000,0.052,1787
1497834000000,0.051,1454
1497920400000,0.05,1616
1498006800000,0.047,1777
1498093200000,0.047,1995
1498179600000,0.041,2142
1498266000000,0.039,2572
1498352400000,0.041,2269
1498438800000,0.041,2149
1498525200000,0.045,1988
1498611600000,0.045,1889
1498698000000,0.045,2726
1498784400000,0.045,1880
1498870800000,0.046,1924
1498957200000,0.046,1636
1499043600000,0.046,1588
1499130000000,0.046,1734
1499216400000,0.046,1958
1499302800000,0.046,2110
1499389200000,0.046,1847
1499475600000,0.046,2355
1499562000000,0.048,1670
1499648400000,0.049,1557
1499734800000,0.05,1732
1499821200000,0.05,1810
1499907600000,0.05,1569
1499994000000,0.048,1489
1500080400000,0.047,1552
1500166800000,0.048,1576
1500253200000,0.051,1634
1500339600000,0.05,1600
1500426000000,0.05,2229
1500512400000,0.05,1763
1500598800000,0.05,1683
1500685200000,0.051,1896
1500771600000,0.05,2231
1500858000000,0.048,1553
1500944400000,0.048,2034
1501030800000,0.051,2051
1501117200000,0.051,1954
1501203600000,0.052,1709
1501290000000,0.052,1735
1501376400000,0.054,1979
1501462800000,0.055,2112
1501549200000,0.057,1818
1501635600000,0.057,2895
1501722000000,0.056,1547
1501808400000,0.057,1733
1501894800000,0.058,1693
1501981200000,0.056,1630
1502067600000,0.058,1555
1502154000000,0.059,1427
1502240400000,0.057,1513
1502326800000,0.057,1500
1502413200000,0.057,1407
1502499600000,0.056,1449
1502586000000,0.056,1592
1502672400000,0.058,1425
1502758800000,0.057,1132
1502845200000,0.057,1324
1502931600000,0.055,1289
1503018000000,0.066,1501
1503104400000,0.059,1491
1503190800000,0.055,1197
1503277200000,0.057,1212
1503363600000,0.057,1219
1503450000000,0.056,1085
1503536400000,0.056,1618
1503622800000,0.059,1222
1503709200000,0.059,1344
1503795600000,0.057,1223
1503882000000,0.059,1287
1503968400000,0.058,1253
1504054800000,0.056,1135
1504141200000,0.06,1015
1504227600000,0.058,1250
1504314000000,0.067,1238
1504400400000,0.058,1220
1504486800000,0.059,1112
1504573200000,0.061,1073
1504659600000,0.061,1060
1504746000000,0.058,984
1504832400000,0.061,1061
1504918800000,0.061,1161
1505005200000,0.06,1205
1505091600000,0.063,1045
1505178000000,0.062,928
1505264400000,0.062,1061
1505350800000,0.06,1030
1505437200000,0.062,1262
1505523600000,0.061,1582
1505610000000,0.061,1630
1505696400000,0.061,1159
1505782800000,0.061,1052
1505869200000,0.062,1486
1505955600000,0.06,1096
1506042000000,0.06,1303
1506128400000,0.061,1532
1506214800000,0.066,1688
1506301200000,0.06,1201
1506387600000,0.06,1018
1506474000000,0.062,1285
1506560400000,0.06,1150
1506646800000,0.061,1141
1506733200000,0.062,1707
1506819600000,0.061,1524
1506906000000,0.061,1221
1506992400000,0.062,1203
1507078800000,0.059,1029
1507165200000,0.059,1154
1507251600000,0.061,1252
1507338000000,0.061,1430
1507424400000,0.062,1478
1507510800000,0.057,1245
1507597200000,0.059,1003
1507683600000,0.06,990
1507770000000,0.062,1078
1507856400000,0.059,1089
1507942800000,0.06,1416
1508029200000,0.06,1364
1508115600000,0.06,1016
1508202000000,0.061,1093
1508288400000,0.06,1209
1508374800000,0.061,1031
1508461200000,0.061,1251
1508547600000,0.059,1352
1508634000000,0.057,1260
1508720400000,0.057,1003
1508806800000,0.061,1068
1508893200000,0.059,920
1508979600000,0.057,1036
1509066000000,0.055,1161
1509152400000,0.056,1354
1509238800000,0.055,1289
1509325200000,0.055,1117
1509411600000,0.058,1136
1509498000000,0.051,1001
1509584400000,0.051,924
1509670800000,0.053,963
1509757200000,0.061,1408
1509843600000,0.05,1048
1509930000000,0.052,813
1510016400000,0.05,795
1510102800000,0.05,820
1510189200000,0.05,852
1510275600000,0.051,1443
1510362000000,0.053,1250
1510448400000,0.053,990
1510534800000,0.053,800
1510621200000,0.052,915
1510707600000,0.053,916
1510794000000,0.054,923
1510880400000,0.053,888
1510966800000,0.053,1141
1511053200000,0.052,1089
1511139600000,0.061,904
1511226000000,0.052,815
1511312400000,0.052,912
1511398800000,0.048,1301
1511485200000,0.044,1326
1511571600000,0.045,1334
1511658000000,0.048,1442
1511744400000,0.049,964
1511830800000,0.05,806
1511917200000,0.051,738
1512003600000,0.053,803
1512090000000,0.051,765
1512176400000,0.051,958
1512262800000,0.051,966
1512349200000,0.052,795
1512435600000,0.053,722
1512522000000,0.054,794
1512608400000,0.057,860
1512694800000,0.053,1087
1512781200000,0.052,1007
1512867600000,0.052,963
1512954000000,0.055,843
1513040400000,0.052,701
1513126800000,0.055,758
1513213200000,0.054,840
1513299600000,0.054,896
1513386000000,0.053,904
1513472400000,0.051,878
1513558800000,0.047,752
1513645200000,0.061,690
1513731600000,0.044,743
1513818000000,0.042,847
1513904400000,0.043,1328
1513990800000,0.042,1318
1514077200000,0.042,1084
1514163600000,0.043,1001
1514250000000,0.043,966
1514336400000,0.041,1165
1514422800000,0.039,1292
1514509200000,0.042,1739
1514595600000,0.042,1297
1514682000000,0.044,1094
1514768400000,0.05,1106
1514854800000,0.044,1149
1514941200000,0.044,1342
1515027600000,0.047,1142
1515114000000,0.045,1026
1515200400000,0.047,1083
1515286800000,0.05,1206
1515373200000,0.049,997
1515459600000,0.045,856
1515546000000,0.042,881
1515632400000,0.042,976
1515718800000,0.04,996
1515805200000,0.042,1180
1515891600000,0.039,1135
1515978000000,0.039,1132
1516064400000,0.049,1270
1516150800000,0.041,1046
1516237200000,0.041,1049
1516323600000,0.041,958
1516410000000,0.042,1383
1516496400000,0.041,1268
1516582800000,0.041,1117
1516669200000,0.041,1783
1516755600000,0.041,1308
1516842000000,0.041,1083
1516928400000,0.041,1433
1517014800000,0.04,1710
1517101200000,0.039,1478
1517187600000,0.04,1317
1517274000000,0.041,1023
1517360400000,0.042,1376
1517446800000,0.042,1084
1517533200000,0.041,1134
1517619600000,0.043,1359
1517706000000,0.045,1854
1517792400000,0.044,1709
1517878800000,0.042,1019
1517965200000,0.041,1132
1518051600000,0.042,1403
1518138000000,0.044,2086
1518224400000,0.043,1457
1518310800000,0.043,1448
1518397200000,0.044,1454
1518483600000,0.046,982
1518570000000,0.043,862
1518656400000,0.066,1201
1518742800000,0.043,1397
1518829200000,0.043,1572
1518915600000,0.042,1711
1519002000000,0.044,1314
1519088400000,0.045,1082
1519174800000,0.045,1662
1519261200000,0.046,1613
1519347600000,0.045,1445
1519434000000,0.044,1618
1519520400000,0.044,1729
1519606800000,0.052,1323
1519693200000,0.047,1260
1519779600000,0.05,1301
1519866000000,0.05,1316
1519952400000,0.05,1233
1520038800000,0.05,1540
1520125200000,0.048,1374
1520211600000,0.046,1143
1520298000000,0.048,1117
1520384400000,0.049,1429
1520470800000,0.048,1156
1520557200000,0.051,1248
1520643600000,0.051,1767
1520730000000,0.051,1349
1520816400000,0.05,1031
1520902800000,0.051,1001
1520989200000,0.059,1156
1521075600000,0.054,1013
1521162000000,0.053,1509
1521248400000,0.05,1342
1521334800000,0.049,1199
1521421200000,0.052,999
1521507600000,0.051,935
1521594000000,0.05,1031
1521680400000,0.049,1027
1521766800000,0.051,1124
1521853200000,0.052,1491
1521939600000,0.05,1172
1522026000000,0.051,1060
1522112400000,0.048,1059
1522198800000,0.048,1162
1522285200000,0.048,1180
1522371600000,0.049,1229
1522458000000,0.048,1159
1522544400000,0.048,1152
1522630800000,0.048,1083
1522717200000,0.049,957
1522803600000,0.047,911
1522890000000,0.048,856
1522976400000,0.046,817
1523062800000,0.046,1044
1523149200000,0.046,1020
1523235600000,0.045,805
1523322000000,0.043,816
1523408400000,0.044,926
1523494800000,0.044,1000
1523581200000,0.044,815
1523667600000,0.044,1029
1523754000000,0.045,1109
1523840400000,0.045,935
1523926800000,0.045,830
1524013200000,0.046,800
1524099600000,0.045,757
1524186000000,0.045,915
1524272400000,0.045,1158
1524358800000,0.045,1036
1524445200000,0.046,862
1524531600000,0.045,699
1524618000000,0.046,845
1524704400000,0.045,841
1524790800000,0.043,767
1524877200000,0.044,928
1524963600000,0.043,1026
1525050000000,0.046,1354
1525136400000,0.045,853
1525222800000,0.044,762
1525309200000,0.043,683
1525395600000,0.042,780
1525482000000,0.044,896
1525568400000,0.043,993
1525654800000,0.043,750
1525741200000,0.043,838
1525827600000,0.041,746
1525914000000,0.042,792
1526000400000,0.042,964
1526086800000,0.044,925
1526173200000,0.043,932
1526259600000,0.053,750
1526346000000,0.044,609
1526432400000,0.044,657
1526518800000,0.044,733
1526605200000,0.043,690
1526691600000,0.042,830
1526778000000,0.044,926
1526864400000,0.043,696
1526950800000,0.045,845
1527037200000,0.047,667
1527123600000,0.044,691
1527210000000,0.043,733
1527296400000,0.044,847
1527382800000,0.043,855
1527469200000,0.045,892
1527555600000,0.043,778
1527642000000,0.044,868
1527728400000,0.043,873
1527814800000,0.043,801
1527901200000,0.045,880
1527987600000,0.043,810
1528074000000,0.053,905
1528160400000,0.043,877
1528246800000,0.042,868
1528333200000,0.043,704
1528419600000,0.042,667
1528506000000,0.042,759
1528592400000,0.041,721
1528678800000,0.042,900
1528765200000,0.041,735
1528851600000,0.04,871
1528938000000,0.041,690
1529024400000,0.04,682
1529110800000,0.041,707
1529197200000,0.039,694
1529283600000,0.038,680
1529370000000,0.04,1979
1529456400000,0.042,868
1529542800000,0.038,836
1529629200000,0.033,1159
1529715600000,0.033,1023
1529802000000,0.034,1007
1529888400000,0.034,930
1529974800000,0.035,909
1530061200000,0.037,948
1530147600000,0.036,828
1530234000000,0.033,731
1530320400000,0.035,713
1530406800000,0.034,847
1530493200000,0.035,870
1530579600000,0.034,921
1530666000000,0.035,979
1530752400000,0.034,958
1530838800000,0.037,900
1530925200000,0.036,721
1531011600000,0.037,828
1531098000000,0.039,1030
1531184400000,0.038,717
1531270800000,0.039,917
1531357200000,0.039,866
1531443600000,0.039,893
1531530000000,0.041,769
1531616400000,0.038,750
1531702800000,0.043,917
1531789200000,0.043,1134
1531875600000,0.039,916
1531962000000,0.039,756
1532048400000,0.038,749
1532134800000,0.038,826
1532221200000,0.04,976
1532307600000,0.04,824
1532394000000,0.04,811
1532480400000,0.041,909
1532566800000,0.039,823
1532653200000,0.041,854
1532739600000,0.039,696
1532826000000,0.043,925
1532912400000,0.043,783
1532998800000,0.043,821
1533085200000,0.042,755
1533171600000,0.045,860
1533258000000,0.043,940
1533344400000,0.042,952
1533430800000,0.043,921
1533517200000,0.045,1288
1533603600000,0.046,1069
1533690000000,0.042,1015
1533776400000,0.043,973
1533862800000,0.041,977
1533949200000,0.04,1107
1534035600000,0.041,1022
1534122000000,0.042,974
1534208400000,0.043,934
1534294800000,0.045,1059
1534381200000,0.041,954
1534467600000,0.045,877
1534554000000,0.043,985
1534640400000,0.045,1045
1534726800000,0.046,1165
1534813200000,0.046,914
1534899600000,0.047,928
1534986000000,0.049,1084
1535072400000,0.048,857
1535158800000,0.048,804
1535245200000,0.048,1203
1535331600000,0.049,986
1535418000000,0.05,933
1535504400000,0.05,1057
1535590800000,0.046,1052
1535677200000,0.045,1002
1535763600000,0.047,1022
1535850000000,0.048,984
1535936400000,0.047,831
1536022800000,0.045,713
1536109200000,0.045,951
1536195600000,0.046,882
1536282000000,0.045,980
1536368400000,0.044,1025
1536454800000,0.045,1135
1536541200000,0.045,890
1536627600000,0.045,871
1536714000000,0.047,1029
1536800400000,0.048,880
1536886800000,0.049,1127
1536973200000,0.044,1140
1537059600000,0.045,1179
1537146000000,0.046,801
1537232400000,0.047,688
1537318800000,0.05,987
1537405200000,0.049,862
1537491600000,0.048,912
1537578000000,0.046,1356
1537664400000,0.042,1424
1537750800000,0.042,1038
1537837200000,0.043,940
1537923600000,0.045,798
1538010000000,0.044,745
1538096400000,0.047,962
1538182800000,0.046,1165
1538269200000,0.049,1082
1538355600000,0.051,998
1538442000000,0.05,755
1538528400000,0.048,1010
1538614800000,0.049,1123
1538701200000,0.056,1863
1538787600000,0.058,2386
1538874000000,0.062,2061
1538960400000,0.071,1321
1539046800000,0.073,1469
1539133200000,0.082,1415
1539219600000,0.084,1094
1539306000000,0.078,1077
1539392400000,0.08,1365
1539478800000,0.077,1351
1539565200000,0.077,1124
1539651600000,0.08,1205
1539738000000,0.083,1148
1539824400000,0.095,1136
1539910800000,0.09,1182
1539997200000,0.086,1466
1540083600000,0.091,1491
1540170000000,0.087,1245
1540256400000,0.088,915
1540342800000,0.089,1282
1540429200000,0.088,1101
1540515600000,0.087,1179
1540602000000,0.084,1180
1540688400000,0.073,1416
1540774800000,0.068,1145
1540861200000,0.061,1371
1540947600000,0.062,1473
1541034000000,0.067,1080
1541120400000,0.074,874
1541206800000,0.065,1375
1541293200000,0.071,1456
1541379600000,0.068,890
1541466000000,0.067,811
1541552400000,0.066,814
1541638800000,0.08,1021
1541725200000,0.076,1083
1541811600000,0.078,1098
1541898000000,0.075,1291
1541984400000,0.077,954
1542070800000,0.076,642
1542157200000,0.078,942
1542243600000,0.076,1107
1542330000000,0.075,1175
1542416400000,0.07,1259
1542502800000,0.071,1012
1542589200000,0.072,892
1542675600000,0.066,995
1542762000000,0.059,748
1542848400000,0.055,1188
1542934800000,0.051,1047
1543021200000,0.053,1491
1543107600000,0.054,1463
1543194000000,0.057,1440
1543280400000,0.053,900
1543366800000,0.057,1026
1543453200000,0.055,848
1543539600000,0.074,1470
1543626000000,0.058,1323
1543712400000,0.057,1203
1543798800000,0.064,839
1543885200000,0.067,1011
1543971600000,0.063,951
1544058000000,0.061,756
1544144400000,0.061,1398
1544230800000,0.062,1527
1544317200000,0.055,1243
1544403600000,0.079,1112
1544490000000,0.057,828
1544576400000,0.053,1071
1544662800000,0.054,1160
1544749200000,0.054,1027
1544835600000,0.054,1229
1544922000000,0.058,1603
1545008400000,0.06,1434
1545094800000,0.061,1118
1545181200000,0.052,963
1545267600000,0.052,1125
1545354000000,0.046,1449
1545440400000,0.045,1413
1545526800000,0.045,1587
1545613200000,0.047,1444
1545699600000,0.047,1570
1545786000000,0.047,1466
1545872400000,0.047,1484
1545958800000,0.051,1503
1546045200000,0.046,1466
1546131600000,0.047,1942
1546218000000,0.046,1526
1546304400000,0.044,1167
1546390800000,0.045,1782
1546477200000,0.053,2297
1546563600000,0.05,1302
1546650000000,0.053,944
1546736400000,0.055,1141
1546822800000,0.055,1747
1546909200000,0.055,1069
1546995600000,0.054,1204
1547082000000,0.056,1031
1547168400000,0.059,1419
1547254800000,0.062,1642
1547341200000,0.062,1349
1547427600000,0.058,1155
1547514000000,0.059,1475
1547600400000,0.058,1172
1547686800000,0.063,1229
1547773200000,0.063,1111
1547859600000,0.066,1353
1547946000000,0.061,1378
1548032400000,0.061,1208
1548118800000,0.061,1343
1548205200000,0.061,1183
1548291600000,0.061,1102
1548378000000,0.06,1285
1548464400000,0.061,1529
1548550800000,0.061,1329
1548637200000,0.058,1062
1548723600000,0.06,1232
1548810000000,0.065,1663
1548896400000,0.067,1420
1548982800000,0.07,1491
1549069200000,0.074,1614
1549155600000,0.069,1521
1549242000000,0.07,1370
1549328400000,0.063,1353
1549414800000,0.06,1419
1549501200000,0.061,1448
1549587600000,0.059,1266
1549674000000,0.059,1575
1549760400000,0.061,1299
1549846800000,0.056,1147
1549933200000,0.061,1241
1550019600000,0.061,954
1550106000000,0.057,1090
1550192400000,0.069,1554
1550278800000,0.071,1247
1550365200000,0.076,1258
1550451600000,0.074,913
1550538000000,0.077,1233
1550624400000,0.075,1042
1550710800000,0.073,1017
1550797200000,0.075,1151
1550883600000,0.074,1305
1550970000000,0.071,1096
1551056400000,0.074,946
1551142800000,0.077,1026
1551229200000,0.076,1053
1551315600000,0.077,1367
1551402000000,0.075,1196
1551488400000,0.07,1758
1551574800000,0.062,1628
1551661200000,0.058,1147
1551747600000,0.057,1227
1551834000000,0.062,1236
1551920400000,0.069,1032
1552006800000,0.065,1364
1552093200000,0.068,1458
1552179600000,0.075,1413
1552266000000,0.074,1017
1552352400000,0.08,1410
1552438800000,0.082,1209
1552525200000,0.085,1491
1552611600000,0.083,1158
1552698000000,0.083,1685
1552784400000,0.081,1546
1552870800000,0.086,1288
1552957200000,0.087,1072
1553043600000,0.086,1140
1553130000000,0.085,1129
1553216400000,0.084,1624
1553302800000,0.079,1502
1553389200000,0.079,1665
1553475600000,0.078,1459
1553562000000,0.076,1163
1553648400000,0.076,1251
1553734800000,0.076,1400
1553821200000,0.076,1545
1553907600000,0.074,1440
1553994000000,0.072,1538
1554080400000,0.068,1082
1554166800000,0.069,933
1554253200000,0.073,1352
1554339600000,0.071,1156
1554426000000,0.07,1184
1554512400000,0.071,1586
1554598800000,0.071,1417
1554685200000,0.073,1396
1554771600000,0.07,1124
1554858000000,0.07,1228
1554944400000,0.071,1320
1555030800000,0.071,1316
1555117200000,0.07,1498
1555203600000,0.071,1459
1555290000000,0.07,1276
1555376400000,0.07,1152
1555462800000,0.072,1272
1555549200000,0.07,1014
1555635600000,0.071,1221
1555722000000,0.072,1493
1555808400000,0.074,1520
1555894800000,0.071,1210
1555981200000,0.075,1221
1556067600000,0.104,4825
1556154000000,0.128,1662
1556240400000,0.117,1172
1556326800000,0.114,1401
1556413200000,0.101,1415
1556499600000,0.101,1063
1556586000000,0.086,1041
1556672400000,0.091,1346
1556758800000,0.085,1152
1556845200000,0.088,1169
1556931600000,0.093,1234
1557018000000,0.093,1258
1557104400000,0.094,1237
1557190800000,0.089,846
1557277200000,0.078,1410
1557363600000,0.085,1100
1557450000000,0.079,1219
1557536400000,0.081,1282
1557622800000,0.083,1016
1557709200000,0.081,957
1557795600000,0.083,919
1557882000000,0.083,1104
1557968400000,0.084,853
1558054800000,0.084,946
1558141200000,0.093,1266
1558227600000,0.086,1231
1558314000000,0.09,1002
1558400400000,0.091,852
1558486800000,0.09,1003
1558573200000,0.086,965
1558659600000,0.087,1064
1558746000000,0.09,1216
1558832400000,0.095,1326
1558918800000,0.103,1244
1559005200000,0.09,874
1559091600000,0.091,1199
1559178000000,0.093,1194
1559264400000,0.088,1259
1559350800000,0.091,1187
1559437200000,0.091,1189
1559523600000,0.093,1248
1559610000000,0.095,1092
1559696400000,0.093,1178
1559782800000,0.088,1134
1559869200000,0.09,1440
1559955600000,0.091,1239
1560042000000,0.091,1289
1560128400000,0.093,1384
1560214800000,0.093,1202
1560301200000,0.097,1184
1560387600000,0.096,1218
1560474000000,0.1,1250
1560560400000,0.097,1153
1560646800000,0.098,1160
1560733200000,0.096,1194
1560819600000,0.096,1031
1560906000000,0.094,1069
1560992400000,0.095,1232
1561078800000,0.089,1065
1561165200000,0.094,1358
1561251600000,0.09,1072
1561338000000,0.092,1323
1561424400000,0.09,1363
1561510800000,0.081,1734
1561597200000,0.076,1338
1561683600000,0.078,1409
1561770000000,0.081,1548
1561856400000,0.077,1403
1561942800000,0.077,1166
1562029200000,0.079,1243
1562115600000,0.078,1241
1562202000000,0.08,1303
1562288400000,0.081,1483
1562374800000,0.082,1326
1562461200000,0.082,1205
1562547600000,0.08,1245
1562634000000,0.084,1139
1562720400000,0.084,1377
1562806800000,0.087,1267
1562893200000,0.089,1058
1562979600000,0.09,1122
1563066000000,0.092,1094
1563152400000,0.091,1150
1563238800000,0.091,1045
1563325200000,0.092,1245
1563411600000,0.096,1467
1563498000000,0.098,1130
1563584400000,0.098,986
1563670800000,0.095,1049
1563757200000,0.095,955
1563843600000,0.094,1053
1563930000000,0.095,1266
1564016400000,0.097,1313
1564102800000,0.1,1202
1564189200000,0.098,1015
1564275600000,0.095,1098
1564362000000,0.093,891
1564448400000,0.096,1334
1564534800000,0.096,1202
1564621200000,0.095,1258
1564707600000,0.094,1003
1564794000000,0.096,1207
1564880400000,0.098,1193
1564966800000,0.097,1199
1565053200000,0.098,1197
1565139600000,0.101,1224
1565226000000,0.098,1337
1565312400000,0.099,1092
1565398800000,0.104,1174
1565485200000,0.101,1285
1565571600000,0.103,1298
1565658000000,0.1,1172
1565744400000,0.099,1345
1565830800000,0.098,1142
1565917200000,0.098,1314
1566003600000,0.101,1415
1566090000000,0.1,1272
1566176400000,0.095,1191
1566262800000,0.097,1312
1566349200000,0.092,1283
1566435600000,0.095,1356
1566522000000,0.094,1261
1566608400000,0.094,1347
1566694800000,0.091,1262
1566781200000,0.095,1480
1566867600000,0.097,1346
1566954000000,0.097,973
1567040400000,0.093,1239
1567126800000,0.092,1219
1567213200000,0.094,1297
1567299600000,0.095,1225
1567386000000,0.097,1093
1567472400000,0.105,1136
1567558800000,0.105,1034
1567645200000,0.104,1067
1567731600000,0.104,1328
1567818000000,0.11,1843
1567904400000,0.096,1808
1567990800000,0.092,1168
1568077200000,0.093,930
1568163600000,0.095,1327
1568250000000,0.098,1168
1568336400000,0.094,1095
1568422800000,0.095,1774
1568509200000,0.098,1435
1568595600000,0.101,1169
1568682000000,0.104,1092
1568768400000,0.094,951
1568854800000,0.093,1101
1568941200000,0.098,1206
1569027600000,0.099,1303
1569114000000,0.096,1381
1569200400000,0.095,874
1569286800000,0.094,913
1569373200000,0.094,953
1569459600000,0.094,904
1569546000000,0.097,1227
1569632400000,0.103,1222
1569718800000,0.099,1189
1569805200000,0.1,1023
1569891600000,0.11,958
1569978000000,0.105,1328
1570064400000,0.1,1439
1570150800000,0.102,1323
1570237200000,0.099,1296
1570323600000,0.101,1372
1570410000000,0.102,1113
1570496400000,0.102,1077
1570582800000,0.103,1214
1570669200000,0.104,1236
1570755600000,0.108,1167
1570842000000,0.104,1514
1570928400000,0.105,1344
1571014800000,0.102,1286
1571101200000,0.106,972
1571187600000,0.105,1121
1571274000000,0.108,963
1571360400000,0.106,1182
1571446800000,0.098,2277
1571533200000,0.099,1848
1571619600000,0.095,1479
1571706000000,0.1,1326
1571792400000,0.097,1339
1571878800000,0.095,1265
1571965200000,0.097,1537
1572051600000,0.099,1538
1572138000000,0.097,1576
1572224400000,0.093,1258
1572310800000,0.096,1360
1572397200000,0.093,1305
1572483600000,0.096,1366
1572570000000,0.099,1281
1572656400000,0.101,1351
1572742800000,0.1,1512
1572829200000,0.1,1202
1572915600000,0.097,971
1573002000000,0.097,1017
1573088400000,0.099,1117
1573174800000,0.104,1464
1573261200000,0.104,1446
1573347600000,0.103,1375
1573434000000,0.102,1178
1573520400000,0.101,814
1573606800000,0.103,1084
1573693200000,0.107,1360
1573779600000,0.104,1113
1573866000000,0.106,1185
1573952400000,0.101,1214
1574038800000,0.1,1085
1574125200000,0.097,1820
1574211600000,0.085,1212
1574298000000,0.086,1107
1574384400000,0.085,1263
1574470800000,0.086,1402
1574557200000,0.092,1634
1574643600000,0.092,982
1574730000000,0.098,1466
1574816400000,0.093,1740
1574902800000,0.096,1708
1574989200000,0.1,1992
1575075600000,0.1,1624
1575162000000,0.101,1752
1575248400000,0.106,1356
1575334800000,0.107,1842
1575421200000,0.12,1642
1575507600000,0.129,1446
1575594000000,0.14,1557
1575680400000,0.132,1648
1575766800000,0.127,1504
1575853200000,0.13,1277
1575939600000,0.134,1184
1576026000000,0.133,1379
1576112400000,0.125,1268
1576198800000,0.122,1004
1576285200000,0.124,1538
1576371600000,0.12,1191
1576458000000,0.121,1419
1576544400000,0.125,1003
1576630800000,0.122,1470
1576717200000,0.122,1267
1576803600000,0.11,1577
1576890000000,0.111,1709
1576976400000,0.11,1750
1577062800000,0.108,1371
1577149200000,0.118,1699
1577235600000,0.128,2003
1577322000000,0.132,1954
1577408400000,0.131,1635
1577494800000,0.13,1508
1577581200000,0.129,1704
1577667600000,0.126,1572
1577754000000,0.128,1264
1577840400000,0.128,1496
1577926800000,0.125,1846
1578013200000,0.127,1369
1578099600000,0.132,1572
1578186000000,0.134,1272
1578272400000,0.131,1135
1578358800000,0.14,1427
1578445200000,0.138,1377
1578531600000,0.144,1464
1578618000000,0.144,1303
1578704400000,0.149,1829
1578790800000,0.147,1358
1578877200000,0.149,1374
1578963600000,0.153,1325
1579050000000,0.148,1199
1579136400000,0.156,1520
1579222800000,0.156,1631
1579309200000,0.146,1257
1579395600000,0.143,1417
1579482000000,0.148,1183
1579568400000,0.144,1064
1579654800000,0.139,1353
1579741200000,0.14,1497
1579827600000,0.138,1816
1579914000000,0.14,1716
1580000400000,0.133,1630
1580086800000,0.131,1272
1580173200000,0.139,1709
1580259600000,0.149,1321
1580346000000,0.156,1401
1580432400000,0.163,1658
1580518800000,0.167,1632
1580605200000,0.167,1537
1580691600000,0.174,1352
1580778000000,0.203,1443
1580864400000,0.211,1479
1580950800000,0.184,1395
1581037200000,0.177,1506
1581123600000,0.188,2087
1581210000000,0.181,1912
1581296400000,0.184,1314
1581382800000,0.187,1629
1581469200000,0.191,1573
1581555600000,0.194,2179
1581642000000,0.202,1567
1581728400000,0.204,1772
1581814800000,0.212,1812
1581901200000,0.217,1463
1581987600000,0.222,1657
1582074000000,0.218,1700
1582160400000,0.238,1852
1582246800000,0.242,1756
1582333200000,0.235,1796
1582419600000,0.232,1781
1582506000000,0.246,1866
1582592400000,0.237,1673
1582678800000,0.233,1966
1582765200000,0.235,1854
1582851600000,0.237,1905
1582938000000,0.257,2242
1583024400000,0.239,1619
1583110800000,0.239,1650
1583197200000,0.241,1633
1583283600000,0.239,1805
1583370000000,0.257,1905
1583456400000,0.25,1707
1583542800000,0.244,2148
1583629200000,0.24,1898
1583715600000,0.237,1943
1583802000000,0.245,1534
1583888400000,0.237,1706
1583974800000,0.229,1694
1584061200000,0.219,1720
1584147600000,0.208,1764
1584234000000,0.211,2289
1584320400000,0.209,1769
1584406800000,0.205,1815
1584493200000,0.198,1868
1584579600000,0.201,2258
1584666000000,0.201,1920
1584752400000,0.208,1721
1584838800000,0.207,1995
1584925200000,0.208,1724
1585011600000,0.209,1714
1585098000000,0.203,2197
1585184400000,0.198,2183
1585270800000,0.201,2162
1585357200000,0.198,1765
1585443600000,0.199,1303
1585530000000,0.199,1515
1585616400000,0.19,2526
1585702800000,0.179,2943
1585789200000,0.169,2701
1585875600000,0.173,2782
1585962000000,0.173,2415
1586048400000,0.178,2302
1586134800000,0.182,2610
1586221200000,0.184,2482
1586307600000,0.186,2624
1586394000000,0.181,2385
1586480400000,0.177,2477
1586566800000,0.18,2813
1586653200000,0.175,2381
1586739600000,0.173,2475
1586826000000,0.174,2380
1586912400000,0.167,2507
1586998800000,0.163,2507
1587085200000,0.161,2453
1587171600000,0.163,2605
1587258000000,0.167,2343
1587344400000,0.171,2631
1587430800000,0.166,2256
1587517200000,0.161,2374
1587603600000,0.162,2706
1587690000000,0.165,2369
1587776400000,0.167,2310
1587862800000,0.159,2448
1587949200000,0.154,2331
1588035600000,0.154,2081
1588122000000,0.157,2462
1588208400000,0.167,2859
1588294800000,0.165,2148
1588381200000,0.169,2590
1588467600000,0.168,2216
1588554000000,0.173,2341
1588640400000,0.175,2052
1588726800000,0.172,2498
1588813200000,0.162,2085
1588899600000,0.166,1982
1588986000000,0.17,2155
1589072400000,0.169,1973
1589158800000,0.17,2182
1589245200000,0.169,1881
1589331600000,0.163,2157
1589418000000,0.165,2178
1589504400000,0.168,1867
1589590800000,0.172,1724
1589677200000,0.176,1755
1589763600000,0.174,1804
1589850000000,0.171,1519
1589936400000,0.171,1940
1590022800000,0.169,1640
1590109200000,0.166,1758
1590195600000,0.17,1744
1590282000000,0.172,1919
1590368400000,0.169,1616
1590454800000,0.16,1676
1590541200000,0.156,1718
1590627600000,0.153,1758
1590714000000,0.157,1559
1590800400000,0.164,1853
1590886800000,0.164,1575
1590973200000,0.168,1711
1591059600000,0.166,1369
1591146000000,0.172,1762
1591232400000,0.174,1651
1591318800000,0.175,1676
1591405200000,0.175,1610
1591491600000,0.176,1617
1591578000000,0.174,1485
1591664400000,0.174,1453
1591750800000,0.173,1496
1591837200000,0.17,1542
1591923600000,0.174,1538
1592010000000,0.173,1404
1592096400000,0.176,1575
1592182800000,0.185,1518
1592269200000,0.175,1327
1592355600000,0.176,1620
1592442000000,0.172,1507
1592528400000,0.172,1442
1592614800000,0.176,1627
1592701200000,0.173,1428
1592787600000,0.17,1379
1592874000000,0.169,1396
1592960400000,0.168,1360
1593046800000,0.165,1691
1593133200000,0.154,2238
1593219600000,0.154,1897
1593306000000,0.154,1511
1593392400000,0.155,1862
1593478800000,0.156,1501
1593565200000,0.158,1788
1593651600000,0.153,1766
1593738000000,0.157,1842
1593824400000,0.155,1570
1593910800000,0.155,1599
1593997200000,0.16,1473
1594083600000,0.155,1605
1594170000000,0.158,1689
1594256400000,0.159,1735
1594342800000,0.165,1430
1594429200000,0.169,1645
1594515600000,0.171,1439
1594602000000,0.167,1281
1594688400000,0.174,1599
1594774800000,0.17,1242
1594861200000,0.17,1481
1594947600000,0.168,1325
1595034000000,0.17,1350
1595120400000,0.175,1368
1595206800000,0.173,1261
1595293200000,0.181,1266
1595379600000,0.181,1410
1595466000000,0.18,1231
1595552400000,0.184,1298
1595638800000,0.186,1290
1595725200000,0.186,1205
1595811600000,0.184,1217
1595898000000,0.186,1261
1595984400000,0.191,1341
1596070800000,0.188,1313
1596157200000,0.187,1134
1596243600000,0.194,1369
1596330000000,0.193,1210
1596416400000,0.196,1298
1596502800000,0.197,1341
1596589200000,0.197,1363
1596675600000,0.199,1359
1596762000000,0.193,1526
1596848400000,0.19,1530
1596934800000,0.19,1355
1597021200000,0.185,1515
1597107600000,0.19,1730
1597194000000,0.186,1724
1597280400000,0.178,1425
1597366800000,0.179,1523
1597453200000,0.176,1401
1597539600000,0.182,1704
1597626000000,0.178,1322
1597712400000,0.177,1417
1597798800000,0.174,1461
1597885200000,0.176,1839
1597971600000,0.165,1329
1598058000000,0.168,1802
1598144400000,0.168,1289
1598230800000,0.165,1278
1598317200000,0.163,1469
1598403600000,0.162,1501
1598490000000,0.156,1388
1598576400000,0.159,1613
1598662800000,0.158,1262
1598749200000,0.155,1472
1598835600000,0.152,1146
1598922000000,0.149,1192
1599008400000,0.148,1211
1599094800000,0.147,1191
1599181200000,0.151,1210
1599267600000,0.151,1302
1599354000000,0.152,1219
1599440400000,0.154,1212
1599526800000,0.151,958
1599613200000,0.149,1217
1599699600000,0.149,1305
1599786000000,0.149,1426
1599872400000,0.148,1341
1599958800000,0.15,1372
1600045200000,0.152,1306
1600131600000,0.154,1210
1600218000000,0.155,1512
1600304400000,0.153,1609
1600390800000,0.154,1364
1600477200000,0.152,1323
1600563600000,0.154,1465
1600650000000,0.151,1095
1600736400000,0.153,1221
1600822800000,0.152,1600
1600909200000,0.16,1773
1600995600000,0.158,1454
1601082000000,0.158,1536
1601168400000,0.156,1351
1601254800000,0.168,2104
1601341200000,0.166,1470
1601427600000,0.165,1368
1601514000000,0.16,1204
1601600400000,0.16,1277
1601686800000,0.164,1626
1601773200000,0.164,1646
1601859600000,0.162,1396
1601946000000,0.16,1123
1602032400000,0.16,1425
1602118800000,0.162,1240
1602205200000,0.157,1230
1602291600000,0.153,1184
1602378000000,0.158,1321
1602464400000,0.155,1038
1602550800000,0.157,1270
1602637200000,0.153,1195
1602723600000,0.152,1062
1602810000000,0.16,1425
1602896400000,0.16,1370
1602982800000,0.159,1226
1603069200000,0.159,1109
1603155600000,0.158,986
1603242000000,0.157,1219
1603328400000,0.159,1318
1603414800000,0.157,1289
1603501200000,0.157,1369
1603587600000,0.153,1407
1603674000000,0.155,1176
1603760400000,0.154,1168
1603846800000,0.154,1293
1603933200000,0.153,1364
1604019600000,0.147,1547
1604106000000,0.148,1386
1604192400000,0.147,1878
1604278800000,0.144,1262
1604365200000,0.146,1251
1604451600000,0.149,1578
1604538000000,0.154,1428
1604624400000,0.155,1443
1604710800000,0.159,1493
1604797200000,0.159,1400
1604883600000,0.16,1369
1604970000000,0.17,1452
1605056400000,0.177,1525
1605142800000,0.176,1243
1605229200000,0.171,1293
1605315600000,0.166,1457
1605402000000,0.167,1407
1605488400000,0.167,1464
1605574800000,0.169,1275
1605661200000,0.165,1310
1605747600000,0.166,1479
1605834000000,0.164,1557
1605920400000,0.166,1531
1606006800000,0.165,1454
1606093200000,0.161,1265
1606179600000,0.165,1327
1606266000000,0.162,1673
1606352400000,0.157,1942
1606438800000,0.152,1692
1606525200000,0.152,1887
1606611600000,0.151,1575
1606698000000,0.145,1408
1606784400000,0.137,1296
1606870800000,0.139,1204
1606957200000,0.15,1971
1607043600000,0.165,3715
1607130000000,0.184,2955
1607216400000,0.189,2025
1607302800000,0.183,1864
1607389200000,0.182,1712
1607475600000,0.186,1970
1607562000000,0.184,2019
1607648400000,0.181,1814
1607734800000,0.203,2501
1607821200000,0.208,2091
1607907600000,0.205,1736
1607994000000,0.207,1658
1608080400000,0.211,2484
1608166800000,0.227,1989
1608253200000,0.244,1954
1608339600000,0.245,1924
1608426000000,0.253,1953
1608512400000,0.255,1593
1608598800000,0.25,1712
1608685200000,0.235,2107
1608771600000,0.233,2580
1608858000000,0.225,1716
1608944400000,0.217,2009
1609030800000,0.222,1381
1609117200000,0.221,1743
1609203600000,0.213,1827
1609290000000,0.221,2287
1609376400000,0.228,2040
1609462800000,0.242,1880
1609549200000,0.245,1729
1609635600000,0.256,2116
1609722000000,0.26,1791
1609808400000,0.262,1842
1609894800000,0.254,1832
1609981200000,0.254,1710
1610067600000,0.26,1976
1610154000000,0.269,1720
1610240400000,0.27,1478
1610326800000,0.261,1555
1610413200000,0.26,1722
1610499600000,0.265,1971
1610586000000,0.262,1722
1610672400000,0.259,1612
1610758800000,0.261,1753
1610845200000,0.269,1812
1610931600000,0.271,1622
1611018000000,0.277,1645
1611104400000,0.279,1866
1611190800000,0.279,1869
1611277200000,0.279,1753
1611363600000,0.276,1675
1611450000000,0.274,1505
1611536400000,0.278,1796
1611622800000,0.276,1429
1611709200000,0.275,1733
1611795600000,0.242,2214
1611882000000,0.221,1738
1611968400000,0.218,1668
1612054800000,0.219,1452
1612141200000,0.228,1524
1612227600000,0.224,1291
1612314000000,0.22,1812
1612400400000,0.228,1683
1612486800000,0.231,1482
1612573200000,0.226,1847
1612659600000,0.224,1518
1612746000000,0.228,1761
1612832400000,0.226,1626
1612918800000,0.218,2379
1613005200000,0.211,1854
1613091600000,0.202,1920
1613178000000,0.21,2214
1613264400000,0.205,2030
1613350800000,0.207,1705
1613437200000,0.216,1609
1613523600000,0.225,2100
1613610000000,0.221,1731
1613696400000,0.227,1709
1613782800000,0.241,1903
1613869200000,0.236,1686
1613955600000,0.24,1674
1614042000000,0.232,1480
1614128400000,0.231,1782
1614214800000,0.233,1864
1614301200000,0.239,1697
1614387600000,0.237,1869
1614474000000,0.238,1800
1614560400000,0.247,1595
1614646800000,0.245,1541
1614733200000,0.245,1889
1614819600000,0.247,2064
1614906000000,0.264,2439
1614992400000,0.274,2415
1615078800000,0.277,1921
1615165200000,0.281,1772
1615251600000,0.294,1817
1615338000000,0.297,2043
1615424400000,0.304,1951
1615510800000,0.306,1789
1615597200000,0.314,1974
1615683600000,0.311,1671
1615770000000,0.306,1529
1615856400000,0.306,1837
1615942800000,0.302,1997
1616029200000,0.286,2042
1616115600000,0.28,2342
1616202000000,0.282,2258
1616288400000,0.299,2178
1616374800000,0.309,1883
1616461200000,0.337,1893
1616547600000,0.341,2082
1616634000000,0.337,2089
1616720400000,0.344,1895
1616806800000,0.353,2186
1616893200000,0.356,1733
1616979600000,0.364,2019
1617066000000,0.365,1681
1617152400000,0.363,1921
1617238800000,0.353,1734
1617325200000,0.355,1851
1617411600000,0.358,1941
1617498000000,0.364,1615
1617584400000,0.362,1670
1617670800000,0.361,1715
1617757200000,0.335,1905
1617843600000,0.311,2886
1617930000000,0.315,2750
1618016400000,0.302,2276
1618102800000,0.304,1875
1618189200000,0.306,1711
1618275600000,0.322,2131
1618362000000,0.334,616
1618448400000,0.336,2084
1618534800000,0.337,1956
1618621200000,0.322,1781
1618707600000,0.321,1477
1618794000000,0.323,1557
1618880400000,0.323,1552
1618966800000,0.333,1959
1619053200000,0.327,1536
1619139600000,0.336,1812
1619226000000,0.337,1704
1619312400000,0.332,1574
1619398800000,0.338,1662
1619485200000,0.352,1536
1619571600000,0.352,1653
1619658000000,0.367,1883
1619744400000,0.383,1982
1619830800000,0.386,1609
1619917200000,0.381,1497
1620003600000,0.384,1554
1620090000000,0.394,1989
1620176400000,0.403,2199
1620262800000,0.407,2094
1620349200000,0.396,1910
1620435600000,0.393,1716
1620522000000,0.388,1499
1620608400000,0.393,1703
1620694800000,0.412,1912
1620781200000,0.419,1790
1620867600000,0.412,1718
1620954000000,0.412,1682
1621040400000,0.406,1655
1621126800000,0.401,1502
1621213200000,0.387,1260
1621299600000,0.378,1371
1621386000000,0.377,1690
1621472400000,0.37,1496
1621558800000,0.368,1690
1621645200000,0.384,1537
1621731600000,0.392,1884
1621818000000,0.395,1502
1621904400000,0.396,1356
1621990800000,0.427,1969
1622077200000,0.474,2059
1622163600000,0.469,1951
1622250000000,0.459,1736
1622336400000,0.459,1541
1622422800000,0.454,1380
1622509200000,0.437,1174
1622595600000,0.434,1637
1622682000000,0.453,1813
1622768400000,0.492,2276
1622854800000,0.546,1881
1622941200000,0.553,1555
1623027600000,0.574,1624
1623114000000,0.643,1685
1623200400000,0.717,1746
1623286800000,0.701,1570
1623373200000,0.655,1375
1623459600000,0.617,1312
1623546000000,0.564,1356
1623632400000,0.516,1268
1623718800000,0.551,1409
1623805200000,0.561,1673
1623891600000,0.553,1433
1623978000000,0.578,1481
1624064400000,0.542,1202
1624150800000,0.519,1125
1624237200000,0.497,1332
1624323600000,0.495,1459
1624410000000,0.507,1408
1624496400000,0.497,1649
1624582800000,0.47,1899
1624669200000,0.436,1579
1624755600000,0.438,1295
1624842000000,0.436,1574
1624928400000,0.451,1202
1625014800000,0.431,1497
1625101200000,0.432,1377
1625187600000,0.432,1335
1625274000000,0.415,1190
1625360400000,0.407,1261
1625446800000,0.391,1152
1625533200000,0.381,1122
1625619600000,0.375,1451
1625706000000,0.359,1187
1625792400000,0.367,1017
1625878800000,0.319,908
1625965200000,0.303,1025
1626051600000,0.305,1102
1626138000000,0.326,877
1626224400000,0.319,984
1626310800000,0.328,1029
1626397200000,0.318,865
1626483600000,0.315,1333
1626570000000,0.324,1028
1626656400000,0.327,1067
1626742800000,0.329,1291
1626829200000,0.341,1168
1626915600000,0.341,1049
1627002000000,0.35,1066
1627088400000,0.351,1134
1627174800000,0.341,895
1627261200000,0.342,934
1627347600000,0.349,608
1627434000000,0.339,1420
1627520400000,0.333,1371
1627606800000,0.339,1116
1627693200000,0.331,941
1627779600000,0.326,794
1627866000000,0.329,1058
1627952400000,0.337,974
1628038800000,0.318,940
1628125200000,0.32,790
1628211600000,0.308,1211
1628298000000,0.307,1020
1628384400000,0.311,942
1628470800000,0.301,942
1628557200000,0.301,915
1628643600000,0.291,1095
1628730000000,0.291,1087
1628816400000,0.286,924
1628902800000,0.285,1016
1628989200000,0.289,871
1629075600000,0.292,928
1629162000000,0.291,837
1629248400000,0.288,1071
1629334800000,0.292,1012
1629421200000,0.296,1032
1629507600000,0.3,1039
1629594000000,0.302,1104
1629680400000,0.302,850
1629766800000,0.295,838
1629853200000,0.296,1065
1629939600000,0.297,1355
1630026000000,0.295,969
1630112400000,0.292,1010
1630198800000,0.293,1060
1630285200000,0.297,964
1630371600000,0.295,996
1630458000000,0.302,1030
1630544400000,0.29,999
1630630800000,0.292,1170
1630717200000,0.295,1010
1630803600000,0.298,1090
1630890000000,0.3,946
1630976400000,0.3,953
1631062800000,0.297,1014
1631149200000,0.302,1146
1631235600000,0.308,1266
1631322000000,0.302,1076
1631408400000,0.304,1123
1631494800000,0.316,996
1631581200000,0.318,951
1631667600000,0.316,1044
1631754000000,0.316,1009
1631840400000,0.31,1238
1631926800000,0.309,1099
1632013200000,0.306,1008
1632099600000,0.303,856
1632186000000,0.297,878
1632272400000,0.336,3424
1632358800000,0.304,1786
1632445200000,0.308,1647
1632531600000,0.309,1575
1632618000000,0.32,1269
1632704400000,0.31,1100
1632790800000,0.31,1073
1632877200000,0.305,1468
1632963600000,0.303,1359
1633050000000,0.312,1242
1633136400000,0.313,1276
1633222800000,0.309,1320
1633309200000,0.321,1144
1633395600000,0.316,1020
1633482000000,0.313,1316
1633568400000,0.323,1111
1633654800000,0.336,1079
1633741200000,0.336,1144
1633827600000,0.336,916
1633914000000,0.334,908
1634000400000,0.345,904
1634086800000,0.323,1000
1634173200000,0.339,1269
1634259600000,0.318,897
1634346000000,0.315,1232
1634432400000,0.312,885
1634518800000,0.309,901
1634605200000,0.298,707
1634691600000,0.29,949
1634778000000,0.283,1025
1634864400000,0.273,1207
1634950800000,0.268,1092
1635037200000,0.269,964
1635123600000,0.264,822
1635210000000,0.268,804
1635296400000,0.264,1041
1635382800000,0.257,1287
1635469200000,0.258,1187
1635555600000,0.249,1071
1635642000000,0.251,1081
1635728400000,0.259,1154
1635814800000,0.271,1199
1635901200000,0.267,1213
1635987600000,0.268,1053
1636074000000,0.274,1121
1636160400000,0.282,1158
1636246800000,0.279,1052
1636333200000,0.273,949
1636419600000,0.264,744
1636506000000,0.253,1284
1636592400000,0.24,1282
1636678800000,0.243,1409
1636765200000,0.244,1064
1636851600000,0.246,1096
1636938000000,0.243,906
1637024400000,0.248,811
1637110800000,0.253,1260
1637197200000,0.247,1027
1637283600000,0.249,1070
1637370000000,0.249,1145
1637456400000,0.254,1074
1637542800000,0.256,864
1637629200000,0.258,863
1637715600000,0.268,1179
1637802000000,0.255,1361
1637888400000,0.257,1395
1637974800000,0.258,1131
1638061200000,0.259,1099
1638147600000,0.256,1030
1638234000000,0.247,1458
1638320400000,0.246,1266
1638406800000,0.245,1034
1638493200000,0.243,1096
1638579600000,0.26,1488
1638666000000,0.279,1556
1638752400000,0.282,1119
1638838800000,0.287,792
1638925200000,0.285,1161
1639011600000,0.282,1211
1639098000000,0.295,1388
1639184400000,0.296,1167
1639270800000,0.291,1157
1639357200000,0.284,873
1639443600000,0.282,812
1639530000000,0.269,1078
1639616400000,0.254,1085
1639702800000,0.262,965
1639789200000,0.258,900
1639875600000,0.26,1015
1639962000000,0.278,1111
1640048400000,0.266,611
1640134800000,0.268,1164
1640221200000,0.266,1068
1640307600000,0.269,1176
1640394000000,0.271,1131
1640480400000,0.269,1138
1640566800000,0.277,1462
1640653200000,0.277,996
1640739600000,0.277,1317
1640826000000,0.269,1241
1640912400000,0.276,1211
1640998800000,0.291,1289
1641085200000,0.282,1179
1641171600000,0.281,1071
1641258000000,0.28,1054
1641344400000,0.28,1255
1641430800000,0.279,1057
1641517200000,0.279,1119
1641603600000,0.289,1223
1641690000000,0.283,821
1641776400000,0.291,896
1641862800000,0.288,868
1641949200000,0.292,1009
1642035600000,0.29,1236
1642122000000,0.294,1052
1642208400000,0.297,1063
1642294800000,0.296,932
1642381200000,0.308,940
1642467600000,0.301,778
1642554000000,0.294,1072
1642640400000,0.297,1056
1642726800000,0.288,1314
1642813200000,0.286,1292
1642899600000,0.275,1292
1642986000000,0.275,1011
1643072400000,0.266,1012
1643158800000,0.274,1390
1643245200000,0.274,1438
1643331600000,0.267,1404
1643418000000,0.265,1570
1643504400000,0.268,1502
1643590800000,0.257,1088
1643677200000,0.252,1198
1643763600000,0.252,1490
1643850000000,0.255,1374
1643936400000,0.263,1482
1644022800000,0.257,1105
1644109200000,0.259,1393
1644195600000,0.248,1072
1644282000000,0.247,1071
1644368400000,0.245,1074
1644454800000,0.247,1523
1644541200000,0.254,1420
1644627600000,0.25,1109
1644714000000,0.259,1348
1644800400000,0.261,1089
1644886800000,0.251,993
1644973200000,0.257,1244
1645059600000,0.266,1235
1645146000000,0.263,1191
1645232400000,0.265,1122
1645318800000,0.26,1085
1645405200000,0.273,1197
1645491600000,0.266,958
1645578000000,0.263,1141
1645664400000,0.261,864
1645750800000,0.26,974
1645837200000,0.262,1036
1645923600000,0.26,1009
1646010000000,0.268,980
1646096400000,0.267,1012
1646182800000,0.265,1219
1646269200000,0.26,1134
1646355600000,0.259,1164
1646442000000,0.265,1304
1646528400000,0.26,1387
1646614800000,0.261,1127
1646701200000,0.26,1208
1646787600000,0.255,1304
1646874000000,0.263,1347
1646960400000,0.283,1165
1647046800000,0.273,1244
1647133200000,0.267,1313
1647219600000,0.273,1074
1647306000000,0.279,1107
1647392400000,0.273,1092
1647478800000,0.27,1198
1647565200000,0.272,1125
1647651600000,0.266,1093
1647738000000,0.27,1178
1647824400000,0.273,906
1647910800000,0.272,996
1647997200000,0.265,1017
1648083600000,0.262,1138
1648170000000,0.269,1085
1648256400000,0.273,1207
1648342800000,0.264,1244
1648429200000,0.267,1128
1648515600000,0.266,1149
1648602000000,0.268,846
1648688400000,0.277,1014
1648774800000,0.269,910
1648861200000,0.272,1067
1648947600000,0.279,1106
1649034000000,0.28,818
1649120400000,0.282,1038
1649206800000,0.283,919
1649293200000,0.285,1007
1649379600000,0.289,1010
1649466000000,0.281,1066
1649552400000,0.28,1099
1649638800000,0.275,963
1649725200000,0.275,1047
1649811600000,0.272,1210
1649898000000,0.279,1144
1649984400000,0.281,916
1650070800000,0.277,1064
1650157200000,0.274,823
1650243600000,0.27,873
1650330000000,0.276,1043
1650416400000,0.277,968
1650502800000,0.277,891
1650589200000,0.277,1060
1650675600000,0.283,992
1650762000000,0.28,1044
1650848400000,0.282,870
1650934800000,0.282,913
1651021200000,0.282,962
1651107600000,0.282,919
1651194000000,0.285,1113
1651280400000,0.278,1127
1651366800000,0.277,1062
1651453200000,0.273,896
1651539600000,0.282,946
1651626000000,0.272,1561
1651712400000,0.268,1074
1651798800000,0.26,1192
1651885200000,0.263,1012
1651971600000,0.263,1132
1652058000000,0.263,855
1652144400000,0.266,955
1652230800000,0.261,1099
1652317200000,0.261,865
1652403600000,0.263,943
1652490000000,0.251,860
1652576400000,0.253,1007
1652662800000,0.251,764
1652749200000,0.254,740
1652835600000,0.253,1008
1652922000000,0.252,892
1653008400000,0.251,906
1653094800000,0.254,993
1653181200000,0.253,916
1653267600000,0.255,852
1653354000000,0.252,975
1653440400000,0.254,878
1653526800000,0.254,1052
1653613200000,0.252,1043
1653699600000,0.252,1021
1653786000000,0.255,1044
1653872400000,0.256,975
1653958800000,0.262,884
1654045200000,0.261,1040
1654131600000,0.261,917
1654218000000,0.254,1227
1654304400000,0.253,1124
1654390800000,0.252,1076
1654477200000,0.254,972
1654563600000,0.253,867
1654650000000,0.25,1312
1654736400000,0.24,925
1654822800000,0.244,864
1654909200000,0.241,845
1654995600000,0.243,901
1655082000000,0.23,677
1655168400000,0.233,744
1655254800000,0.239,1069
1655341200000,0.233,1129
1655427600000,0.234,902
1655514000000,0.232,791
1655600400000,0.23,828
1655686800000,0.225,846
1655773200000,0.218,1082
1655859600000,0.215,908
1655946000000,0.217,1194
1656032400000,0.216,1361
1656118800000,0.212,1062
1656205200000,0.215,1087
1656291600000,0.216,978
1656378000000,0.223,1170
1656464400000,0.22,1204
1656550800000,0.21,1070
1656637200000,0.217,1129
1656723600000,0.223,1213
1656810000000,0.224,1023
1656896400000,0.236,1185
1656982800000,0.237,1212
1657069200000,0.218,1038
1657155600000,0.215,1079
1657242000000,0.221,949
1657328400000,0.221,905
1657414800000,0.224,985
1657501200000,0.224,875
1657587600000,0.218,814
1657674000000,0.22,877
1657760400000,0.217,1009
1657846800000,0.22,890
1657933200000,0.218,876
1658019600000,0.222,943
1658106000000,0.225,1120
1658192400000,0.22,930
1658278800000,0.218,985
1658365200000,0.225,2031
1658451600000,0.218,1104
1658538000000,0.214,946
1658624400000,0.219,913
1658710800000,0.215,841
1658797200000,0.218,939
1658883600000,0.222,1063
1658970000000,0.217,827
1659056400000,0.216,843
1659142800000,0.223,1097
1659229200000,0.228,1253
1659315600000,0.223,933
1659402000000,0.227,1183
1659488400000,0.224,1140
1659574800000,0.22,927
1659661200000,0.219,966
1659747600000,0.228,1089
1659834000000,0.219,891
1659920400000,0.219,906
1660006800000,0.218,441
1660093200000,0.219,1116
1660179600000,0.222,1072
1660266000000,0.218,915
1660352400000,0.22,884
1660438800000,0.226,890
1660525200000,0.226,986
1660611600000,0.236,1215
1660698000000,0.239,1420
1660784400000,0.238,1266
1660870800000,0.236,1047
1660957200000,0.232,1126
1661043600000,0.23,1133
1661130000000,0.232,1148
1661216400000,0.232,954
1661302800000,0.241,1261
1661389200000,0.236,1300
1661475600000,0.233,1031
1661562000000,0.239,1061
1661648400000,0.239,1106
1661734800000,0.242,1065
1661821200000,0.247,1099
1661907600000,0.248,1384
1661994000000,0.243,1027
1662080400000,0.239,1308
1662166800000,0.24,1294
1662253200000,0.249,1144
1662339600000,0.259,1046
1662426000000,0.255,828
1662512400000,0.253,1092
1662598800000,0.247,1007
1662685200000,0.241,947
1662771600000,0.242,1153
1662858000000,0.241,1077
1662944400000,0.231,856
1663030800000,0.237,870
1663117200000,0.236,1008
1663203600000,0.23,1008
1663290000000,0.234,1003
1663376400000,0.239,947
1663462800000,0.232,932
1663549200000,0.223,870
1663635600000,0.237,808
1663722000000,0.241,1242
1663808400000,0.232,985
1663894800000,0.241,1063
1663981200000,0.241,1136
1664067600000,0.231,988
1664154000000,0.235,1022
1664240400000,0.236,843
1664326800000,0.228,956
1664413200000,0.223,996
1664499600000,0.221,1091
1664586000000,0.225,1453
1664672400000,0.232,975
1664758800000,0.236,807
1664845200000,0.239,837
1664931600000,0.232,953
1665018000000,0.233,882
1665104400000,0.233,949
1665190800000,0.234,860
1665277200000,0.241,1076
1665363600000,0.251,1169
1665450000000,0.248,1053
1665536400000,0.248,823
1665622800000,0.241,901
1665709200000,0.241,723
1665795600000,0.244,1146
1665882000000,0.252,891
1665968400000,0.246,796
1666054800000,0.248,789
1666141200000,0.258,1163
1666227600000,0.247,978
1666314000000,0.241,940
1666400400000,0.235,1392
1666486800000,0.228,1036
1666573200000,0.226,861
1666659600000,0.224,1017
1666746000000,0.222,1172
1666832400000,0.218,1088
1666918800000,0.213,989
1667005200000,0.218,1136
1667091600000,0.224,1048
1667178000000,0.216,856
1667264400000,0.216,927
1667350800000,0.219,957
1667437200000,0.213,865
1667523600000,0.215,1008
1667610000000,0.221,938
1667696400000,0.217,900
1667782800000,0.216,879
1667869200000,0.219,727
1667955600000,0.218,774
1668042000000,0.214,879
1668128400000,0.215,932
1668214800000,0.22,1104
1668301200000,0.222,1035
1668387600000,0.223,808
1668474000000,0.223,853
1668560400000,0.223,854
1668646800000,0.219,1040
1668733200000,0.249,1121
1668819600000,0.228,1109
1668906000000,0.229,1247
1668992400000,0.223,929
1669078800000,0.227,887
1669165200000,0.222,1566
1669251600000,0.23,1209
1669338000000,0.227,1184
1669424400000,0.221,1258
1669510800000,0.218,1212
1669597200000,0.222,1034
1669683600000,0.216,856
1669770000000,0.218,895
1669856400000,0.229,1044
1669942800000,0.235,912
1670029200000,0.238,1187
1670115600000,0.238,997
1670202000000,0.247,716
1670288400000,0.243,748
1670374800000,0.243,1084
1670461200000,0.242,859
1670547600000,0.248,908
1670634000000,0.247,920
1670720400000,0.249,1129
1670806800000,0.247,802
1670893200000,0.246,767
1670979600000,0.244,996
1671066000000,0.235,846
1671152400000,0.231,959
1671238800000,0.233,1005
1671325200000,0.232,906
1671411600000,0.235,754
1671498000000,0.236,787
1671584400000,0.231,952
1671670800000,0.235,1093
1671757200000,0.229,1399
1671843600000,0.23,1241
1671930000000,0.231,1243
1672016400000,0.228,1129
1672102800000,0.221,1197
1672189200000,0.215,1174
1672275600000,0.206,957
1672362000000,0.205,1144
1672448400000,0.211,877
1672534800000,0.207,968
1672621200000,0.207,1127
1672707600000,0.212,1044
1672794000000,0.217,1172
1672880400000,0.217,1145
1672966800000,0.216,890
1673053200000,0.212,851
1673139600000,0.212,811
1673226000000,0.213,780
1673312400000,0.218,850
1673398800000,0.214,970
1673485200000,0.217,866
1673571600000,0.213,862
1673658000000,0.215,985
1673744400000,0.213,1016
1673830800000,0.216,907
1673917200000,0.214,807
1674003600000,0.213,896
1674090000000,0.213,1031
1674176400000,0.213,1172
1674262800000,0.213,1134
1674349200000,0.215,1273
1674435600000,0.213,869
1674522000000,0.216,945
1674608400000,0.218,1070
1674694800000,0.214,921
1674781200000,0.216,1052
1674867600000,0.225,1544
1674954000000,0.223,1107
1675040400000,0.223,1039
1675126800000,0.217,834
1675213200000,0.221,1068
1675299600000,0.219,1070
1675386000000,0.216,993
1675472400000,0.22,1140
1675558800000,0.223,1145
1675645200000,0.227,992
1675731600000,0.232,1097
1675818000000,0.23,1115
1675904400000,0.229,1045
1675990800000,0.227,1378
1676077200000,0.219,1418
1676163600000,0.217,1502
1676250000000,0.224,1150
1676336400000,0.222,1082
1676422800000,0.221,1362
1676509200000,0.223,1471
1676595600000,0.216,1332
1676682000000,0.216,1342
1676768400000,0.216,1338
1676854800000,0.215,1040
1676941200000,0.215,1204
1677027600000,0.213,1376
1677114000000,0.211,1464
1677200400000,0.213,1325
1677286800000,0.212,1299
1677373200000,0.21,1320
1677459600000,0.216,1163
1677546000000,0.211,1198
1677632400000,0.217,1439
1677718800000,0.224,1426
1677805200000,0.226,1368
1677891600000,0.229,1492
1677978000000,0.229,1554
1678064400000,0.218,1245
1678150800000,0.216,1235
1678237200000,0.235,1692
1678323600000,0.23,1459
1678410000000,0.232,1647
1678496400000,0.229,1475
1678582800000,0.231,1730
1678669200000,0.234,1403
1678755600000,0.232,1633
1678842000000,0.233,1620
1678928400000,0.23,1829
1679014800000,0.23,1740
1679101200000,0.232,1872
1679187600000,0.241,1797
1679274000000,0.237,1487
1679360400000,0.232,1366
1679446800000,0.235,2044
1679533200000,0.253,2348
1679619600000,0.273,3343
1679706000000,0.292,1915
1679792400000,0.289,2140
1679878800000,0.33,2915
1679965200000,0.334,1650
1680051600000,0.33,1989
1680138000000,0.325,1486
1680224400000,0.314,1218
1680310800000,0.297,1541
1680397200000,0.314,2034
1680483600000,0.317,1596
1680570000000,0.314,1377
1680656400000,0.313,2049
1680742800000,0.319,2629
1680829200000,0.323,1761
1680915600000,0.33,1609
1681002000000,0.331,2080
1681088400000,0.326,2289
1681174800000,0.329,2119
1681261200000,0.34,2065
1681347600000,0.357,1837
1681434000000,0.371,1765
1681520400000,0.37,1270
1681606800000,0.378,1518
1681693200000,0.386,1806
1681779600000,0.39,1430
1681866000000,0.428,1792
1681952400000,0.439,2331
1682038800000,0.436,1299
1682092800000,0.43,137
1682096400000,0.434,96
1682100000000,0.42,91
1682103600000,0.42,112
1682107200000,0.42,124
1682110800000,0.42,117
1682114400000,0.428,136
1682118000000,0.428,77
1682121600000,0.42,95
1682125200000,0.439,89
1682128800000,0.417,42
1682132400000,0.417,48
1682136000000,0.46,106
1682139600000,0.42,27
1682143200000,0.454,84
1682146800000,0.446,42
1682150400000,0.425,64
1682154000000,0.42,64
1682157600000,0.428,77
1682161200000,0.42,91
1682164800000,0.417,89
1682168400000,0.42,92
1682172000000,0.439,132
1682175600000,0.428,108
1682179200000,0.42,101
1682182800000,0.42,90
1682186400000,0.42,114
1682190000000,0.43,101
1682193600000,0.43,157
1682197200000,0.43,120
1682200800000,0.43,127
1682204400000,0.43,95
1682208000000,0.43,82
1682211600000,0.46,103
1682215200000,0.45,153
1682218800000,0.42,42
1682222400000,0.455,123
1682226000000,0.43,39
1682229600000,0.439,59
1682233200000,0.439,32
1682236800000,0.46,63
1682240400000,0.439,77
1682244000000,0.439,61
1682247600000,0.439,69
1682251200000,0.439,128
1682254800000,0.435,92
1682258400000,0.43,102
1682262000000,0.439,97
1682265600000,0.439,101
1682269200000,0.43,102
1682272800000,0.43,133
1682276400000,0.43,108
1682280000000,0.43,112
1682283600000,0.43,126
1682287200000,0.43,101
1682290800000,0.43,64
1682294400000,0.46,56
1682298000000,0.439,58
1682301600000,0.43,37
1682305200000,0.43,34
1682308800000,0.43,53
1682312400000,0.45,37
1682316000000,0.463,155
1682319600000,0.47,124
1682323200000,0.454,49
1682326800000,0.46,72
1682330400000,0.455,66
1682334000000,0.455,73
1682337600000,0.471,99
1682341200000,0.46,124
1682344800000,0.45,68
1682348400000,0.439,162
1682352000000,0.43,105
1682355600000,0.43,77
1682359200000,0.43,90
1682362800000,0.42,117
1682366400000,0.417,109
1682370000000,0.417,98
1682373600000,0.418,69
1682377200000,0.414,57
1682380800000,0.42,56
1682384400000,0.43,100
1682388000000,0.48,560
1682391600000,0.56,352
1682395200000,0.64,166
1682398800000,0.66,343
1682402400000,0.606,155
1682406000000,0.63,195
1682409600000,0.584,159
1682413200000,0.562,181
1682416800000,0.56,156
1682420400000,0.569,205
1682424000000,0.561,185
1682427600000,0.565,190
1682431200000,0.504,196
1682434800000,0.523,219
1682438400000,0.506,206
1682442000000,0.51,213
1682445600000,0.51,221
1682449200000,0.5,204
1682452800000,0.473,182
1682456400000,0.482,148
1682460000000,0.484,129
1682463600000,0.533,73
1682467200000,0.54,127
1682470800000,0.54,158
1682474400000,0.54,125
1682478000000,0.539,126
1682481600000,0.54,126
1682485200000,0.55,141
1682488800000,0.547,174
1682492400000,0.55,85
1682496000000,0.49,52
1682499600000,0.505,85
1682503200000,0.514,57
1682506800000,0.516,80
1682510400000,0.503,122
1682514000000,0.518,141
1682517600000,0.47,117
1682521200000,0.49,191
1682524800000,0.48,118
1682528400000,0.5,178
1682532000000,0.506,235
1682535600000,0.498,177
1682539200000,0.476,124
1682542800000,0.465,110
1682546400000,0.488,127
1682550000000,0.52,108
1682553600000,0.51,85
1682557200000,0.53,110
1682560800000,0.49,46
1682564400000,0.515,88
1682568000000,0.508,40
1682571600000,0.519,76
1682575200000,0.53,75
1682578800000,0.521,40
1682582400000,0.51,64
1682586000000,0.487,93
1682589600000,0.487,72
1682593200000,0.476,104
1682596800000,0.476,157
1682600400000,0.501,120
1682604000000,0.476,82
1682607600000,0.498,114
1682611200000,0.51,204
1682614800000,0.476,141
1682618400000,0.465,156
1682622000000,0.454,152
1682625600000,0.476,143
1682629200000,0.48,145
1682632800000,0.48,105
1682636400000,0.51,105
1682640000000,0.47,70
1682643600000,0.476,48
1682647200000,0.48,61
1682650800000,0.493,62
1682654400000,0.506,60
1682658000000,0.5,55
1682661600000,0.51,49
1682665200000,0.528,87
1682668800000,0.529,148
1682672400000,0.517,94
1682676000000,0.51,81
1682679600000,0.505,109
1682683200000,0.499,107
1682686800000,0.495,71
1682690400000,0.49,168
1682694000000,0.473,88
1682697600000,0.483,156
1682701200000,0.506,168
1682704800000,0.493,152
1682708400000,0.451,80
1682712000000,0.462,150
1682715600000,0.462,151
1682719200000,0.48,125
1682722800000,0.517,170
1682726400000,0.488,80
1682730000000,0.462,75
1682733600000,0.482,34
1682737200000,0.462,42
1682740800000,0.506,78
1682744400000,0.517,39
1682748000000,0.5,54
1682751600000,0.513,54
1682755200000,0.488,66
1682758800000,0.47,54
1682762400000,0.462,82
1682766000000,0.451,83
1682769600000,0.477,78
1682773200000,0.473,106
1682776800000,0.47,108
1682780400000,0.492,131
1682784000000,0.506,153
1682787600000,0.473,143
1682791200000,0.503,132
1682794800000,0.46,119
1682798400000,0.454,132
1682802000000,0.462,140
1682805600000,0.475,128
1682809200000,0.47,90
1682812800000,0.488,81
1682816400000,0.466,92
1682820000000,0.456,37
1682823600000,0.451,41
1682827200000,0.488,42
1682830800000,0.517,158
1682834400000,0.46,47
1682838000000,0.45,56
1682841600000,0.487,61
1682845200000,0.458,52
1682848800000,0.47,99
1682852400000,0.5,135
1682856000000,0.455,80
1682859600000,0.492,95
1682863200000,0.483,133
1682866800000,0.457,93
1682870400000,0.473,146
1682874000000,0.473,129
1682877600000,0.48,108
1682881200000,0.46,111
1682884800000,0.446,132
1682888400000,0.503,196
1682892000000,0.49,104
1682895600000,0.506,139
1682899200000,0.49,63
1682902800000,0.48,77
1682906400000,0.491,60
1682910000000,0.47,47
1682913600000,0.501,46
1682917200000,0.49,50
1682920800000,0.49,44
1682924400000,0.49,49
1682928000000,0.47,65
1682931600000,0.495,88
1682935200000,0.487,108
1682938800000,0.462,70
1682942400000,0.462,84
1682946000000,0.47,69
1682949600000,0.461,99
1682953200000,0.459,116
1682956800000,0.457,117
1682960400000,0.461,78
1682964000000,0.47,129
1682967600000,0.462,70
1682971200000,0.462,121
1682974800000,0.441,120
1682978400000,0.452,90
1682982000000,0.47,85
1682985600000,0.458,65
1682989200000,0.47,50
1682992800000,0.435,43
1682996400000,0.437,29
1683000000000,0.452,60
1683003600000,0.459,60
1683007200000,0.435,27
1683010800000,0.46,43
1683014400000,0.441,36
1683018000000,0.474,134
1683021600000,0.474,105
1683025200000,0.434,54
1683028800000,0.474,124
1683032400000,0.463,79
1683036000000,0.463,66
1683039600000,0.463,96
1683043200000,0.47,121
1683046800000,0.502,135
1683050400000,0.457,91
1683054000000,0.473,88
1683057600000,0.46,89
1683061200000,0.46,80
1683064800000,0.485,87
1683068400000,0.43,40
1683072000000,0.452,59
1683075600000,0.454,44
1683079200000,0.46,48
1683082800000,0.47,49
1683086400000,0.495,46
1683090000000,0.5,63
1683093600000,0.52,75
1683097200000,0.471,46
1683100800000,0.515,106
1683104400000,0.468,61
1683108000000,0.521,203
1683111600000,0.51,80
1683115200000,0.51,102
1683118800000,0.51,64
1683122400000,0.51,108
1683126000000,0.493,89
1683129600000,0.497,90
1683133200000,0.48,93
1683136800000,0.471,77
1683140400000,0.466,118
1683144000000,0.449,100
1683147600000,0.459,105
1683151200000,0.46,91
1683154800000,0.474,104
1683158400000,0.456,40
1683162000000,0.46,33
1683165600000,0.47,38
1683169200000,0.48,49
1683172800000,0.491,52
1683176400000,0.48,87
1683180000000,0.474,36
1683183600000,0.499,56
1683187200000,0.47,36
1683190800000,0.49,70
1683194400000,0.48,71
1683198000000,0.463,53
1683201600000,0.474,83
1683205200000,0.47,65
1683208800000,0.489,85
1683212400000,0.474,89
1683216000000,0.493,152
1683219600000,0.486,74
1683223200000,0.481,107
1683226800000,0.48,144
1683230400000,0.474,109
1683234000000,0.47,84
1683237600000,0.49,137
1683241200000,0.479,88
1683244800000,0.474,61
1683248400000,0.463,109
1683252000000,0.47,102
1683255600000,0.48,140
1683259200000,0.505,104
1683262800000,0.49,68
1683266400000,0.48,66
1683270000000,0.48,97
1683273600000,0.48,69
1683277200000,0.488,79
1683280800000,0.49,79
1683284400000,0.49,158
1683288000000,0.485,147
1683291600000,0.47,88
1683295200000,0.474,57
1683298800000,0.491,58
1683302400000,0.474,103
1683306000000,0.47,135
1683309600000,0.47,125
1683313200000,0.463,154
1683316800000,0.47,117
1683320400000,0.47,123
1683324000000,0.47,118
1683327600000,0.472,97
1683331200000,0.476,95
1683334800000,0.47,61
1683338400000,0.483,52
1683342000000,0.47,33
1683345600000,0.475,71
1683349200000,0.483,114
1683352800000,0.472,63
1683356400000,0.471,52
1683360000000,0.472,52
1683363600000,0.461,53
1683367200000,0.47,104
1683370800000,0.47,74
1683374400000,0.48,112
1683378000000,0.47,62
1683381600000,0.463,106
1683385200000,0.461,69
1683388800000,0.461,126
1683392400000,0.46,81
1683396000000,0.46,117
1683399600000,0.461,110
1683403200000,0.46,114
1683406800000,0.46,121
1683410400000,0.439,84
1683414000000,0.448,119
1683417600000,0.45,143
1683421200000,0.433,49
1683424800000,0.49,118
1683428400000,0.482,47
1683432000000,0.45,48
1683435600000,0.45,41
1683439200000,0.47,55
1683442800000,0.458,61
1683446400000,0.47,56
1683450000000,0.454,74
1683453600000,0.46,69
1683457200000,0.46,84
1683460800000,0.458,148
1683464400000,0.47,114
1683468000000,0.49,136
1683471600000,0.482,117
1683475200000,0.45,95
1683478800000,0.456,120
1683482400000,0.45,108
1683486000000,0.452,99
1683489600000,0.465,137
1683493200000,0.449,88
1683496800000,0.45,100
1683500400000,0.43,58
1683504000000,0.45,73
1683507600000,0.46,59
1683511200000,0.46,43
1683514800000,0.46,47
1683518400000,0.46,41
1683522000000,0.475,37
1683525600000,0.472,59
1683529200000,0.46,34
1683532800000,0.47,57
1683536400000,0.46,40
1683540000000,0.43,46
1683543600000,0.47,87
1683547200000,0.46,68
1683550800000,0.499,146
1683554400000,0.492,107
1683558000000,0.45,75
1683561600000,0.459,95
1683565200000,0.461,115
1683568800000,0.47,91
1683572400000,0.461,71
1683576000000,0.47,105
1683579600000,0.46,212
1683583200000,0.46,658
1683586800000,0.443,224
1683590400000,0.42,39
1683594000000,0.43,74
1683597600000,0.42,37
1683601200000,0.43,190
1683604800000,0.46,62
1683608400000,0.47,47
1683612000000,0.49,46
1683615600000,0.441,33
1683619200000,0.463,65
1683622800000,0.49,148
1683626400000,0.452,67
1683630000000,0.449,66
1683633600000,0.474,126
1683637200000,0.456,73
1683640800000,0.45,94
1683644400000,0.452,87
1683648000000,0.459,74
1683651600000,0.455,122
1683655200000,0.456,125
1683658800000,0.441,119
1683662400000,0.441,89
1683666000000,0.437,84
1683669600000,0.438,53
1683673200000,0.447,81
1683676800000,0.43,57
1683680400000,0.438,53
1683684000000,0.452,55
1683687600000,0.438,58
1683691200000,0.45,26
1683694800000,0.453,52
1683698400000,0.449,42
1683702000000,0.447,49
1683705600000,0.447,43
1683709200000,0.47,59
1683712800000,0.438,47
1683716400000,0.445,63
1683720000000,0.461,73
1683723600000,0.452,79
1683727200000,0.471,159
1683730800000,0.449,108
1683734400000,0.449,101
1683738000000,0.454,106
1683741600000,0.452,103
1683745200000,0.438,98
1683748800000,0.438,129
1683752400000,0.439,94
1683756000000,0.43,50
1683759600000,0.448,79
1683763200000,0.439,49
1683766800000,0.43,27
1683770400000,0.453,95
1683774000000,0.453,46
1683777600000,0.46,89
1683781200000,0.439,39
1683784800000,0.448,49
1683788400000,0.453,48
1683792000000,0.43,47
1683795600000,0.46,149
1683799200000,0.43,55
1683802800000,0.447,135
1683806400000,0.453,478
1683810000000,0.45,74
1683813600000,0.439,87
1683817200000,0.439,47
1683820800000,0.439,97
1683824400000,0.43,95
1683828000000,0.43,62
1683831600000,0.43,94
1683835200000,0.439,115
1683838800000,0.43,82
1683842400000,0.452,174
1683846000000,0.436,77
1683849600000,0.445,61
1683853200000,0.43,38
1683856800000,0.452,77
1683860400000,0.452,33
1683864000000,0.451,99
1683867600000,0.45,52
1683871200000,0.436,24
1683874800000,0.46,120
1683878400000,0.451,58
1683882000000,0.436,51
1683885600000,0.436,89
1683889200000,0.436,70
1683892800000,0.436,110
1683896400000,0.436,86
1683900000000,0.436,82
1683903600000,0.436,99
1683907200000,0.436,123
1683910800000,0.43,92
1683914400000,0.436,94
1683918000000,0.436,100
1683921600000,0.436,134
1683925200000,0.43,92
1683928800000,0.435,95
1683932400000,0.43,69
1683936000000,0.435,74
1683939600000,0.43,50
1683943200000,0.441,42
1683946800000,0.44,86
1683950400000,0.461,70
1683954000000,0.448,29
1683957600000,0.437,36
1683961200000,0.43,38
1683964800000,0.448,54
1683968400000,0.43,41
1683972000000,0.43,63
1683975600000,0.43,57
1683979200000,0.43,63
1683982800000,0.43,56
1683986400000,0.43,70
1683990000000,0.446,74
1683993600000,0.446,88
1683997200000,0.43,110
1684000800000,0.43,71
1684004400000,0.457,100
1684008000000,0.43,78
1684011600000,0.43,114
1684015200000,0.43,80
1684018800000,0.43,64
1684022400000,0.459,85
1684026000000,0.462,93
1684029600000,0.43,34
1684033200000,0.433,34
1684036800000,0.46,63
1684040400000,0.458,64
1684044000000,0.458,65
1684047600000,0.422,44
1684051200000,0.42,41
1684054800000,0.43,61
1684058400000,0.42,65
1684062000000,0.432,50
1684065600000,0.42,66
1684069200000,0.42,48
1684072800000,0.43,55
1684076400000,0.42,90
1684080000000,0.42,71
1684083600000,0.45,112
1684087200000,0.424,102
1684090800000,0.42,94
1684094400000,0.41,81
1684098000000,0.42,82
1684101600000,0.42,56
1684105200000,0.41,45
1684108800000,0.42,38
1684112400000,0.42,29
1684116000000,0.42,28
1684119600000,0.42,39
1684123200000,0.43,44
1684126800000,0.441,44
1684130400000,0.431,24
1684134000000,0.435,69
1684137600000,0.435,27
1684141200000,0.41,29
1684144800000,0.41,31
1684148400000,0.42,62
1684152000000,0.4,49
1684155600000,0.425,52
1684159200000,0.43,76
1684162800000,0.427,93
1684166400000,0.424,55
1684170000000,0.43,107
1684173600000,0.425,67
1684177200000,0.425,112
1684180800000,0.427,73
1684184400000,0.424,113
1684188000000,0.426,69
1684191600000,0.41,67
1684195200000,0.41,38
1684198800000,0.416,26
1684202400000,0.41,40
1684206000000,0.41,40
1684209600000,0.424,38
1684213200000,0.41,27
1684216800000,0.42,43
1684220400000,0.415,26
1684224000000,0.422,54
1684227600000,0.41,66
1684231200000,0.424,77
1684234800000,0.41,63
1684238400000,0.412,32
1684242000000,0.438,125
1684245600000,0.42,89
1684249200000,0.42,76
1684252800000,0.414,73
1684256400000,0.41,69
1684260000000,0.4,89
1684263600000,0.4,84
1684267200000,0.4,66
1684270800000,0.4,66
1684274400000,0.4,62
1684278000000,0.4,42
1684281600000,0.41,76
1684285200000,0.4,24
1684288800000,0.4,29
1684292400000,0.41,51
1684296000000,0.4,12
1684299600000,0.41,68
1684303200000,0.4,45
1684306800000,0.4,35
1684310400000,0.4,41
1684314000000,0.41,79
1684317600000,0.4,47
1684321200000,0.424,115
1684324800000,0.415,71
1684328400000,0.41,101
1684332000000,0.41,93
1684335600000,0.41,130
1684339200000,0.41,100
1684342800000,0.41,56
1684346400000,0.41,108
1684350000000,0.4,109
1684353600000,0.4,87
1684357200000,0.4,103
1684360800000,0.39,85
1684364400000,0.389,55
1684368000000,0.39,78
1684371600000,0.4,70
1684375200000,0.39,39
1684378800000,0.39,22
1684382400000,0.389,22
1684386000000,0.4,43
1684389600000,0.39,26
1684393200000,0.39,72
1684396800000,0.41,93
1684400400000,0.419,50
1684404000000,0.42,76
1684407600000,0.406,75
1684411200000,0.39,68
1684414800000,0.403,95
1684418400000,0.4,71
1684422000000,0.41,76
1684425600000,0.41,77
1684429200000,0.41,62
1684432800000,0.41,105
1684436400000,0.41,102
1684440000000,0.41,124
1684443600000,0.42,140
1684447200000,0.426,123
1684450800000,0.42,89
1684454400000,0.42,95
1684458000000,0.4,41
1684461600000,0.4,55
1684465200000,0.423,44
1684468800000,0.431,72
1684472400000,0.418,28
1684476000000,0.405,26
1684479600000,0.41,39
1684483200000,0.426,39
1684486800000,0.42,55
1684490400000,0.415,36
1684494000000,0.42,72
1684497600000,0.431,73
1684501200000,0.423,79
1684504800000,0.446,160
1684508400000,0.4,75
1684512000000,0.4,68
1684515600000,0.401,96
1684519200000,0.39,96
1684522800000,0.39,100
1684526400000,0.408,149
1684530000000,0.4,77
1684533600000,0.398,74
1684537200000,0.412,95
1684540800000,0.39,73
1684544400000,0.399,37
1684548000000,0.427,108
1684551600000,0.41,34
1684555200000,0.43,35
1684558800000,0.42,28
1684562400000,0.432,33
1684566000000,0.4,30
1684569600000,0.4,39
1684573200000,0.426,72
1684576800000,0.418,63
1684580400000,0.416,85
1684584000000,0.399,62
1684587600000,0.399,50
1684591200000,0.408,65
1684594800000,0.4,57
1684598400000,0.4,58
1684602000000,0.4,88
1684605600000,0.432,188
1684609200000,0.4,81
1684612800000,0.4,67
1684616400000,0.4,96
1684620000000,0.42,89
1684623600000,0.403,61
1684627200000,0.4,34
1684630800000,0.39,29
1684634400000,0.4,36
1684638000000,0.428,48
1684641600000,0.43,93
1684645200000,0.419,32
1684648800000,0.426,33
1684652400000,0.4,26
1684656000000,0.41,57
1684659600000,0.41,33
1684663200000,0.4,57
1684666800000,0.4,57
1684670400000,0.41,73
1684674000000,0.41,56
