timestamp,price_dollar,sells
1383786000000,11.234,554
1383872400000,3.845,17734
1383958800000,1.468,19772
1384045200000,0.834,20409
1384131600000,0.885,13570
1384218000000,0.908,11359
1384304400000,0.884,8807
1384390800000,0.701,10451
1384477200000,0.462,13738
1384563600000,0.416,14908
1384650000000,0.291,15809
1384736400000,0.252,12391
1384822800000,0.286,10790
1384909200000,0.35,9377
1384995600000,0.291,10080
1385082000000,0.225,11705
1385168400000,0.159,12108
1385254800000,0.121,12716
1385341200000,0.125,12171
1385427600000,0.138,10677
1385514000000,0.137,10333
1385600400000,0.124,10963
1385686800000,0.115,12893
1385773200000,0.1,15657
1385859600000,0.09,16911
1385946000000,0.082,14220
1386032400000,0.081,12681
1386118800000,0.085,13112
1386205200000,0.089,12593
1386291600000,0.086,13083
1386378000000,0.081,14602
1386464400000,0.073,16280
1386550800000,0.065,13332
1386637200000,0.063,11324
1386723600000,0.061,11258
1386810000000,0.057,11666
1386896400000,0.059,12749
1386982800000,0.054,12123
1387069200000,0.049,11222
1387155600000,0.047,9994
1387242000000,0.047,9595
1387328400000,0.048,9940
1387414800000,0.039,5668
1387501200000,0.037,6006
1387587600000,0.039,5774
1387674000000,0.037,5430
1387760400000,0.039,5202
1387846800000,0.038,5925
1387933200000,0.039,4856
1388019600000,0.04,7413
1388106000000,0.039,7428
1388192400000,0.039,7814
1388278800000,0.037,6412
1388365200000,0.039,6474
1388451600000,0.037,5762
1388538000000,0.038,6066
1388624400000,0.04,9034
1388710800000,0.037,7287
1388797200000,0.04,10805
1388883600000,0.038,10312
1388970000000,0.039,8678
1389056400000,0.037,8824
1389142800000,0.033,7470
1389229200000,0.032,8663
1389315600000,0.036,9345
1389402000000,0.036,9542
1389488400000,0.035,8863
1389574800000,0.032,8224
1389661200000,0.031,7499
1389747600000,0.033,6868
1389834000000,0.035,6973
1389920400000,0.035,8096
1390006800000,0.037,9388
1390093200000,0.033,9511
1390179600000,0.031,8892
1390266000000,0.03,8920
1390352400000,0.03,8236
1390438800000,0.03,8333
1390525200000,0.038,8573
1390611600000,0.037,8391
1390698000000,0.036,10028
1390784400000,0.034,8383
1390870800000,0.033,9296
1390957200000,0.033,9521
1391043600000,0.03,8828
1391130000000,0.036,10015
1391216400000,0.036,11616
1391302800000,0.036,11219
1391389200000,0.031,11165
1391475600000,0.036,9962
1391562000000,0.031,9873
1391648400000,0.037,11083
1391734800000,0.03,14546
1391821200000,0.035,15485
1391907600000,0.033,13677
1391994000000,0.035,9222
1392080400000,0.036,10025
1392166800000,0.031,11931
1392253200000,0.039,31298
1392339600000,0.033,20334
1392426000000,0.039,18070
1392512400000,0.038,18718
1392598800000,0.037,12839
1392685200000,0.04,16023
1392771600000,0.038,13775
1392858000000,0.036,21269
1392944400000,0.03,23198
1393030800000,0.03,16847
1393117200000,0.03,17239
1393203600000,0.034,11938
1393290000000,0.034,11589
1393376400000,0.037,11261
1393462800000,0.038,11105
1393549200000,0.043,16330
1393635600000,0.04,19107
1393722000000,0.038,20384
1393808400000,0.039,16337
1393894800000,0.04,13192
1393981200000,0.041,13122
1394067600000,0.049,20757
1394154000000,0.05,16518
1394240400000,0.049,12647
1394326800000,0.046,11291
1394413200000,0.05,8227
1394499600000,0.048,7785
1394586000000,0.05,7266
1394672400000,0.054,8649
1394758800000,0.048,8814
1394845200000,0.05,14418
1394931600000,0.047,10230
1395018000000,0.048,7462
1395104400000,0.051,7989
1395190800000,0.052,7455
1395277200000,0.052,7007
1395363600000,0.052,9467
1395450000000,0.049,11671
1395536400000,0.053,9646
1395622800000,0.06,14071
1395709200000,0.058,8697
1395795600000,0.058,13664
1395882000000,0.062,18582
1395968400000,0.069,13781
1396054800000,0.07,16836
1396141200000,0.076,22329
1396227600000,0.088,25213
1396314000000,0.144,36463
1396400400000,0.22,16521
1396486800000,0.197,9546
1396573200000,0.157,8659
1396659600000,0.139,8485
1396746000000,0.123,7751
1396832400000,0.123,6968
1396918800000,0.122,6577
1397005200000,0.131,7184
1397091600000,0.129,5979
1397178000000,0.136,6811
1397264400000,0.127,6506
1397350800000,0.119,7472
1397437200000,0.117,6693
1397523600000,0.113,6356
1397610000000,0.119,6863
1397696400000,0.125,6397
1397782800000,0.122,5849
1397869200000,0.126,6440
1397955600000,0.123,6731
1398042000000,0.123,7168
1398128400000,0.133,7081
1398214800000,0.132,6128
1398301200000,0.132,5838
1398387600000,0.143,7129
1398474000000,0.151,7446
1398560400000,0.151,6673
1398646800000,0.16,7521
1398733200000,0.183,8482
1398819600000,0.24,12402
1398906000000,0.266,8131
1398992400000,0.241,6381
1399078800000,0.201,5778
1399165200000,0.159,6801
1399251600000,0.146,6054
1399338000000,0.139,5143
1399424400000,0.141,5074
1399510800000,0.138,5531
1399597200000,0.127,5555
1399683600000,0.107,7045
1399770000000,0.097,7027
1399856400000,0.096,4233
1399942800000,0.092,4025
1400029200000,0.089,4105
1400115600000,0.095,4428
1400202000000,0.094,4444
1400288400000,0.085,5042
1400374800000,0.078,4693
1400461200000,0.081,4063
1400547600000,0.089,4755
1400634000000,0.095,4276
1400720400000,0.095,4202
1400806800000,0.093,4913
1400893200000,0.094,5233
1400979600000,0.083,4719
1401066000000,0.075,4976
1401152400000,0.076,3908
1401238800000,0.074,4784
1401325200000,0.076,5775
1401411600000,0.082,4117
1401498000000,0.084,4710
1401584400000,0.088,4617
1401670800000,0.083,4283
1401757200000,0.086,4531
1401843600000,0.084,4753
1401930000000,0.087,4680
1402016400000,0.082,4687
1402102800000,0.086,4752
1402189200000,0.089,4451
1402275600000,0.088,4060
1402362000000,0.087,3226
1402448400000,0.074,3590
1402534800000,0.084,4770
1402621200000,0.091,5838
1402707600000,0.097,6568
1402794000000,0.103,5842
1402880400000,0.105,4467
1402966800000,0.094,4373
1403053200000,0.088,3331
1403139600000,0.076,4184
1403226000000,0.067,5084
1403312400000,0.064,5085
1403398800000,0.056,4636
1403485200000,0.058,4568
1403571600000,0.058,4374
1403658000000,0.065,4204
1403744400000,0.067,4219
1403830800000,0.065,3894
1403917200000,0.068,5724
1404003600000,0.073,5451
1404090000000,0.072,5006
1404176400000,0.083,4127
1404262800000,0.056,5935
1404349200000,0.072,3881
1404435600000,0.075,3582
1404522000000,0.081,4051
1404608400000,0.086,5263
1404694800000,0.085,4862
1404781200000,0.091,4564
1404867600000,0.096,4756
1404954000000,0.103,5001
1405040400000,0.103,5339
1405126800000,0.101,4073
1405213200000,0.092,3856
1405299600000,0.086,3735
1405386000000,0.085,3809
1405472400000,0.087,3923
1405558800000,0.088,5111
1405645200000,0.091,4282
1405731600000,0.091,4806
1405818000000,0.089,4533
1405904400000,0.089,3792
1405990800000,0.093,3787
1406077200000,0.095,5368
1406163600000,0.093,3443
1406250000000,0.098,4767
1406336400000,0.104,4955
1406422800000,0.109,5430
1406509200000,0.118,5698
1406595600000,0.119,5763
1406682000000,0.129,5047
1406768400000,0.142,7075
1406854800000,0.167,7486
1406941200000,0.213,7833
1407027600000,0.202,8486
1407114000000,0.184,6047
1407200400000,0.157,6566
1407286800000,0.144,4758
1407373200000,0.146,4894
1407459600000,0.151,5074
1407546000000,0.15,5063
1407632400000,0.154,4826
1407718800000,0.149,4963
1407805200000,0.14,4543
1407891600000,0.135,4391
1407978000000,0.128,4402
1408064400000,0.125,5829
1408150800000,0.135,6545
1408237200000,0.101,9382
1408323600000,0.112,4523
1408410000000,0.125,4097
1408496400000,0.134,4130
1408582800000,0.131,3764
1408669200000,0.141,4134
1408755600000,0.14,4713
1408842000000,0.141,4983
1408928400000,0.162,5647
1409014800000,0.2,6378
1409101200000,0.205,4828
1409187600000,0.202,5285
1409274000000,0.214,7238
1409360400000,0.241,8147
1409446800000,0.221,6481
1409533200000,0.212,5405
1409619600000,0.229,5620
1409706000000,0.226,6073
1409792400000,0.216,4340
1409878800000,0.207,4854
1409965200000,0.204,4801
1410051600000,0.202,4557
1410138000000,0.204,3937
1410224400000,0.21,4665
1410310800000,0.205,3711
1410397200000,0.202,4330
1410483600000,0.206,4389
1410570000000,0.206,4592
1410656400000,0.214,4560
1410742800000,0.209,3881
1410829200000,0.194,4500
1410915600000,0.194,3624
1411002000000,0.183,4230
1411088400000,0.187,4334
1411174800000,0.198,5095
1411261200000,0.192,3654
1411347600000,0.192,3226
1411434000000,0.199,2899
1411520400000,0.209,3937
1411606800000,0.223,4201
1411693200000,0.226,3820
1411779600000,0.233,3822
1411866000000,0.227,3985
1411952400000,0.232,3654
1412038800000,0.237,3668
1412125200000,0.236,3540
1412211600000,0.23,3534
1412298000000,0.237,3763
1412384400000,0.239,4232
1412470800000,0.235,4069
1412557200000,0.252,4850
1412643600000,0.241,3306
1412730000000,0.245,3136
1412816400000,0.244,3211
1412902800000,0.255,4168
1412989200000,0.259,4097
1413075600000,0.26,3459
1413162000000,0.261,2750
1413248400000,0.263,2823
1413334800000,0.26,2778
1413421200000,0.272,3332
1413507600000,0.266,3107
1413594000000,0.258,3185
1413680400000,0.255,2901
1413766800000,0.241,2265
1413853200000,0.244,2274
1413939600000,0.24,2227
1414026000000,0.233,1909
1414112400000,0.23,2654
1414198800000,0.227,2821
1414285200000,0.217,2691
1414371600000,0.214,2430
1414458000000,0.215,2431
1414544400000,0.223,2437
1414630800000,0.227,3277
1414717200000,0.225,3117
1414803600000,0.221,3166
1414890000000,0.212,3082
1414976400000,0.203,2250
1415062800000,0.209,2604
1415149200000,0.21,2361
1415235600000,0.203,2655
1415322000000,0.209,2833
1415408400000,0.208,2922
1415494800000,0.205,2406
1415581200000,0.206,2441
1415667600000,0.204,2394
1415754000000,0.163,4212
1415840400000,0.158,2346
1415926800000,0.17,2252
1416013200000,0.175,2201
1416099600000,0.164,2188
1416186000000,0.154,1687
1416272400000,0.157,1535
1416358800000,0.149,1594
1416445200000,0.15,1637
1416531600000,0.136,1986
1416618000000,0.131,2027
1416704400000,0.127,2114
1416790800000,0.133,1784
1416877200000,0.126,1764
1416963600000,0.128,1730
1417050000000,0.123,2293
1417136400000,0.126,2567
1417222800000,0.127,2390
1417309200000,0.119,3010
1417395600000,0.124,1900
1417482000000,0.121,2195
1417568400000,0.132,2174
1417654800000,0.141,2182
1417741200000,0.15,1973
1417827600000,0.166,2696
1417914000000,0.167,2852
1418000400000,0.169,2565
1418086800000,0.173,2074
1418173200000,0.164,2086
1418259600000,0.163,2251
1418346000000,0.153,2597
1418432400000,0.15,3253
1418518800000,0.137,2495
1418605200000,0.132,2598
1418691600000,0.14,2723
1418778000000,0.144,3024
1418864400000,0.148,2688
1418950800000,0.145,2742
1419037200000,0.147,2768
1419123600000,0.148,2732
1419210000000,0.153,2835
1419296400000,0.148,2755
1419382800000,0.166,3998
1419469200000,0.178,4092
1419555600000,0.184,3701
1419642000000,0.204,4619
1419728400000,0.205,3541
1419814800000,0.22,3736
1419901200000,0.228,3856
1419987600000,0.238,3392
1420074000000,0.229,3205
1420160400000,0.229,4868
1420246800000,0.243,4404
1420333200000,0.255,3787
1420419600000,0.264,3878
1420506000000,0.286,4216
1420592400000,0.3,3181
1420678800000,0.348,6318
1420765200000,0.383,3745
1420851600000,0.345,3209
1420938000000,0.279,4342
1421024400000,0.267,2515
1421110800000,0.275,2646
1421197200000,0.269,3462
1421283600000,0.27,2445
1421370000000,0.272,3173
1421456400000,0.289,3271
1421542800000,0.267,2881
1421629200000,0.248,2469
1421715600000,0.249,2541
1421802000000,0.246,2396
1421888400000,0.242,2552
1421974800000,0.249,3628
1422061200000,0.274,3615
1422147600000,0.267,3842
1422234000000,0.248,2924
1422320400000,0.253,2705
1422406800000,0.238,2413
1422493200000,0.231,3010
1422579600000,0.239,3036
1422666000000,0.251,3080
1422752400000,0.26,2875
1422838800000,0.243,2791
1422925200000,0.249,2411
1423011600000,0.263,2322
1423098000000,0.272,2439
1423184400000,0.265,2749
1423270800000,0.269,2948
1423357200000,0.256,2953
1423443600000,0.242,2241
1423530000000,0.238,2174
1423616400000,0.242,2382
1423702800000,0.251,2713
1423789200000,0.249,2847
1423875600000,0.251,3271
1423962000000,0.241,3723
1424048400000,0.254,3163
1424134800000,0.255,2463
1424221200000,0.253,2083
1424307600000,0.258,2412
1424394000000,0.262,2950
1424480400000,0.267,2780
1424566800000,0.265,2520
1424653200000,0.263,2493
1424739600000,0.264,2415
1424826000000,0.268,2451
1424912400000,0.27,2903
1424998800000,0.264,3026
1425085200000,0.267,3236
1425171600000,0.262,3011
1425258000000,0.271,2563
1425344400000,0.272,2339
1425430800000,0.273,2325
1425517200000,0.282,2569
1425603600000,0.293,2657
1425690000000,0.3,3005
1425776400000,0.303,2599
1425862800000,0.308,2013
1425949200000,0.324,2234
1426035600000,0.321,1881
1426122000000,0.299,2055
1426208400000,0.296,2553
1426294800000,0.288,2798
1426381200000,0.246,3408
1426467600000,0.248,2030
1426554000000,0.268,2527
1426640400000,0.264,2072
1426726800000,0.278,2224
1426813200000,0.276,2313
1426899600000,0.27,2811
1426986000000,0.267,2593
1427072400000,0.265,2290
1427158800000,0.271,2180
1427245200000,0.287,2384
1427331600000,0.293,2378
1427418000000,0.291,2628
1427504400000,0.293,2818
1427590800000,0.287,2674
1427677200000,0.284,2798
1427763600000,0.278,3027
1427850000000,0.301,3378
1427936400000,0.31,3173
1428022800000,0.324,2757
1428109200000,0.319,3062
1428195600000,0.324,2783
1428282000000,0.327,3289
1428368400000,0.332,2832
1428454800000,0.321,3040
1428541200000,0.324,2781
1428627600000,0.317,3375
1428714000000,0.321,3347
1428800400000,0.321,2977
1428886800000,0.319,2702
1428973200000,0.316,2095
1429059600000,0.303,2567
1429146000000,0.281,2223
1429232400000,0.274,2096
1429318800000,0.26,2653
1429405200000,0.266,2308
1429491600000,0.276,2253
1429578000000,0.26,1702
1429664400000,0.275,1979
1429750800000,0.274,1928
1429837200000,0.264,2300
1429923600000,0.265,2329
1430010000000,0.261,2163
1430096400000,0.259,2107
1430182800000,0.229,2334
1430269200000,0.218,2096
1430355600000,0.22,2577
1430442000000,0.221,2961
1430528400000,0.215,2941
1430614800000,0.213,2658
1430701200000,0.236,2376
1430787600000,0.234,2313
1430874000000,0.239,2261
1430960400000,0.235,1925
1431046800000,0.262,2969
1431133200000,0.272,2327
1431219600000,0.268,2451
1431306000000,0.273,1968
1431392400000,0.284,1996
1431478800000,0.287,2222
1431565200000,0.293,2522
1431651600000,0.298,2188
1431738000000,0.302,2659
1431824400000,0.293,2405
1431910800000,0.294,2084
1431997200000,0.289,1984
1432083600000,0.286,2026
1432170000000,0.284,2322
1432256400000,0.28,2812
1432342800000,0.294,2809
1432429200000,0.296,2553
1432515600000,0.296,2337
1432602000000,0.293,2292
1432688400000,0.213,2868
1432774800000,0.237,2018
1432861200000,0.244,2247
1432947600000,0.244,2483
1433034000000,0.234,2223
1433120400000,0.254,2546
1433206800000,0.29,2495
1433293200000,0.275,2178
1433379600000,0.273,1942
1433466000000,0.269,2213
1433552400000,0.272,2267
1433638800000,0.264,2354
1433725200000,0.266,2114
1433811600000,0.267,2186
1433898000000,0.249,2528
1433984400000,0.232,2018
1434070800000,0.216,2421
1434157200000,0.234,2538
1434243600000,0.229,2489
1434330000000,0.227,2126
1434416400000,0.228,2072
1434502800000,0.219,2110
1434589200000,0.221,2020
1434675600000,0.226,2169
1434762000000,0.225,2346
1434848400000,0.212,2298
1434934800000,0.223,2104
1435021200000,0.239,2449
1435107600000,0.237,2007
1435194000000,0.256,2451
1435280400000,0.271,2351
1435366800000,0.278,2385
1435453200000,0.279,2408
1435539600000,0.275,2374
1435626000000,0.282,2893
1435712400000,0.289,2789
1435798800000,0.287,2610
1435885200000,0.289,2859
1435971600000,0.293,2954
1436058000000,0.301,2380
1436144400000,0.296,2492
1436230800000,0.294,2772
1436317200000,0.292,3370
1436403600000,0.303,3054
1436490000000,0.309,2981
1436576400000,0.309,3310
1436662800000,0.327,3124
1436749200000,0.328,2894
1436835600000,0.333,2602
1436922000000,0.347,2966
1437008400000,0.359,2480
1437094800000,0.383,4045
1437181200000,0.496,4727
1437267600000,0.49,2714
1437354000000,0.5,2526
1437440400000,0.478,2352
1437526800000,0.463,2210
1437613200000,0.445,2627
1437699600000,0.49,2370
1437786000000,0.492,2696
1437872400000,0.475,1980
1437958800000,0.481,2020
1438045200000,0.469,2220
1438131600000,0.509,2260
1438218000000,0.509,2248
1438304400000,0.513,2638
1438390800000,0.519,2098
1438477200000,0.493,2032
1438563600000,0.503,2262
1438650000000,0.49,2245
1438736400000,0.507,2247
1438822800000,0.485,2660
1438909200000,0.495,2221
1438995600000,0.508,2528
1439082000000,0.506,1817
1439168400000,0.513,2025
1439254800000,0.52,1947
1439341200000,0.535,2150
1439427600000,0.517,1927
1439514000000,0.512,2197
1439600400000,0.457,2550
1439686800000,0.469,2237
1439773200000,0.456,2040
1439859600000,0.448,1905
1439946000000,0.455,2322
1440032400000,0.505,2945
1440118800000,0.488,2765
1440205200000,0.519,2364
1440291600000,0.448,2682
1440378000000,0.424,1976
1440464400000,0.496,1863
1440550800000,0.491,2020
1440637200000,0.517,2578
1440723600000,0.539,2822
1440810000000,0.555,2486
1440896400000,0.566,2593
1440982800000,0.609,2464
1441069200000,0.648,2255
1441155600000,0.847,3468
1441242000000,0.859,1906
1441328400000,0.816,1883
1441414800000,0.87,2435
1441501200000,0.827,2121
1441587600000,0.814,1671
1441674000000,0.813,1749
1441760400000,0.81,1682
1441846800000,0.804,2143
1441933200000,0.839,2541
1442019600000,0.882,2122
1442106000000,0.893,2040
1442192400000,0.896,1791
1442278800000,0.955,1812
1442365200000,0.979,2207
1442451600000,0.958,1645
1442538000000,0.838,1972
1442624400000,0.759,2152
1442710800000,0.702,1956
1442797200000,0.655,1737
1442883600000,0.705,1643
1442970000000,0.69,1500
1443056400000,0.673,1594
1443142800000,0.694,1876
1443229200000,0.655,1880
1443315600000,0.622,1781
1443402000000,0.619,1421
1443488400000,0.604,1465
1443574800000,0.632,1559
1443661200000,0.661,1575
1443747600000,0.687,1761
1443834000000,0.657,1691
1443920400000,0.628,1641
1444006800000,0.64,1462
1444093200000,0.625,1698
1444179600000,0.618,1473
1444266000000,0.645,1752
1444352400000,0.672,1967
1444438800000,0.665,1602
1444525200000,0.623,1762
1444611600000,0.632,1454
1444698000000,0.677,1364
1444784400000,0.664,1383
1444870800000,0.637,1503
1444957200000,0.675,1519
1445043600000,0.635,1688
1445130000000,0.599,1696
1445216400000,0.603,1508
1445302800000,0.625,1500
1445389200000,0.58,1567
1445475600000,0.536,1393
1445562000000,0.581,1988
1445648400000,0.583,2033
1445734800000,0.578,1784
1445821200000,0.585,1682
1445907600000,0.581,1433
1445994000000,0.55,1617
1446080400000,0.54,1652
1446166800000,0.538,2093
1446253200000,0.531,2066
1446339600000,0.517,2515
1446426000000,0.56,1609
1446512400000,0.564,1474
1446598800000,0.592,1655
1446685200000,0.59,1670
1446771600000,0.634,2558
1446858000000,0.676,2451
1446944400000,0.689,2120
1447030800000,0.72,1542
1447117200000,0.709,1537
1447203600000,0.686,1509
1447290000000,0.712,1838
1447376400000,0.739,1808
1447462800000,0.785,2057
1447549200000,0.782,1595
1447635600000,0.812,1430
1447722000000,0.796,1471
1447808400000,0.787,1228
1447894800000,0.793,1206
1447981200000,0.801,1664
1448067600000,0.781,1695
1448154000000,0.649,1075
1448240400000,0.611,1482
1448326800000,0.749,1516
1448413200000,0.717,1449
1448499600000,0.679,1804
1448586000000,0.641,1844
1448672400000,0.629,2118
1448758800000,0.624,1838
1448845200000,0.627,1541
1448931600000,0.62,1516
1449018000000,0.682,1489
1449104400000,0.696,1358
1449190800000,0.7,1958
1449277200000,0.695,1677
1449363600000,0.71,1945
1449450000000,0.724,1525
1449536400000,0.749,1733
1449622800000,0.684,1879
1449709200000,0.697,1604
1449795600000,0.71,1399
1449882000000,0.719,1727
1449968400000,0.686,1276
1450054800000,0.698,1432
1450141200000,0.703,1126
1450227600000,0.699,1402
1450314000000,0.688,1192
1450400400000,0.69,1286
1450486800000,0.677,1273
1450573200000,0.679,1302
1450659600000,0.666,1241
1450746000000,0.643,1375
1450832400000,0.617,1724
1450918800000,0.655,2192
1451005200000,0.736,2086
1451091600000,0.724,1846
1451178000000,0.684,1933
1451264400000,0.688,1616
1451350800000,0.721,1917
1451437200000,0.701,1580
1451523600000,0.715,1745
1451610000000,0.715,1725
1451696400000,0.701,1805
1451782800000,0.684,1835
1451869200000,0.669,1925
1451955600000,0.685,1524
1452042000000,0.694,1477
1452128400000,0.705,1450
1452214800000,0.721,1774
1452301200000,0.733,2019
1452387600000,0.741,1738
1452474000000,0.737,1297
1452560400000,0.73,1665
1452646800000,0.753,1506
1452733200000,0.768,1565
1452819600000,0.772,1579
1452906000000,0.776,1904
1452992400000,0.781,1684
1453078800000,0.783,1492
1453165200000,0.795,1409
1453251600000,0.805,1255
1453338000000,0.829,1655
1453424400000,0.854,1810
1453510800000,0.87,1831
1453597200000,0.898,1297
1453683600000,0.94,1215
1453770000000,0.925,935
1453856400000,0.926,1065
1453942800000,0.943,1482
1454029200000,0.944,1561
1454115600000,0.938,1632
1454202000000,0.954,1410
1454288400000,0.947,1337
1454374800000,0.945,1417
1454461200000,0.937,1389
1454547600000,0.963,1330
1454634000000,0.941,1474
1454720400000,0.901,1343
1454806800000,0.891,1094
1454893200000,0.845,986
1454979600000,0.846,1009
1455066000000,0.898,1154
1455152400000,0.896,1282
1455238800000,0.934,1525
1455325200000,0.937,1495
1455411600000,0.974,1530
1455498000000,0.972,1108
1455584400000,0.97,983
1455670800000,0.953,1054
1455757200000,0.79,1951
1455843600000,0.834,1082
1455930000000,0.817,1234
1456016400000,0.811,1037
1456102800000,0.859,1074
1456189200000,0.854,1110
1456275600000,0.908,1239
1456362000000,0.906,1222
1456448400000,0.925,1129
1456534800000,0.909,1320
1456621200000,0.896,773
1456707600000,0.909,1023
1456794000000,0.894,1130
1456880400000,0.929,1126
1456966800000,0.965,1135
1457053200000,0.963,1168
1457139600000,0.948,1276
1457226000000,0.901,1085
1457312400000,0.872,863
1457398800000,0.851,996
1457485200000,0.882,851
1457571600000,0.97,1033
1457658000000,0.981,846
1457744400000,1.01,988
1457830800000,1.039,1009
1457917200000,1.063,823
1458003600000,1.067,784
1458090000000,1.087,791
1458176400000,1.094,837
1458262800000,1.1,1092
1458349200000,1.127,1246
1458435600000,1.121,838
1458522000000,1.077,889
1458608400000,1.122,861
1458694800000,1.134,912
1458781200000,1.128,738
1458867600000,1.115,944
1458954000000,1.083,945
1459040400000,1.01,826
1459126800000,1.039,708
1459213200000,1.066,776
1459299600000,1.067,765
1459386000000,1.113,910
1459472400000,1.126,969
1459558800000,1.147,1061
1459645200000,1.064,1075
1459731600000,1.079,813
1459818000000,1.108,768
1459904400000,1.149,936
1459990800000,1.167,856
1460077200000,1.199,916
1460163600000,1.187,893
1460250000000,1.215,1077
1460336400000,1.171,918
1460422800000,1.224,809
1460509200000,1.265,1025
1460595600000,1.281,1003
1460682000000,1.289,1255
1460768400000,1.281,1237
1460854800000,1.319,1224
1460941200000,1.442,960
1461027600000,1.597,1309
1461114000000,2.019,959
1461200400000,1.873,837
1461286800000,1.804,822
1461373200000,1.669,921
1461459600000,1.59,1154
1461546000000,1.662,861
1461632400000,1.71,860
1461718800000,1.733,820
1461805200000,1.661,778
1461891600000,1.533,983
1461978000000,1.605,1115
1462064400000,1.591,908
1462150800000,1.589,862
1462237200000,1.569,783
1462323600000,1.52,620
1462410000000,1.499,619
1462496400000,1.492,614
1462582800000,1.503,797
1462669200000,1.447,560
1462755600000,1.447,577
1462842000000,1.462,520
1462928400000,1.427,569
1463014800000,1.451,787
1463101200000,1.47,800
1463187600000,1.453,798
1463274000000,1.34,725
1463360400000,1.301,606
1463446800000,1.18,834
1463533200000,1.232,584
1463619600000,1.265,604
1463706000000,1.234,724
1463792400000,1.266,721
1463878800000,1.225,684
1463965200000,1.254,707
1464051600000,1.291,464
1464138000000,1.291,631
1464224400000,1.276,578
1464310800000,1.323,826
1464397200000,1.323,857
1464483600000,1.273,654
1464570000000,1.266,628
1464656400000,1.362,727
1464742800000,1.343,775
1464829200000,1.336,662
1464915600000,1.302,660
1465002000000,1.355,777
1465088400000,1.291,692
1465174800000,1.281,734
1465261200000,1.345,618
1465347600000,1.307,526
1465434000000,1.31,521
1465520400000,1.316,631
1465606800000,1.335,683
1465693200000,1.302,583
1465779600000,1.233,534
1465866000000,1.246,668
1465952400000,1.304,567
1466038800000,1.229,592
1466125200000,1.231,685
1466211600000,1.243,788
1466298000000,1.204,611
1466384400000,1.163,559
1466470800000,1.128,538
1466557200000,1.104,590
1466643600000,1.076,567
1466730000000,0.978,719
1466816400000,0.893,736
1466902800000,0.84,740
1466989200000,0.916,639
1467075600000,0.875,530
1467162000000,0.835,471
1467248400000,0.895,601
1467334800000,0.933,705
1467421200000,1.01,615
1467507600000,0.915,634
1467594000000,0.94,754
1467680400000,1.015,588
1467766800000,1.008,502
1467853200000,0.954,458
1467939600000,1.034,651
1468026000000,1.04,595
1468112400000,0.929,574
1468198800000,0.817,445
1468285200000,0.975,577
1468371600000,1.013,492
1468458000000,0.827,521
1468544400000,0.871,506
1468630800000,1.012,701
1468717200000,1.064,537
1468803600000,1.053,525
1468890000000,0.982,445
1468976400000,0.988,497
1469062800000,0.957,445
1469149200000,0.974,493
1469235600000,1.029,526
1469322000000,1.02,382
1469408400000,1.049,433
1469494800000,1.032,481
1469581200000,0.979,413
1469667600000,0.976,473
1469754000000,0.909,419
1469840400000,1.001,527
1469926800000,1.009,544
1470013200000,0.967,470
1470099600000,0.954,487
1470186000000,0.937,424
1470272400000,0.929,483
1470358800000,0.903,395
1470445200000,0.895,463
1470531600000,0.882,461
1470618000000,0.868,411
1470704400000,0.86,461
1470790800000,0.887,455
1470877200000,0.845,366
1470963600000,0.858,472
1471050000000,0.799,483
1471136400000,0.721,549
1471222800000,0.743,410
1471309200000,0.729,500
1471395600000,0.7,417
1471482000000,0.732,517
1471568400000,0.689,607
1471654800000,0.708,476
1471741200000,0.713,514
1471827600000,0.696,453
1471914000000,0.68,389
1472000400000,0.682,463
1472086800000,0.667,537
1472173200000,0.689,676
1472259600000,0.675,465
1472346000000,0.665,432
1472432400000,0.68,656
1472518800000,0.69,493
1472605200000,0.691,542
1472691600000,0.713,496
1472778000000,0.713,602
1472864400000,0.702,660
1472950800000,0.705,517
1473037200000,0.707,530
1473123600000,0.706,830
1473210000000,0.701,462
1473296400000,0.711,544
1473382800000,0.743,613
1473469200000,0.786,763
1473555600000,0.852,855
1473642000000,0.866,527
1473728400000,0.853,481
1473814800000,0.88,600
1473901200000,0.863,437
1473987600000,0.842,619
1474074000000,0.86,605
1474160400000,0.85,623
1474246800000,0.846,427
1474333200000,0.842,417
1474419600000,0.84,546
1474506000000,0.816,452
1474592400000,0.844,501
1474678800000,0.866,575
1474765200000,0.861,447
1474851600000,0.844,308
1474938000000,0.857,408
1475024400000,0.876,453
1475110800000,0.892,541
1475197200000,0.921,629
1475283600000,0.948,627
1475370000000,0.928,584
1475456400000,0.941,471
1475542800000,0.909,483
1475629200000,0.919,525
1475715600000,0.908,467
1475802000000,0.897,511
1475888400000,0.901,525
1475974800000,0.831,441
1476061200000,0.806,388
1476147600000,0.845,459
1476234000000,0.865,483
1476320400000,0.884,406
1476406800000,0.913,555
1476493200000,0.929,513
1476579600000,0.896,531
1476666000000,0.894,364
1476752400000,0.88,382
1476838800000,0.901,424
1476925200000,0.914,505
1477011600000,0.891,465
1477098000000,0.885,488
1477184400000,0.863,566
1477270800000,0.85,419
1477357200000,0.855,399
1477443600000,0.851,323
1477530000000,0.849,425
1477616400000,0.86,566
1477702800000,0.853,575
1477789200000,0.831,459
1477875600000,0.815,395
1477962000000,0.758,421
1478048400000,0.825,404
1478134800000,0.825,279
1478221200000,0.835,605
1478307600000,0.866,530
1478394000000,0.851,413
1478480400000,0.835,406
1478566800000,0.844,360
1478653200000,0.833,341
1478739600000,0.845,419
1478826000000,0.837,556
1478912400000,0.851,697
1478998800000,0.823,468
1479085200000,0.795,436
1479171600000,0.786,456
1479258000000,0.798,560
1479344400000,0.802,421
1479430800000,0.794,503
1479517200000,0.814,476
1479603600000,0.81,508
1479690000000,0.801,472
1479776400000,0.795,375
1479862800000,0.786,446
1479949200000,0.729,517
1480035600000,0.708,493
1480122000000,0.709,477
1480208400000,0.688,478
1480294800000,0.706,449
1480381200000,0.661,430
1480467600000,0.684,395
1480554000000,0.699,359
1480640400000,0.701,425
1480726800000,0.702,449
1480813200000,0.694,459
1480899600000,0.693,319
1480986000000,0.676,365
1481072400000,0.684,360
1481158800000,0.683,469
1481245200000,0.697,413
1481331600000,0.667,412
1481418000000,0.659,370
1481504400000,0.624,321
1481590800000,0.619,267
1481677200000,0.602,360
1481763600000,0.536,479
1481850000000,0.52,434
1481936400000,0.5,559
1482022800000,0.47,407
1482109200000,0.479,440
1482195600000,0.48,416
1482282000000,0.5,509
1482368400000,0.512,381
1482454800000,0.511,725
1482541200000,0.54,678
1482627600000,0.622,776
1482714000000,0.65,620
1482800400000,0.631,610
1482886800000,0.612,524
1482973200000,0.578,494
1483059600000,0.589,545
1483146000000,0.603,529
1483232400000,0.588,576
1483318800000,0.614,599
1483405200000,0.653,483
1483491600000,0.661,430
1483578000000,0.654,450
1483664400000,0.66,407
1483750800000,0.675,830
1483837200000,0.702,546
1483923600000,0.693,415
1484010000000,0.683,341
1484096400000,0.706,377
1484182800000,0.686,405
1484269200000,0.727,498
1484355600000,0.742,532
1484442000000,0.713,481
1484528400000,0.726,417
1484614800000,0.716,338
1484701200000,0.713,446
1484787600000,0.7,359
1484874000000,0.671,467
1484960400000,0.683,622
1485046800000,0.683,536
1485133200000,0.684,375
1485219600000,0.684,476
1485306000000,0.704,514
1485392400000,0.733,493
1485478800000,0.744,394
1485565200000,0.76,561
1485651600000,0.764,562
1485738000000,0.756,434
1485824400000,0.725,382
1485910800000,0.755,462
1485997200000,0.807,460
1486083600000,0.814,511
1486170000000,0.812,685
1486256400000,0.769,560
1486342800000,0.76,445
1486429200000,0.726,454
1486515600000,0.701,540
1486602000000,0.772,628
1486688400000,0.801,584
1486774800000,0.793,596
1486861200000,0.804,821
1486947600000,0.807,489
1487034000000,0.823,574
1487120400000,0.844,575
1487206800000,0.859,592
1487293200000,0.881,455
1487379600000,0.874,522
1487466000000,0.877,545
1487552400000,0.89,617
1487638800000,0.884,449
1487725200000,0.821,455
1487811600000,0.864,470
1487898000000,0.871,379
1487984400000,0.893,719
1488070800000,0.881,515
1488157200000,0.86,409
1488243600000,0.886,690
1488330000000,0.909,559
1488416400000,0.909,386
1488502800000,0.912,469
1488589200000,0.896,506
1488675600000,0.884,489
1488762000000,0.889,412
1488848400000,0.874,546
1488934800000,0.914,530
1489021200000,0.932,423
1489107600000,0.934,498
1489194000000,0.934,624
1489280400000,0.93,473
1489366800000,0.926,578
1489453200000,0.956,428
1489539600000,0.962,520
1489626000000,0.941,423
1489712400000,0.929,416
1489798800000,0.904,428
1489885200000,0.87,535
1489971600000,0.855,395
1490058000000,0.883,326
1490144400000,0.868,360
1490230800000,0.868,405
1490317200000,0.824,361
1490403600000,0.833,484
1490490000000,0.82,516
1490576400000,0.816,404
1490662800000,0.825,318
1490749200000,0.81,363
1490835600000,0.828,410
1490922000000,0.836,428
1491008400000,0.815,520
1491094800000,0.817,461
1491181200000,0.833,476
1491267600000,0.818,345
1491354000000,0.774,364
1491440400000,0.804,316
1491526800000,0.741,321
1491613200000,0.774,443
1491699600000,0.743,313
1491786000000,0.699,402
1491872400000,0.719,269
1491958800000,0.713,336
1492045200000,0.715,338
1492131600000,0.719,417
1492218000000,0.712,377
1492304400000,0.679,358
1492390800000,0.684,390
1492477200000,0.687,505
1492563600000,0.708,351
1492650000000,0.693,314
1492736400000,0.684,327
1492822800000,0.692,610
1492909200000,0.706,400
1492995600000,0.68,293
1493082000000,0.65,374
1493168400000,0.655,537
1493254800000,0.681,442
1493341200000,0.695,548
1493427600000,0.69,458
1493514000000,0.704,430
1493600400000,0.672,377
1493686800000,0.676,366
1493773200000,0.696,394
1493859600000,0.714,450
1493946000000,0.708,490
1494032400000,0.674,454
1494118800000,0.646,481
1494205200000,0.667,346
1494291600000,0.663,337
1494378000000,0.651,334
1494464400000,0.666,432
1494550800000,0.688,580
1494637200000,0.701,479
1494723600000,0.69,527
1494810000000,0.681,595
1494896400000,0.707,437
1494982800000,0.704,429
1495069200000,0.719,437
1495155600000,0.71,511
1495242000000,0.704,454
1495328400000,0.692,321
1495414800000,0.672,355
1495501200000,0.705,447
1495587600000,0.57,533
1495674000000,0.57,369
1495760400000,0.597,350
1495846800000,0.595,367
1495933200000,0.567,400
1496019600000,0.615,463
1496106000000,0.613,361
1496192400000,0.631,413
1496278800000,0.633,352
1496365200000,0.646,385
1496451600000,0.658,450
1496538000000,0.66,458
1496624400000,0.671,406
1496710800000,0.643,303
1496797200000,0.635,350
1496883600000,0.64,313
1496970000000,0.633,409
1497056400000,0.627,367
1497142800000,0.631,390
1497229200000,0.626,346
1497315600000,0.62,336
1497402000000,0.614,447
1497488400000,0.601,366
1497574800000,0.606,398
1497661200000,0.608,515
1497747600000,0.561,346
1497834000000,0.559,344
1497920400000,0.546,264
1498006800000,0.538,317
1498093200000,0.52,475
1498179600000,0.557,1222
1498266000000,0.594,396
1498352400000,0.53,396
1498438800000,0.538,364
1498525200000,0.567,423
1498611600000,0.55,302
1498698000000,0.556,436
1498784400000,0.563,423
1498870800000,0.558,391
1498957200000,0.581,576
1499043600000,0.548,368
1499130000000,0.549,368
1499216400000,0.527,297
1499302800000,0.536,309
1499389200000,0.589,391
1499475600000,0.61,459
1499562000000,0.594,400
1499648400000,0.565,262
1499734800000,0.548,304
1499821200000,0.541,335
1499907600000,0.514,419
1499994000000,0.558,464
1500080400000,0.585,439
1500166800000,0.58,389
1500253200000,0.535,355
1500339600000,0.593,413
1500426000000,0.6,334
1500512400000,0.59,377
1500598800000,0.608,427
1500685200000,0.601,472
1500771600000,0.552,513
1500858000000,0.552,465
1500944400000,0.568,534
1501030800000,0.597,384
1501117200000,0.647,1486
1501203600000,0.706,455
1501290000000,0.709,481
1501376400000,0.691,363
1501462800000,0.67,385
1501549200000,0.701,379
1501635600000,0.688,475
1501722000000,0.68,471
1501808400000,0.639,471
1501894800000,0.707,732
1501981200000,0.708,500
1502067600000,0.655,416
1502154000000,0.64,390
1502240400000,0.625,432
1502326800000,0.652,577
1502413200000,0.679,572
1502499600000,0.679,476
1502586000000,0.66,366
1502672400000,0.623,444
1502758800000,0.645,365
1502845200000,0.633,353
1502931600000,0.64,498
1503018000000,0.665,450
1503104400000,0.651,426
1503190800000,0.643,369
1503277200000,0.593,403
1503363600000,0.58,354
1503450000000,0.6,317
1503536400000,0.607,371
1503622800000,0.625,525
1503709200000,0.654,582
1503795600000,0.636,457
1503882000000,0.621,383
1503968400000,0.613,424
1504054800000,0.605,354
1504141200000,0.633,426
1504227600000,0.644,635
1504314000000,0.615,435
1504400400000,0.644,379
1504486800000,0.644,478
1504573200000,0.644,431
1504659600000,0.617,350
1504746000000,0.628,387
1504832400000,0.662,501
1504918800000,0.671,480
1505005200000,0.688,490
1505091600000,0.664,350
1505178000000,0.673,404
1505264400000,0.666,363
1505350800000,0.637,415
1505437200000,0.634,311
1505523600000,0.619,323
1505610000000,0.626,412
1505696400000,0.615,315
1505782800000,0.619,299
1505869200000,0.606,302
1505955600000,0.608,285
1506042000000,0.595,311
1506128400000,0.593,431
1506214800000,0.576,306
1506301200000,0.538,428
1506387600000,0.558,325
1506474000000,0.541,223
1506560400000,0.543,353
1506646800000,0.534,301
1506733200000,0.568,332
1506819600000,0.51,315
1506906000000,0.528,315
1506992400000,0.52,305
1507078800000,0.53,403
1507165200000,0.556,468
1507251600000,0.539,223
1507338000000,0.488,393
1507424400000,0.489,379
1507510800000,0.511,326
1507597200000,0.499,304
1507683600000,0.5,282
1507770000000,0.5,301
1507856400000,0.499,465
1507942800000,0.495,322
1508029200000,0.48,381
1508115600000,0.492,350
1508202000000,0.49,202
1508288400000,0.478,278
1508374800000,0.494,332
1508461200000,0.503,379
1508547600000,0.482,315
1508634000000,0.47,350
1508720400000,0.446,292
1508806800000,0.444,339
1508893200000,0.463,337
1508979600000,0.451,390
1509066000000,0.443,411
1509152400000,0.432,373
1509238800000,0.45,313
1509325200000,0.449,278
1509411600000,0.473,351
1509498000000,0.479,322
1509584400000,0.477,317
1509670800000,0.469,324
1509757200000,0.456,387
1509843600000,0.467,336
1509930000000,0.439,291
1510016400000,0.45,220
1510102800000,0.443,246
1510189200000,0.461,316
1510275600000,0.44,373
1510362000000,0.439,358
1510448400000,0.412,352
1510534800000,0.406,468
1510621200000,0.422,330
1510707600000,0.418,388
1510794000000,0.454,461
1510880400000,0.468,319
1510966800000,0.472,330
1511053200000,0.442,497
1511139600000,0.421,323
1511226000000,0.424,313
1511312400000,0.41,263
1511398800000,0.409,339
1511485200000,0.414,435
1511571600000,0.433,368
1511658000000,0.42,381
1511744400000,0.436,379
1511830800000,0.456,506
1511917200000,0.463,217
1512003600000,0.459,294
1512090000000,0.444,330
1512176400000,0.427,450
1512262800000,0.418,493
1512349200000,0.441,290
1512435600000,0.458,487
1512522000000,0.454,307
1512608400000,0.449,314
1512694800000,0.446,507
1512781200000,0.45,537
1512867600000,0.453,463
1512954000000,0.457,467
1513040400000,0.477,575
1513126800000,0.488,425
1513213200000,0.486,338
1513299600000,0.497,340
1513386000000,0.492,509
1513472400000,0.538,967
1513558800000,0.544,701
1513645200000,0.507,317
1513731600000,0.473,318
1513818000000,0.442,316
1513904400000,0.464,388
1513990800000,0.478,478
1514077200000,0.506,374
1514163600000,0.495,498
1514250000000,0.486,458
1514336400000,0.482,415
1514422800000,0.5,552
1514509200000,0.514,595
1514595600000,0.55,470
1514682000000,0.569,526
1514768400000,0.556,338
1514854800000,0.559,484
1514941200000,0.539,385
1515027600000,0.542,336
1515114000000,0.564,480
1515200400000,0.573,462
1515286800000,0.559,394
1515373200000,0.557,543
1515459600000,0.538,252
1515546000000,0.537,356
1515632400000,0.574,385
1515718800000,0.583,614
1515805200000,0.619,646
1515891600000,0.625,546
1515978000000,0.58,355
1516064400000,0.562,373
1516150800000,0.569,323
1516237200000,0.564,428
1516323600000,0.607,589
1516410000000,0.634,529
1516496400000,0.607,429
1516582800000,0.576,377
1516669200000,0.534,432
1516755600000,0.607,411
1516842000000,0.604,444
1516928400000,0.644,568
1517014800000,0.613,479
1517101200000,0.585,366
1517187600000,0.604,400
1517274000000,0.629,510
1517360400000,0.661,638
1517446800000,0.664,517
1517533200000,0.79,1902
1517619600000,0.862,529
1517706000000,0.853,591
1517792400000,0.848,567
1517878800000,0.695,393
1517965200000,0.681,550
1518051600000,0.679,308
1518138000000,0.706,484
1518224400000,0.747,435
1518310800000,0.737,513
1518397200000,0.759,380
1518483600000,0.745,353
1518570000000,0.719,399
1518656400000,0.749,473
1518742800000,0.648,428
1518829200000,0.59,534
1518915600000,0.636,497
1519002000000,0.692,672
1519088400000,0.674,334
1519174800000,0.645,288
1519261200000,0.625,385
1519347600000,0.608,446
1519434000000,0.633,332
1519520400000,0.631,404
1519606800000,0.625,322
1519693200000,0.626,294
1519779600000,0.643,412
1519866000000,0.64,412
1519952400000,0.657,461
1520038800000,0.638,393
1520125200000,0.639,452
1520211600000,0.646,341
1520298000000,0.629,302
1520384400000,0.642,301
1520470800000,0.631,242
1520557200000,0.624,360
1520643600000,0.647,403
1520730000000,0.637,386
1520816400000,0.633,333
1520902800000,0.62,324
1520989200000,0.593,342
1521075600000,0.628,250
1521162000000,0.643,457
1521248400000,0.628,323
1521334800000,0.597,282
1521421200000,0.574,265
1521507600000,0.614,238
1521594000000,0.591,217
1521680400000,0.598,235
1521766800000,0.62,379
1521853200000,0.626,265
1521939600000,0.61,234
1522026000000,0.615,333
1522112400000,0.584,210
1522198800000,0.584,282
1522285200000,0.604,401
1522371600000,0.58,550
1522458000000,0.673,847
1522544400000,0.615,215
1522630800000,0.593,257
1522717200000,0.637,477
1522803600000,0.643,304
1522890000000,0.624,237
1522976400000,0.649,243
1523062800000,0.692,336
1523149200000,0.665,461
1523235600000,0.651,258
1523322000000,0.653,217
1523408400000,0.654,314
1523494800000,0.687,257
1523581200000,0.689,282
1523667600000,0.724,256
1523754000000,0.702,303
1523840400000,0.668,230
1523926800000,0.653,240
1524013200000,0.689,239
1524099600000,0.687,217
1524186000000,0.709,214
1524272400000,0.726,415
1524358800000,0.724,277
1524445200000,0.698,182
1524531600000,0.734,218
1524618000000,0.746,269
1524704400000,0.759,300
1524790800000,0.74,245
1524877200000,0.798,336
1524963600000,0.748,229
1525050000000,0.736,214
1525136400000,0.696,347
1525222800000,0.703,260
1525309200000,0.751,308
1525395600000,0.795,337
1525482000000,0.732,280
1525568400000,0.738,349
1525654800000,0.723,225
1525741200000,0.717,160
1525827600000,0.695,323
1525914000000,0.706,193
1526000400000,0.702,190
1526086800000,0.712,283
1526173200000,0.707,317
1526259600000,0.686,192
1526346000000,0.668,179
1526432400000,0.696,220
1526518800000,0.678,283
1526605200000,0.675,243
1526691600000,0.681,229
1526778000000,0.708,234
1526864400000,0.666,166
1526950800000,0.687,200
1527037200000,0.699,258
1527123600000,0.701,282
1527210000000,0.651,277
1527296400000,0.64,208
1527382800000,0.642,221
1527469200000,0.636,221
1527555600000,0.626,166
1527642000000,0.646,199
1527728400000,0.65,321
1527814800000,0.656,232
1527901200000,0.669,324
1527987600000,0.689,190
1528074000000,0.672,262
1528160400000,0.695,213
1528246800000,0.694,192
1528333200000,0.698,269
1528419600000,0.678,265
1528506000000,0.705,253
1528592400000,0.697,294
1528678800000,0.659,198
1528765200000,0.668,214
1528851600000,0.687,193
1528938000000,0.663,248
1529024400000,0.698,278
1529110800000,0.715,320
1529197200000,0.701,270
1529283600000,0.686,192
1529370000000,0.715,206
1529456400000,0.736,278
1529542800000,0.714,369
1529629200000,0.649,263
1529715600000,0.67,311
1529802000000,0.613,233
1529888400000,0.618,192
1529974800000,0.665,270
1530061200000,0.618,264
1530147600000,0.626,304
1530234000000,0.636,257
1530320400000,0.669,335
1530406800000,0.695,412
1530493200000,0.669,277
1530579600000,0.677,283
1530666000000,0.644,282
1530752400000,0.658,201
1530838800000,0.679,291
1530925200000,0.709,237
1531011600000,0.718,254
1531098000000,0.707,357
1531184400000,0.75,313
1531270800000,0.759,250
1531357200000,0.771,272
1531443600000,0.76,201
1531530000000,0.758,235
1531616400000,0.742,191
1531702800000,0.723,242
1531789200000,0.761,233
1531875600000,0.73,210
1531962000000,0.751,186
1532048400000,0.768,228
1532134800000,0.751,219
1532221200000,0.766,265
1532307600000,0.732,198
1532394000000,0.737,183
1532480400000,0.729,231
1532566800000,0.747,223
1532653200000,0.796,324
1532739600000,0.778,241
1532826000000,0.755,153
1532912400000,0.78,351
1532998800000,0.783,303
1533085200000,0.765,256
1533171600000,0.745,249
1533258000000,0.765,272
1533344400000,0.764,220
1533430800000,0.743,200
1533517200000,0.733,213
1533603600000,0.757,266
1533690000000,0.723,310
1533776400000,0.765,291
1533862800000,0.737,210
1533949200000,0.726,284
1534035600000,0.726,237
1534122000000,0.729,214
1534208400000,0.723,217
1534294800000,0.721,145
1534381200000,0.719,259
1534467600000,0.727,137
1534554000000,0.727,275
1534640400000,0.705,196
1534726800000,0.707,191
1534813200000,0.712,191
1534899600000,0.684,211
1534986000000,0.69,242
1535072400000,0.692,176
1535158800000,0.722,229
1535245200000,0.721,227
1535331600000,0.67,188
1535418000000,0.668,178
1535504400000,0.661,171
1535590800000,0.641,252
1535677200000,0.675,220
1535763600000,0.678,159
1535850000000,0.693,280
1535936400000,0.707,225
1536022800000,0.677,176
1536109200000,0.654,260
1536195600000,0.636,185
1536282000000,0.648,145
1536368400000,0.643,337
1536454800000,0.659,196
1536541200000,0.645,177
1536627600000,0.649,209
1536714000000,0.611,192
1536800400000,0.66,233
1536886800000,0.664,273
1536973200000,0.661,227
1537059600000,0.648,174
1537146000000,0.611,162
1537232400000,0.608,198
1537318800000,0.612,190
1537405200000,0.587,195
1537491600000,0.587,180
1537578000000,0.584,242
1537664400000,0.587,281
1537750800000,0.598,180
1537837200000,0.593,152
1537923600000,0.569,162
1538010000000,0.604,261
1538096400000,0.637,165
1538182800000,0.66,245
1538269200000,0.673,280
1538355600000,0.638,194
1538442000000,0.662,251
1538528400000,0.672,336
1538614800000,0.695,451
1538701200000,0.69,260
1538787600000,0.686,329
1538874000000,0.654,272
1538960400000,0.626,271
1539046800000,0.597,245
1539133200000,0.621,189
1539219600000,0.647,325
1539306000000,0.706,495
1539392400000,0.699,296
1539478800000,0.691,334
1539565200000,0.671,186
1539651600000,0.666,161
1539738000000,0.645,306
1539824400000,0.698,196
1539910800000,0.736,273
1539997200000,0.72,267
1540083600000,0.634,263
1540170000000,0.611,222
1540256400000,0.633,268
1540342800000,0.639,338
1540429200000,0.634,183
1540515600000,0.707,374
1540602000000,0.653,325
1540688400000,0.639,236
1540774800000,0.631,305
1540861200000,0.642,375
1540947600000,0.647,280
1541034000000,0.679,201
1541120400000,0.719,282
1541206800000,0.708,227
1541293200000,0.719,592
1541379600000,0.742,226
1541466000000,0.764,194
1541552400000,0.756,359
1541638800000,0.717,148
1541725200000,0.705,284
1541811600000,0.704,227
1541898000000,0.678,290
1541984400000,0.651,253
1542070800000,0.676,251
1542157200000,0.727,368
1542243600000,0.7,185
1542330000000,0.723,217
1542416400000,0.692,216
1542502800000,0.68,239
1542589200000,0.694,213
1542675600000,0.751,229
1542762000000,0.759,204
1542848400000,0.674,248
1542934800000,0.702,239
1543021200000,0.739,315
1543107600000,0.713,281
1543194000000,0.724,266
1543280400000,0.711,223
1543366800000,0.675,244
1543453200000,0.659,192
1543539600000,0.624,295
1543626000000,0.618,403
1543712400000,0.628,453
1543798800000,0.653,280
1543885200000,0.66,358
1543971600000,0.722,894
1544058000000,0.712,325
1544144400000,0.616,320
1544230800000,0.615,282
1544317200000,0.615,298
1544403600000,0.613,261
1544490000000,0.631,189
1544576400000,0.634,396
1544662800000,0.617,219
1544749200000,0.597,325
1544835600000,0.588,288
1544922000000,0.579,249
1545008400000,0.588,241
1545094800000,0.593,222
1545181200000,0.548,253
1545267600000,0.57,270
1545354000000,0.545,351
1545440400000,0.506,360
1545526800000,0.503,326
1545613200000,0.557,350
1545699600000,0.603,417
1545786000000,0.577,284
1545872400000,0.589,334
1545958800000,0.572,302
1546045200000,0.544,378
1546131600000,0.529,251
1546218000000,0.524,335
1546304400000,0.554,398
1546390800000,0.55,284
1546477200000,0.56,258
1546563600000,0.562,285
1546650000000,0.582,256
1546736400000,0.552,265
1546822800000,0.568,238
1546909200000,0.57,548
1546995600000,0.641,484
1547082000000,0.626,279
1547168400000,0.663,210
1547254800000,0.675,622
1547341200000,0.709,449
1547427600000,0.642,238
1547514000000,0.649,244
1547600400000,0.665,277
1547686800000,0.655,345
1547773200000,0.717,243
1547859600000,0.69,263
1547946000000,0.663,281
1548032400000,0.665,226
1548118800000,0.655,223
1548205200000,0.651,228
1548291600000,0.673,246
1548378000000,0.684,320
1548464400000,0.708,330
1548550800000,0.711,348
1548637200000,0.721,286
1548723600000,0.718,256
1548810000000,0.731,326
1548896400000,0.719,263
1548982800000,0.722,298
1549069200000,0.726,312
1549155600000,0.74,307
1549242000000,0.736,301
1549328400000,0.716,282
1549414800000,0.715,256
1549501200000,0.738,310
1549587600000,0.675,227
1549674000000,0.635,321
1549760400000,0.598,306
1549846800000,0.605,279
1549933200000,0.69,225
1550019600000,0.708,246
1550106000000,0.746,291
1550192400000,0.769,451
1550278800000,0.77,340
1550365200000,0.755,424
1550451600000,0.736,200
1550538000000,0.755,218
1550624400000,0.745,230
1550710800000,0.772,212
1550797200000,0.767,432
1550883600000,0.769,273
1550970000000,0.745,294
1551056400000,0.732,179
1551142800000,0.774,259
1551229200000,0.79,190
1551315600000,0.764,195
1551402000000,0.759,251
1551488400000,0.764,434
1551574800000,0.704,366
1551661200000,0.695,312
1551747600000,0.694,315
1551834000000,0.69,220
1551920400000,0.713,261
1552006800000,0.736,280
1552093200000,0.732,242
1552179600000,0.722,300
1552266000000,0.738,270
1552352400000,0.742,270
1552438800000,0.765,279
1552525200000,0.757,533
1552611600000,0.802,315
1552698000000,0.781,333
1552784400000,0.738,379
1552870800000,0.748,270
1552957200000,0.765,271
1553043600000,0.783,216
1553130000000,0.802,248
1553216400000,0.824,436
1553302800000,0.795,273
1553389200000,0.819,419
1553475600000,0.809,374
1553562000000,0.776,206
1553648400000,0.835,223
1553734800000,0.839,347
1553821200000,0.876,443
1553907600000,0.866,374
1553994000000,0.9,366
1554080400000,0.886,359
1554166800000,0.863,238
1554253200000,0.863,322
1554339600000,0.962,268
1554426000000,0.955,285
1554512400000,0.943,279
1554598800000,0.956,272
1554685200000,0.946,283
1554771600000,1.014,261
1554858000000,1.065,192
1554944400000,1.085,249
1555030800000,1.189,263
1555117200000,1.31,398
1555203600000,1.307,448
1555290000000,1.347,170
1555376400000,1.188,218
1555462800000,1.237,236
1555549200000,1.295,226
1555635600000,1.298,197
1555722000000,1.274,212
1555808400000,1.207,178
1555894800000,1.2,266
1555981200000,1.141,252
1556067600000,1.082,219
1556154000000,1.126,356
1556240400000,1.109,215
1556326800000,1.118,295
1556413200000,1.049,247
1556499600000,1.104,200
1556586000000,1.108,322
1556672400000,1.1,245
1556758800000,1.029,255
1556845200000,1.029,268
1556931600000,1.025,309
1557018000000,1.09,370
1557104400000,1.181,233
1557190800000,1.182,229
1557277200000,1.12,269
1557363600000,1.164,266
1557450000000,1.168,186
1557536400000,1.112,267
1557622800000,1.165,333
1557709200000,1.222,218
1557795600000,1.27,321
1557882000000,1.236,205
1557968400000,1.285,258
1558054800000,1.295,205
1558141200000,1.282,235
1558227600000,1.257,218
1558314000000,1.253,226
1558400400000,1.224,183
1558486800000,1.223,164
1558573200000,1.194,192
1558659600000,1.309,298
1558746000000,1.329,318
1558832400000,1.276,204
1558918800000,1.251,236
1559005200000,1.224,251
1559091600000,1.22,207
1559178000000,1.254,195
1559264400000,1.278,216
1559350800000,1.288,262
1559437200000,1.312,354
1559523600000,1.325,273
1559610000000,1.354,188
1559696400000,1.4,299
1559782800000,1.434,177
1559869200000,1.377,241
1559955600000,1.384,253
1560042000000,1.299,252
1560128400000,1.318,272
1560214800000,1.259,206
1560301200000,1.297,176
1560387600000,1.314,203
1560474000000,1.237,197
1560560400000,1.26,255
1560646800000,1.518,1158
1560733200000,1.423,189
1560819600000,1.335,254
1560906000000,1.4,228
1560992400000,1.335,177
1561078800000,1.396,243
1561165200000,1.393,251
1561251600000,1.316,179
1561338000000,1.38,401
1561424400000,1.328,205
1561510800000,1.231,287
1561597200000,1.221,349
1561683600000,1.358,366
1561770000000,1.282,225
1561856400000,1.276,269
1561942800000,1.333,370
1562029200000,1.376,271
1562115600000,1.433,267
1562202000000,1.409,200
1562288400000,1.419,210
1562374800000,1.337,714
1562461200000,1.27,217
1562547600000,1.221,231
1562634000000,1.275,411
1562720400000,1.25,206
1562806800000,1.286,226
1562893200000,1.361,245
1562979600000,1.401,342
1563066000000,1.376,158
1563152400000,1.35,302
1563238800000,1.387,176
1563325200000,1.368,169
1563411600000,1.284,228
1563498000000,1.368,309
1563584400000,1.482,278
1563670800000,1.464,214
1563757200000,1.361,238
1563843600000,1.318,204
1563930000000,1.393,287
1564016400000,1.446,242
1564102800000,1.506,768
1564189200000,1.568,233
1564275600000,1.493,189
1564362000000,1.459,203
1564448400000,1.436,220
1564534800000,1.476,265
1564621200000,1.555,193
1564707600000,1.629,186
1564794000000,1.501,267
1564880400000,1.532,220
1564966800000,1.56,230
1565053200000,1.607,206
1565139600000,1.59,210
1565226000000,1.594,166
1565312400000,1.604,282
1565398800000,1.618,219
1565485200000,1.627,272
1565571600000,1.606,230
1565658000000,1.633,216
1565744400000,1.527,178
1565830800000,1.47,198
1565917200000,1.515,242
1566003600000,1.529,258
1566090000000,1.533,232
1566176400000,1.479,255
1566262800000,1.444,247
1566349200000,1.392,225
1566435600000,1.433,378
1566522000000,1.52,298
1566608400000,1.613,356
1566694800000,1.595,313
1566781200000,1.528,221
1566867600000,1.634,274
1566954000000,1.615,207
1567040400000,1.539,195
1567126800000,1.656,320
1567213200000,1.627,215
1567299600000,1.644,410
1567386000000,1.69,281
1567472400000,1.708,250
1567558800000,1.651,260
1567645200000,1.753,304
1567731600000,1.724,296
1567818000000,1.881,359
1567904400000,1.741,308
1567990800000,1.625,201
1568077200000,1.606,211
1568163600000,1.642,179
1568250000000,1.552,193
1568336400000,1.596,316
1568422800000,1.682,208
1568509200000,1.67,290
1568595600000,1.657,253
1568682000000,1.629,171
1568768400000,1.653,185
1568854800000,1.673,170
1568941200000,1.673,280
1569027600000,1.688,150
1569114000000,1.64,222
1569200400000,1.712,204
1569286800000,1.615,342
1569373200000,1.683,201
1569459600000,1.598,190
1569546000000,1.704,210
1569632400000,1.642,291
1569718800000,1.597,261
1569805200000,1.662,239
1569891600000,1.688,285
1569978000000,1.65,174
1570064400000,1.663,224
1570150800000,1.715,297
1570237200000,1.764,257
1570323600000,1.691,263
1570410000000,1.67,202
1570496400000,1.755,347
1570582800000,1.759,196
1570669200000,1.801,203
1570755600000,1.726,221
1570842000000,1.853,314
1570928400000,1.788,351
1571014800000,1.844,275
1571101200000,1.771,181
1571187600000,1.981,310
1571274000000,1.908,203
1571360400000,1.843,205
1571446800000,1.605,229
1571533200000,1.542,240
1571619600000,1.523,144
1571706000000,1.558,232
1571792400000,1.576,141
1571878800000,1.551,221
1571965200000,1.528,146
1572051600000,1.483,191
1572138000000,1.497,250
1572224400000,1.486,186
1572310800000,1.481,189
1572397200000,1.407,167
1572483600000,1.464,239
1572570000000,1.492,221
1572656400000,1.549,207
1572742800000,1.578,242
1572829200000,1.55,194
1572915600000,1.539,165
1573002000000,1.479,149
1573088400000,1.488,159
1573174800000,1.514,212
1573261200000,1.475,186
1573347600000,1.431,246
1573434000000,1.467,236
1573520400000,1.466,263
1573606800000,1.618,582
1573693200000,1.511,229
1573779600000,1.546,320
1573866000000,1.594,209
1573952400000,1.5,264
1574038800000,1.464,154
1574125200000,1.176,541
1574211600000,1.061,252
1574298000000,1.182,222
1574384400000,1.136,198
1574470800000,1.095,231
1574557200000,1.085,247
1574643600000,1.111,222
1574730000000,1.151,265
1574816400000,1.096,231
1574902800000,1.216,220
1574989200000,1.119,233
1575075600000,1.207,250
1575162000000,1.221,296
1575248400000,1.347,253
1575334800000,1.266,213
1575421200000,1.209,189
1575507600000,1.348,311
1575594000000,1.341,317
1575680400000,1.316,316
1575766800000,1.336,339
1575853200000,1.451,321
1575939600000,1.515,227
1576026000000,1.368,179
1576112400000,1.505,150
1576198800000,1.483,244
1576285200000,1.434,265
1576371600000,1.397,229
1576458000000,1.419,202
1576544400000,1.448,220
1576630800000,1.367,265
1576717200000,1.385,236
1576803600000,1.326,233
1576890000000,1.367,262
1576976400000,1.362,261
1577062800000,1.36,279
1577149200000,1.453,291
1577235600000,1.51,309
1577322000000,1.661,372
1577408400000,1.626,299
1577494800000,1.655,267
1577581200000,1.645,370
1577667600000,1.586,218
1577754000000,1.747,295
1577840400000,1.693,268
1577926800000,1.636,222
1578013200000,1.681,379
1578099600000,1.794,376
1578186000000,1.758,285
1578272400000,1.817,227
1578358800000,1.799,271
1578445200000,1.74,260
1578531600000,1.845,499
1578618000000,1.951,340
1578704400000,2.043,454
1578790800000,2.121,440
1578877200000,2.026,302
1578963600000,2.125,385
1579050000000,2.109,299
1579136400000,2.424,533
1579222800000,2.392,396
1579309200000,2.346,392
1579395600000,2.471,323
1579482000000,2.288,220
1579568400000,2.287,296
1579654800000,2.342,195
1579741200000,2.207,199
1579827600000,2.078,234
1579914000000,2.035,248
1580000400000,2.04,291
1580086800000,2.066,219
1580173200000,2.275,473
1580259600000,2.233,251
1580346000000,2.141,197
1580432400000,2.335,248
1580518800000,2.355,257
1580605200000,2.297,437
1580691600000,2.358,247
1580778000000,2.421,329
1580864400000,2.638,434
1580950800000,2.862,324
1581037200000,2.919,270
1581123600000,2.88,394
1581210000000,2.94,420
1581296400000,3.037,320
1581382800000,3.169,307
1581469200000,3.07,217
1581555600000,2.846,221
1581642000000,2.824,242
1581728400000,2.962,301
1581814800000,2.811,297
1581901200000,2.594,215
1581987600000,2.608,210
1582074000000,2.559,228
1582160400000,2.598,226
1582246800000,2.678,264
1582333200000,2.596,268
1582419600000,2.519,248
1582506000000,2.373,205
1582592400000,2.439,327
1582678800000,2.514,357
1582765200000,2.28,236
1582851600000,2.251,296
1582938000000,2.421,317
1583024400000,2.361,192
1583110800000,2.346,237
1583197200000,2.398,167
1583283600000,2.424,240
1583370000000,2.424,278
1583456400000,2.425,268
1583542800000,2.404,404
1583629200000,2.55,354
1583715600000,2.523,386
1583802000000,2.564,295
1583888400000,2.549,258
1583974800000,2.58,310
1584061200000,2.429,251
1584147600000,2.43,429
1584234000000,2.421,250
1584320400000,2.598,481
1584406800000,2.424,229
1584493200000,2.388,223
1584579600000,2.337,272
1584666000000,2.211,278
1584752400000,2.26,378
1584838800000,2.247,323
1584925200000,2.178,305
1585011600000,2.011,258
1585098000000,2.065,274
1585184400000,2.028,282
1585270800000,2.088,273
1585357200000,2.113,275
1585443600000,2.106,433
1585530000000,2.277,648
1585616400000,2.394,497
1585702800000,2.159,404
1585789200000,2.132,403
1585875600000,2.079,458
1585962000000,2.128,440
1586048400000,2.126,420
1586134800000,2.058,337
1586221200000,2.049,405
1586307600000,2.064,344
1586394000000,2.137,337
1586480400000,2.117,409
1586566800000,2.129,437
1586653200000,2.194,455
1586739600000,2.226,832
1586826000000,2.212,414
1586912400000,2.159,372
1586998800000,2.295,460
1587085200000,2.27,501
1587171600000,2.348,501
1587258000000,2.3,429
1587344400000,2.27,447
1587430800000,2.259,378
1587517200000,2.252,364
1587603600000,2.196,445
1587690000000,2.382,669
1587776400000,2.58,586
1587862800000,2.462,410
1587949200000,2.601,435
1588035600000,2.591,519
1588122000000,2.667,559
1588208400000,2.648,429
1588294800000,2.676,417
1588381200000,2.761,549
1588467600000,2.617,355
1588554000000,2.651,366
1588640400000,2.627,443
1588726800000,2.708,411
1588813200000,2.62,371
1588899600000,2.788,444
1588986000000,2.802,415
1589072400000,2.79,415
1589158800000,2.757,378
1589245200000,2.572,301
1589331600000,2.692,376
1589418000000,2.636,309
1589504400000,2.591,298
1589590800000,2.712,370
1589677200000,2.689,444
1589763600000,2.665,259
1589850000000,2.643,292
1589936400000,2.718,298
1590022800000,2.778,340
1590109200000,2.754,419
1590195600000,2.779,411
1590282000000,2.76,375
1590368400000,2.699,290
1590454800000,2.629,402
1590541200000,2.664,339
1590627600000,2.84,580
1590714000000,2.824,409
1590800400000,2.891,459
1590886800000,2.892,477
1590973200000,2.792,283
1591059600000,2.82,326
1591146000000,2.835,360
1591232400000,2.983,325
1591318800000,2.895,306
1591405200000,2.903,308
1591491600000,2.986,358
1591578000000,3.035,338
1591664400000,3.046,320
1591750800000,2.89,257
1591837200000,2.934,332
1591923600000,2.895,435
1592010000000,2.987,322
1592096400000,2.909,291
1592182800000,2.976,363
1592269200000,2.873,301
1592355600000,2.946,276
1592442000000,2.891,275
1592528400000,2.913,262
1592614800000,2.869,252
1592701200000,2.936,356
1592787600000,2.829,191
1592874000000,2.944,286
1592960400000,2.948,420
1593046800000,2.875,341
1593133200000,2.881,449
1593219600000,2.88,356
1593306000000,2.905,313
1593392400000,2.824,323
1593478800000,2.874,319
1593565200000,2.871,328
1593651600000,2.91,353
1593738000000,2.863,323
1593824400000,2.999,456
1593910800000,2.855,245
1593997200000,2.849,214
1594083600000,2.835,243
1594170000000,2.858,296
1594256400000,2.919,298
1594342800000,2.876,215
1594429200000,2.99,370
1594515600000,3.064,401
1594602000000,3.083,325
1594688400000,2.999,318
1594774800000,3.005,232
1594861200000,3.077,318
1594947600000,3.159,424
1595034000000,3.17,339
1595120400000,3.158,291
1595206800000,3.171,319
1595293200000,3.275,379
1595379600000,3.202,251
1595466000000,3.326,402
1595552400000,3.243,424
1595638800000,3.432,370
1595725200000,3.525,318
1595811600000,3.698,270
1595898000000,3.771,385
1595984400000,3.736,295
1596070800000,3.679,249
1596157200000,3.937,364
1596243600000,3.943,218
1596330000000,3.845,268
1596416400000,3.71,203
1596502800000,3.818,301
1596589200000,3.626,239
1596675600000,3.652,232
1596762000000,3.498,269
1596848400000,3.457,247
1596934800000,3.431,258
1597021200000,3.314,239
1597107600000,3.215,230
1597194000000,3.323,178
1597280400000,3.324,240
1597366800000,3.275,188
1597453200000,3.054,211
1597539600000,3.171,272
1597626000000,3.122,227
1597712400000,2.989,269
1597798800000,3.101,324
1597885200000,3.501,354
1597971600000,3.485,269
1598058000000,3.416,339
1598144400000,3.317,254
1598230800000,3.303,198
1598317200000,3.101,199
1598403600000,3.005,238
1598490000000,3.101,253
1598576400000,3.221,240
1598662800000,3.105,215
1598749200000,2.905,199
1598835600000,2.978,289
1598922000000,2.971,184
1599008400000,3.013,209
1599094800000,3.04,339
1599181200000,2.994,306
1599267600000,3.02,265
1599354000000,3.039,257
1599440400000,3.063,229
1599526800000,2.949,226
1599613200000,2.924,178
1599699600000,2.98,238
1599786000000,2.914,247
1599872400000,3.006,268
1599958800000,2.881,191
1600045200000,2.766,177
1600131600000,2.962,295
1600218000000,2.927,236
1600304400000,2.863,186
1600390800000,2.963,291
1600477200000,3.05,282
1600563600000,2.943,264
1600650000000,2.981,213
1600736400000,3.093,285
1600822800000,3.161,328
1600909200000,2.976,198
1600995600000,3.065,230
1601082000000,2.931,242
1601168400000,2.936,262
1601254800000,3.051,320
1601341200000,3.131,308
1601427600000,2.97,321
1601514000000,3.025,266
1601600400000,3.14,307
1601686800000,3.275,443
1601773200000,3.142,235
1601859600000,3.308,267
1601946000000,3.133,271
1602032400000,3.125,213
1602118800000,3.256,250
1602205200000,3.215,261
1602291600000,3.144,325
1602378000000,3.417,346
1602464400000,3.323,230
1602550800000,3.281,277
1602637200000,3.273,241
1602723600000,3.371,239
1602810000000,3.297,214
1602896400000,3.345,252
1602982800000,3.283,253
1603069200000,3.305,222
1603155600000,3.27,218
1603242000000,3.185,218
1603328400000,3.137,266
1603414800000,3.168,231
1603501200000,3.155,221
1603587600000,3.274,278
1603674000000,3.144,198
1603760400000,3.163,205
1603846800000,3.191,214
1603933200000,3.161,227
1604019600000,3.109,283
1604106000000,3.203,294
1604192400000,3.065,243
1604278800000,3.059,226
1604365200000,3.045,248
1604451600000,3.114,206
1604538000000,3.077,231
1604624400000,3.202,271
1604710800000,3.186,305
1604797200000,3.109,220
1604883600000,3.104,214
1604970000000,3.17,268
1605056400000,2.987,179
1605142800000,2.943,174
1605229200000,2.867,172
1605315600000,2.963,264
1605402000000,3.067,307
1605488400000,3.065,277
1605574800000,2.992,217
1605661200000,2.92,239
1605747600000,3.092,306
1605834000000,3.079,274
1605920400000,3.125,225
1606006800000,3.043,323
1606093200000,2.898,194
1606179600000,2.916,244
1606266000000,3.096,334
1606352400000,3.162,538
1606438800000,3.021,342
1606525200000,3.088,359
1606611600000,3.026,264
1606698000000,2.873,226
1606784400000,2.994,401
1606870800000,2.99,199
1606957200000,3.019,313
1607043600000,2.55,399
1607130000000,2.508,207
1607216400000,2.449,218
1607302800000,2.384,200
1607389200000,2.433,209
1607475600000,2.412,214
1607562000000,2.358,175
1607648400000,2.365,204
1607734800000,2.418,226
1607821200000,2.458,229
1607907600000,2.549,321
1607994000000,2.568,163
1608080400000,2.514,206
1608166800000,2.569,225
1608253200000,2.626,222
1608339600000,2.576,251
1608426000000,2.601,255
1608512400000,2.755,336
1608598800000,2.6,253
1608685200000,2.59,339
1608771600000,2.728,353
1608858000000,2.646,311
1608944400000,2.703,309
1609030800000,2.764,251
1609117200000,2.715,321
1609203600000,2.687,274
1609290000000,2.794,301
1609376400000,2.834,284
1609462800000,2.904,269
1609549200000,2.759,312
1609635600000,2.839,348
1609722000000,2.777,282
1609808400000,2.725,329
1609894800000,2.725,305
1609981200000,2.816,294
1610067600000,2.98,429
1610154000000,3.06,549
1610240400000,3.171,338
1610326800000,3.156,286
1610413200000,3.29,423
1610499600000,3.382,368
1610586000000,3.447,335
1610672400000,3.387,317
1610758800000,3.561,437
1610845200000,3.624,400
1610931600000,3.526,439
1611018000000,3.344,243
1611104400000,3.397,271
1611190800000,3.332,297
1611277200000,3.561,369
1611363600000,3.509,329
1611450000000,3.393,366
1611536400000,3.394,302
1611622800000,3.408,285
1611709200000,3.424,305
1611795600000,3.104,337
1611882000000,3.415,366
1611968400000,3.334,345
1612054800000,3.561,321
1612141200000,3.496,252
1612227600000,3.439,268
1612314000000,3.403,232
1612400400000,3.384,295
1612486800000,3.366,294
1612573200000,3.546,342
1612659600000,3.384,287
1612746000000,3.367,325
1612832400000,3.299,294
1612918800000,3.355,311
1613005200000,3.441,515
1613091600000,3.345,415
1613178000000,3.333,369
1613264400000,3.308,388
1613350800000,3.355,355
1613437200000,3.414,522
1613523600000,3.426,219
1613610000000,3.334,239
1613696400000,3.371,237
1613782800000,3.341,249
1613869200000,3.342,274
1613955600000,3.326,289
1614042000000,3.464,319
1614128400000,3.498,359
1614214800000,3.585,485
1614301200000,3.796,413
1614387600000,3.759,458
1614474000000,3.733,361
1614560400000,3.774,401
1614646800000,3.956,907
1614733200000,4.52,542
1614819600000,4.622,392
1614906000000,4.936,388
1614992400000,4.878,298
1615078800000,4.789,376
1615165200000,4.763,349
1615251600000,4.83,316
1615338000000,4.914,420
1615424400000,5.118,430
1615510800000,5.179,424
1615597200000,5.466,575
1615683600000,5.805,464
1615770000000,5.51,211
1615856400000,5.274,222
1615942800000,4.989,309
1616029200000,5.302,369
1616115600000,5.297,278
1616202000000,5.209,282
1616288400000,4.847,265
1616374800000,4.889,217
1616461200000,5.039,303
1616547600000,5.13,285
1616634000000,5.228,373
1616720400000,5.191,383
1616806800000,5.021,338
1616893200000,5.154,342
1616979600000,5.007,255
1617066000000,4.956,246
1617152400000,5.058,372
1617238800000,5.184,337
1617325200000,5.183,270
1617411600000,5.352,354
1617498000000,5.296,312
1617584400000,5.275,348
1617670800000,5.206,279
1617757200000,4.871,195
1617843600000,4.482,329
1617930000000,4.693,377
1618016400000,4.802,333
1618102800000,4.653,286
1618189200000,4.661,346
1618275600000,4.698,264
1618362000000,4.499,192
1618448400000,4.843,560
1618534800000,4.964,355
1618621200000,4.93,267
1618707600000,4.944,329
1618794000000,4.974,229
1618880400000,4.961,236
1618966800000,4.787,260
1619053200000,4.829,273
1619139600000,4.864,314
1619226000000,4.926,313
1619312400000,5.288,635
1619398800000,5.201,274
1619485200000,5.26,343
1619571600000,5.041,284
1619658000000,5.227,236
1619744400000,5.11,230
1619830800000,4.771,403
1619917200000,4.984,279
1620003600000,5.133,300
1620090000000,4.994,309
1620176400000,4.928,258
1620262800000,4.897,279
1620349200000,4.989,321
1620435600000,5.073,271
1620522000000,4.996,242
1620608400000,4.96,244
1620694800000,5.058,283
1620781200000,5.096,356
1620867600000,5.284,371
1620954000000,5.251,279
1621040400000,5.321,358
1621126800000,5.176,263
1621213200000,5.098,258
1621299600000,5.242,278
1621386000000,5.198,240
1621472400000,5.056,269
1621558800000,5.151,310
1621645200000,5.304,417
1621731600000,5.329,294
1621818000000,5.405,308
1621904400000,5.488,298
1621990800000,5.496,291
1622077200000,5.784,312
1622163600000,5.607,265
1622250000000,6.516,864
1622336400000,6.498,324
1622422800000,6.218,266
1622509200000,6.749,302
1622595600000,7.022,305
1622682000000,7.504,331
1622768400000,8.139,371
1622854800000,8.172,351
1622941200000,7.615,336
1623027600000,6.661,238
1623114000000,6.758,259
1623200400000,6.621,253
1623286800000,6.984,288
1623373200000,7.384,371
1623459600000,7.568,245
1623546000000,7.189,278
1623632400000,6.861,199
1623718800000,6.409,229
1623805200000,6.6,179
1623891600000,6.478,193
1623978000000,6.397,197
1624064400000,6.601,272
1624150800000,6.435,206
1624237200000,6.686,200
1624323600000,6.532,195
1624410000000,6.613,253
1624496400000,6.262,341
1624582800000,6.108,258
1624669200000,6.333,336
1624755600000,6.557,371
1624842000000,6.691,210
1624928400000,6.485,211
1625014800000,6.346,279
1625101200000,6.584,250
1625187600000,6.406,189
1625274000000,6.187,181
1625360400000,6.135,216
1625446800000,6.163,236
1625533200000,6.323,290
1625619600000,5.983,225
1625706000000,5.902,241
1625792400000,5.977,222
1625878800000,6.264,276
1625965200000,6,194
1626051600000,5.94,235
1626138000000,6.074,175
1626224400000,6.021,186
1626310800000,5.86,177
1626397200000,5.674,228
1626483600000,6.028,207
1626570000000,5.951,210
1626656400000,6.019,249
1626742800000,5.928,210
1626829200000,5.577,200
1626915600000,5.636,219
1627002000000,5.502,216
1627088400000,5.612,217
1627174800000,5.67,223
1627261200000,5.875,178
1627347600000,5.635,104
1627434000000,5.365,187
1627520400000,5.857,351
1627606800000,6.295,448
1627693200000,6.267,233
1627779600000,6.436,376
1627866000000,6.479,318
1627952400000,6.017,235
1628038800000,6.29,213
1628125200000,6.394,255
1628211600000,6.314,286
1628298000000,6.451,321
1628384400000,6.46,278
1628470800000,6.469,248
1628557200000,6.221,167
1628643600000,6.461,264
1628730000000,6.526,246
1628816400000,6.776,302
1628902800000,6.971,311
1628989200000,6.575,271
1629075600000,6.393,263
1629162000000,6.216,286
1629248400000,6.184,265
1629334800000,6.23,196
1629421200000,6.423,309
1629507600000,6.381,196
1629594000000,6.348,236
1629680400000,6.167,220
1629766800000,6.48,373
1629853200000,6.759,336
1629939600000,6.579,203
1630026000000,6.708,205
1630112400000,6.707,225
1630198800000,6.744,232
1630285200000,6.603,218
1630371600000,6.679,225
1630458000000,6.501,201
1630544400000,6.815,260
1630630800000,6.646,194
1630717200000,6.549,230
1630803600000,6.648,212
1630890000000,6.494,176
1630976400000,6.716,199
1631062800000,6.514,253
1631149200000,6.611,208
1631235600000,6.696,233
1631322000000,6.438,178
1631408400000,6.31,222
1631494800000,6.496,194
1631581200000,6.421,214
1631667600000,6.713,293
1631754000000,6.598,220
1631840400000,6.625,206
1631926800000,6.724,342
1632013200000,6.725,255
1632099600000,6.51,234
1632186000000,6.357,218
1632272400000,5.263,385
1632358800000,4.716,173
1632445200000,4.694,176
1632531600000,4.72,235
1632618000000,4.9,163
1632704400000,4.668,161
1632790800000,4.752,164
1632877200000,4.882,232
1632963600000,4.905,210
1633050000000,4.68,165
1633136400000,4.572,206
1633222800000,4.833,217
1633309200000,4.816,150
1633395600000,5.031,209
1633482000000,4.95,183
1633568400000,5.011,240
1633654800000,5.136,392
1633741200000,5.462,317
1633827600000,5.321,334
1633914000000,5.511,273
1634000400000,5.39,220
1634086800000,5.546,259
1634173200000,5.54,202
1634259600000,5.652,307
1634346000000,5.535,211
1634432400000,5.442,216
1634518800000,5.403,210
1634605200000,5.822,385
1634691600000,6.444,532
1634778000000,6.141,222
1634864400000,5.307,273
1634950800000,5.512,277
1635037200000,5.581,244
1635123600000,5.323,240
1635210000000,5.401,204
1635296400000,5.265,147
1635382800000,5.296,228
1635469200000,5.264,224
1635555600000,5.506,374
1635642000000,5.451,331
1635728400000,5.328,238
1635814800000,5.516,209
1635901200000,5.58,230
1635987600000,5.638,228
1636074000000,5.845,351
1636160400000,5.876,298
1636246800000,5.791,275
1636333200000,5.779,297
1636419600000,5.739,287
1636506000000,5.423,227
1636592400000,5.581,390
1636678800000,5.52,275
1636765200000,5.685,300
1636851600000,5.622,263
1636938000000,5.636,238
1637024400000,5.756,264
1637110800000,5.783,301
1637197200000,5.789,197
1637283600000,5.667,242
1637370000000,5.562,207
1637456400000,5.768,242
1637542800000,6.082,344
1637629200000,5.956,275
1637715600000,5.791,235
1637802000000,5.816,347
1637888400000,5.718,294
1637974800000,5.728,224
1638061200000,5.663,295
1638147600000,5.833,301
1638234000000,5.683,281
1638320400000,5.648,216
1638406800000,5.723,274
1638493200000,5.894,201
1638579600000,5.883,304
1638666000000,5.853,247
1638752400000,6.024,179
1638838800000,5.905,206
1638925200000,5.975,245
1639011600000,5.843,204
1639098000000,6.107,239
1639184400000,6.12,327
1639270800000,6.221,296
1639357200000,6.046,213
1639443600000,6.01,224
1639530000000,6.15,300
1639616400000,5.866,180
1639702800000,6.085,253
1639789200000,6.264,349
1639875600000,6.13,242
1639962000000,6.057,220
1640048400000,5.814,189
1640134800000,5.934,303
1640221200000,6.131,280
1640307600000,6.361,323
1640394000000,6.459,280
1640480400000,6.633,401
1640566800000,6.623,296
1640653200000,6.722,269
1640739600000,6.576,291
1640826000000,6.953,304
1640912400000,6.814,242
1640998800000,7.024,263
1641085200000,6.749,282
1641171600000,6.612,231
1641258000000,6.503,201
1641344400000,6.477,281
1641430800000,6.525,247
1641517200000,6.437,238
1641603600000,6.988,270
1641690000000,6.817,272
1641776400000,6.608,187
1641862800000,6.574,203
1641949200000,6.509,190
1642035600000,6.493,220
1642122000000,6.695,223
1642208400000,6.845,265
1642294800000,6.549,226
1642381200000,6.649,321
1642467600000,6.664,198
1642554000000,6.512,238
1642640400000,6.697,290
1642726800000,6.175,240
1642813200000,6.229,445
1642899600000,6.204,229
1642986000000,6.034,172
1643072400000,6.133,276
1643158800000,5.97,200
1643245200000,5.955,233
1643331600000,5.923,256
1643418000000,5.999,256
1643504400000,5.702,258
1643590800000,5.655,242
1643677200000,5.626,269
1643763600000,5.999,292
1643850000000,5.795,234
1643936400000,6.008,248
1644022800000,5.938,275
1644109200000,5.916,275
1644195600000,6.109,421
1644282000000,5.768,189
1644368400000,5.742,209
1644454800000,6.243,303
1644541200000,6.198,292
1644627600000,6.522,372
1644714000000,6.566,433
1644800400000,6.994,405
1644886800000,7.145,409
1644973200000,7.115,259
1645059600000,7.394,334
1645146000000,7.439,356
1645232400000,7.477,434
1645318800000,7.64,408
1645405200000,7.553,268
1645491600000,7.662,319
1645578000000,7.238,218
1645664400000,7.222,215
1645750800000,7.614,349
1645837200000,7.333,274
1645923600000,7.33,287
1646010000000,7.203,277
1646096400000,7.227,259
1646182800000,7.535,251
1646269200000,7.527,190
1646355600000,7.686,325
1646442000000,7.648,224
1646528400000,7.49,380
1646614800000,7.224,207
1646701200000,7.167,187
1646787600000,6.928,196
1646874000000,7.225,322
1646960400000,7.574,223
1647046800000,7.633,264
1647133200000,7.614,194
1647219600000,7.661,301
1647306000000,7.423,205
1647392400000,7.285,200
1647478800000,7.676,247
1647565200000,7.479,191
1647651600000,7.394,231
1647738000000,7.496,256
1647824400000,7.382,183
1647910800000,7.438,164
1647997200000,7.637,379
1648083600000,7.88,266
1648170000000,7.868,204
1648256400000,7.868,340
1648342800000,7.967,246
1648429200000,7.816,189
1648515600000,7.892,260
1648602000000,7.937,258
1648688400000,7.833,251
1648774800000,8.111,216
1648861200000,8.191,239
1648947600000,8.593,453
1649034000000,9.36,403
1649120400000,9.429,227
1649206800000,9.436,295
1649293200000,9.573,164
1649379600000,10.03,294
1649466000000,9.771,255
1649552400000,9.317,219
1649638800000,9.243,272
1649725200000,9.065,159
1649811600000,8.677,177
1649898000000,8.8,206
1649984400000,8.599,277
1650070800000,8.748,243
1650157200000,8.317,193
1650243600000,8.594,206
1650330000000,8.461,177
1650416400000,8.648,171
1650502800000,8.535,166
1650589200000,8.447,174
1650675600000,8.636,234
1650762000000,8.606,291
1650848400000,8.558,181
1650934800000,8.623,172
1651021200000,8.668,207
1651107600000,8.187,223
1651194000000,8.497,229
1651280400000,8.57,242
1651366800000,8.328,207
1651453200000,8.218,227
1651539600000,8.284,189
1651626000000,7.96,224
1651712400000,7.885,157
1651798800000,7.793,217
1651885200000,7.627,139
1651971600000,7.851,185
1652058000000,7.923,235
1652144400000,7.832,145
1652230800000,7.632,195
1652317200000,7.802,180
1652403600000,8.25,304
1652490000000,8.052,191
1652576400000,7.685,177
1652662800000,7.433,154
1652749200000,7.639,157
1652835600000,7.565,157
1652922000000,7.503,209
1653008400000,7.756,254
1653094800000,7.742,289
1653181200000,7.831,217
1653267600000,7.508,193
1653354000000,7.865,245
1653440400000,8.051,261
1653526800000,7.872,248
1653613200000,8.062,243
1653699600000,8.08,202
1653786000000,7.762,182
1653872400000,7.801,198
1653958800000,7.964,233
1654045200000,8.152,246
1654131600000,8.331,254
1654218000000,7.962,281
1654304400000,8.156,221
1654390800000,8.059,229
1654477200000,8.118,189
1654563600000,8.474,303
1654650000000,8.395,201
1654736400000,8.186,231
1654822800000,8.533,256
1654909200000,8.506,254
1654995600000,8.481,226
1655082000000,8.412,421
1655168400000,8.127,170
1655254800000,8.217,208
1655341200000,7.913,187
1655427600000,8.061,232
1655514000000,8.055,183
1655600400000,8.016,229
1655686800000,7.756,227
1655773200000,7.647,250
1655859600000,7.618,248
1655946000000,7.688,251
1656032400000,7.69,276
1656118800000,7.393,290
1656205200000,7.455,292
1656291600000,7.63,250
1656378000000,7.521,219
1656464400000,7.55,251
1656550800000,7.842,209
1656637200000,7.925,254
1656723600000,7.542,207
1656810000000,7.229,228
1656896400000,7.14,186
1656982800000,7.067,250
1657069200000,6.985,256
1657155600000,7.245,171
1657242000000,7.295,221
1657328400000,7.794,250
1657414800000,7.488,259
1657501200000,7.358,206
1657587600000,7.61,185
1657674000000,7.564,158
1657760400000,7.156,217
1657846800000,7.192,205
1657933200000,7.38,233
1658019600000,7.451,229
1658106000000,7.15,219
1658192400000,7.416,268
1658278800000,7.858,239
1658365200000,7.21,279
1658451600000,7.571,283
1658538000000,7.752,277
1658624400000,7.637,248
1658710800000,7.827,217
1658797200000,7.517,193
1658883600000,7.494,194
1658970000000,7.633,231
1659056400000,7.822,312
1659142800000,7.543,216
1659229200000,7.497,305
1659315600000,7.822,248
1659402000000,7.789,217
1659488400000,7.83,219
1659574800000,7.895,230
1659661200000,7.889,214
1659747600000,7.851,223
1659834000000,8.027,310
1659920400000,8.436,330
1660006800000,7.955,156
1660093200000,8.477,352
1660179600000,8.581,264
1660266000000,8.716,274
1660352400000,8.706,235
1660438800000,8.676,211
1660525200000,8.479,190
1660611600000,8.212,210
1660698000000,8.342,263
1660784400000,8.521,247
1660870800000,8.534,237
1660957200000,8.445,183
1661043600000,8.615,226
1661130000000,8.474,161
1661216400000,8.165,174
1661302800000,8.024,195
1661389200000,8.143,291
1661475600000,8.109,228
1661562000000,7.865,184
1661648400000,8.133,230
1661734800000,8.281,245
1661821200000,7.935,189
1661907600000,8.03,228
1661994000000,7.933,200
1662080400000,8.106,274
1662166800000,7.995,217
1662253200000,7.966,246
1662339600000,8.011,202
1662426000000,7.909,190
1662512400000,7.874,228
1662598800000,7.79,176
1662685200000,8.12,262
1662771600000,8.039,215
1662858000000,8.104,247
1662944400000,7.814,439
1663030800000,7.947,216
1663117200000,7.878,213
1663203600000,7.887,190
1663290000000,8.054,310
1663376400000,7.872,224
1663462800000,7.642,185
1663549200000,7.56,177
1663635600000,7.278,261
1663722000000,7.298,224
1663808400000,7.338,171
1663894800000,7.718,277
1663981200000,7.676,189
1664067600000,7.504,211
1664154000000,7.33,173
1664240400000,7.269,191
1664326800000,7.312,197
1664413200000,7.37,297
1664499600000,7.781,275
1664586000000,7.505,174
1664672400000,7.471,250
1664758800000,7.526,185
1664845200000,7.419,155
1664931600000,7.373,223
1665018000000,7.255,159
1665104400000,7.47,233
1665190800000,7.415,232
1665277200000,7.348,145
1665363600000,7.35,133
1665450000000,7.439,173
1665536400000,7.137,151
1665622800000,7.125,187
1665709200000,6.862,199
1665795600000,7.138,262
1665882000000,7.46,211
1665968400000,7.255,163
1666054800000,7.344,154
1666141200000,7.189,164
1666227600000,7.235,196
1666314000000,7.329,204
1666400400000,6.938,275
1666486800000,7.258,225
1666573200000,7.531,190
1666659600000,7.054,186
1666746000000,7.007,165
1666832400000,7.309,272
1666918800000,7.382,208
1667005200000,7.245,226
1667091600000,7.109,242
1667178000000,6.868,169
1667264400000,7.098,271
1667350800000,7.008,198
1667437200000,7.056,263
1667523600000,7.307,222
1667610000000,7.217,180
1667696400000,7.174,229
1667782800000,7.568,248
1667869200000,7.095,193
1667955600000,7.29,133
1668042000000,7.287,176
1668128400000,7.565,345
1668214800000,7.406,229
1668301200000,7.715,294
1668387600000,7.199,185
1668474000000,7.167,133
1668560400000,7.457,235
1668646800000,7.365,199
1668733200000,7.314,232
1668819600000,7.211,270
1668906000000,6.961,207
1668992400000,7.1,246
1669078800000,6.959,190
1669165200000,6.668,239
1669251600000,7.073,292
1669338000000,6.72,224
1669424400000,7.089,304
1669510800000,6.651,169
1669597200000,6.859,256
1669683600000,6.824,198
1669770000000,7.08,205
1669856400000,7.274,210
1669942800000,7.353,203
1670029200000,7.284,165
1670115600000,7.527,308
1670202000000,7.446,240
1670288400000,7.8,275
1670374800000,7.725,218
1670461200000,7.583,208
1670547600000,7.359,198
1670634000000,7.562,280
1670720400000,7.659,258
1670806800000,7.617,175
1670893200000,7.485,203
1670979600000,7.887,280
1671066000000,7.938,208
1671152400000,7.605,204
1671238800000,7.433,224
1671325200000,7.416,174
1671411600000,7.155,163
1671498000000,7.165,176
1671584400000,7.182,152
1671670800000,7.081,206
1671757200000,7.165,329
1671843600000,7.263,281
1671930000000,7.561,268
1672016400000,7.491,314
1672102800000,7.558,274
1672189200000,7.571,184
1672275600000,7.594,264
1672362000000,7.613,223
1672448400000,7.593,236
1672534800000,7.661,282
1672621200000,7.373,216
1672707600000,7.567,261
1672794000000,7.145,255
1672880400000,7.466,315
1672966800000,7.766,276
1673053200000,7.833,295
1673139600000,7.482,202
1673226000000,7.585,199
1673312400000,7.738,248
1673398800000,7.674,196
1673485200000,7.727,223
1673571600000,7.796,277
1673658000000,7.921,310
1673744400000,7.593,226
1673830800000,7.762,227
1673917200000,7.612,146
1674003600000,8.005,270
1674090000000,8.059,315
1674176400000,7.89,220
1674262800000,8.048,418
1674349200000,7.818,269
1674435600000,7.515,194
1674522000000,7.747,213
1674608400000,7.769,210
1674694800000,7.687,216
1674781200000,7.85,180
1674867600000,8.083,324
1674954000000,8.127,290
1675040400000,7.951,209
1675126800000,8.286,216
1675213200000,8.136,215
1675299600000,8.28,288
1675386000000,8.272,251
1675472400000,8.367,279
1675558800000,8.406,301
1675645200000,8.366,318
1675731600000,7.924,207
1675818000000,8.037,213
1675904400000,8.291,310
1675990800000,8.127,302
1676077200000,7.905,335
1676163600000,7.862,258
1676250000000,7.868,252
1676336400000,7.895,205
1676422800000,7.864,214
1676509200000,8.279,320
1676595600000,8.029,225
1676682000000,8.049,307
1676768400000,7.744,241
1676854800000,7.873,217
1676941200000,7.796,194
1677027600000,7.583,164
1677114000000,7.838,257
1677200400000,7.822,299
1677286800000,7.741,216
1677373200000,7.779,287
1677459600000,7.987,268
1677546000000,7.96,239
1677632400000,7.984,189
1677718800000,7.971,228
1677805200000,8.243,325
1677891600000,8.229,336
1677978000000,8.041,302
1678064400000,7.751,328
1678150800000,8.084,416
1678237200000,8.236,345
1678323600000,7.984,298
1678410000000,8.554,346
1678496400000,8.32,326
1678582800000,8.356,329
1678669200000,8.441,274
1678755600000,8.431,278
1678842000000,8.376,288
1678928400000,8.289,337
1679014800000,8.357,316
1679101200000,8.339,386
1679187600000,8.31,345
1679274000000,8.53,357
1679360400000,8.268,261
1679446800000,8.438,400
1679533200000,8.48,775
1679619600000,8.595,511
1679706000000,8.915,580
1679792400000,9.149,467
1679878800000,9.234,400
1679965200000,9.638,467
1680051600000,9.807,446
1680138000000,10.443,381
1680224400000,11.026,344
1680310800000,10.898,393
1680397200000,10.896,381
1680483600000,10.62,298
1680570000000,10.919,429
1680656400000,11.211,354
1680742800000,11.372,353
1680829200000,11.572,354
1680915600000,11.808,374
1681002000000,11.515,365
1681088400000,11.114,385
1681174800000,11.033,344
1681261200000,10.878,350
1681347600000,10.986,305
1681434000000,10.994,311
1681520400000,11.551,344
1681606800000,11.668,379
1681693200000,11.376,298
1681779600000,11.409,313
1681866000000,11.585,276
1681952400000,11.719,50
1681970400000,11.31,12
1681974000000,11.84,5
1681977600000,11.46,2
1681981200000,11.693,21
1681984800000,11.84,7
1681988400000,11.234,9
1681992000000,11.518,9
1681995600000,11.048,13
1681999200000,10.927,15
1682002800000,10.871,8
1682006400000,11.008,23
1682010000000,10.94,19
1682013600000,11.595,16
1682017200000,10.818,9
1682020800000,11.783,14
1682024400000,11.706,20
1682028000000,11.958,33
1682031600000,11.545,20
1682035200000,12.03,25
1682038800000,11.93,15
1682042400000,12.055,21
1682046000000,11.73,12
1682049600000,12.172,16
1682053200000,12.186,26
1682056800000,12.22,15
1682060400000,12.33,36
1682064000000,12.36,16
1682067600000,12.361,11
1682071200000,12.03,14
1682074800000,12.378,95
1682078400000,12.44,50
1682082000000,12.482,46
1682085600000,12.44,23
1682089200000,12.391,21
1682092800000,12.428,28
1682096400000,12.44,31
1682100000000,12.55,25
1682103600000,11.182,22
1682107200000,12.376,36
1682110800000,11.5,23
1682114400000,12.07,13
1682118000000,11.072,16
1682121600000,11.639,9
1682125200000,11.59,10
1682128800000,12.088,26
1682132400000,12.1,13
1682136000000,12.228,17
1682139600000,12.23,14
1682143200000,12,3
1682146800000,12.295,24
1682150400000,12.597,33
1682154000000,12.59,17
1682157600000,12.175,11
1682161200000,11.891,5
1682164800000,10.66,19
1682168400000,11.071,23
1682172000000,11.005,25
1682175600000,11.976,20
1682179200000,10.732,7
1682182800000,10.653,17
1682186400000,11.521,25
1682190000000,11.958,24
1682193600000,11.563,10
1682197200000,11.86,21
1682200800000,11.433,27
1682204400000,11.828,21
1682208000000,11.499,14
1682211600000,11.54,7
1682215200000,11.67,7
1682218800000,11.52,13
1682222400000,12.07,11
1682226000000,12.09,7
1682229600000,12.199,10
1682233200000,12.003,12
1682236800000,12.15,14
1682240400000,11.313,7
1682244000000,11.016,3
1682247600000,11.102,11
1682251200000,11.36,11
1682254800000,11.21,11
1682258400000,11.202,24
1682262000000,11.203,15
1682265600000,10.88,14
1682269200000,11.144,22
1682272800000,11.62,26
1682276400000,10.929,16
1682280000000,10.925,26
1682283600000,11.155,17
1682287200000,11.203,24
1682290800000,11.045,8
1682294400000,10.986,12
1682298000000,11.368,8
1682301600000,12.059,32
1682305200000,12.42,108
1682308800000,12.618,75
1682312400000,12.357,3
1682316000000,11.922,8
1682319600000,12.14,10
1682323200000,12.24,14
1682326800000,11.584,10
1682330400000,11.038,7
1682334000000,12.081,11
1682337600000,11.295,12
1682341200000,11.67,7
1682344800000,11.66,5
1682348400000,11.51,15
1682352000000,11.763,11
1682355600000,11.759,16
1682359200000,11.242,12
1682362800000,10.602,22
1682366400000,11.245,23
1682370000000,11.016,24
1682373600000,11.23,25
1682377200000,11.792,18
1682380800000,12.16,27
1682384400000,12.28,21
1682388000000,12.28,24
1682391600000,10.737,10
1682395200000,10.65,14
1682398800000,10.35,5
1682402400000,10.35,9
1682406000000,10.526,8
1682409600000,11.004,25
1682413200000,11.451,9
1682416800000,11.016,13
1682420400000,10.628,12
1682424000000,10.229,9
1682427600000,9.817,15
1682431200000,9.965,16
1682434800000,9.95,20
1682438400000,10.042,15
1682442000000,9.926,28
1682445600000,9.864,22
1682449200000,9.68,11
1682452800000,9.69,11
1682456400000,9.441,22
1682460000000,9.821,26
1682463600000,9.85,9
1682467200000,10.17,11
1682470800000,9.73,10
1682474400000,10.41,7
1682478000000,10.635,46
1682481600000,10.83,10
1682485200000,10.99,9
1682488800000,9.957,2
1682492400000,9.853,2
1682496000000,10.17,5
1682499600000,9.399,6
1682503200000,9.85,7
1682506800000,9.903,6
1682510400000,9.283,2
1682514000000,9.386,5
1682517600000,9.008,8
1682521200000,9.1,14
1682524800000,9.478,8
1682528400000,9.43,19
1682532000000,9.463,25
1682535600000,9.948,26
1682539200000,9.925,31
1682542800000,9.532,24
1682546400000,10.41,25
1682550000000,10.84,75
1682553600000,11.35,44
1682557200000,9.198,27
1682560800000,10.261,11
1682564400000,10.27,15
1682568000000,10.843,6
1682571600000,10.868,7
1682575200000,10.73,8
1682578800000,9.16,9
1682582400000,9.959,11
1682586000000,8.91,3
1682589600000,9.806,12
1682593200000,8.91,7
1682596800000,10.093,6
1682600400000,9.012,4
1682604000000,9.921,13
1682607600000,9.97,18
1682611200000,9.97,19
1682614800000,9.46,9
1682618400000,9.992,13
1682622000000,10.059,15
1682625600000,9.952,22
1682629200000,9.84,27
1682632800000,10.185,20
1682636400000,10.451,26
1682640000000,10.77,17
1682643600000,10.94,16
1682647200000,10.94,21
1682650800000,11.01,37
1682654400000,10.97,8
1682658000000,11.29,8
1682661600000,10,9
1682665200000,10.792,8
1682668800000,11.165,32
1682672400000,11.22,15
1682676000000,11.299,11
1682679600000,11.153,4
1682683200000,11.018,8
1682686800000,11.22,16
1682690400000,10.873,5
1682694000000,10.09,7
1682697600000,10.038,12
1682701200000,10.276,21
1682704800000,9.683,8
1682708400000,10.194,24
1682712000000,11.167,33
1682715600000,9.717,5
1682719200000,9.82,9
1682722800000,11.185,36
1682726400000,11.289,23
1682730000000,10.92,12
1682733600000,10.92,11
1682737200000,11.437,30
1682740800000,11.451,14
1682744400000,11.47,14
1682748000000,10.96,7
1682751600000,11,5
1682755200000,11.384,10
1682758800000,11.492,28
1682762400000,10.42,8
1682766000000,10.497,7
1682769600000,10.363,10
1682773200000,10.41,13
1682776800000,10.453,12
1682780400000,11.003,19
1682784000000,11.23,5
1682787600000,10.684,13
1682791200000,11,32
1682794800000,10.984,12
1682798400000,10.669,8
1682802000000,10.605,22
1682805600000,11.063,20
1682809200000,11.267,30
1682812800000,11.54,47
1682816400000,11.86,37
1682820000000,12.103,47
1682823600000,12.488,58
1682827200000,12.58,13
1682830800000,12.13,7
1682834400000,10.104,9
1682838000000,11.005,8
1682841600000,11.35,13
1682845200000,10.988,12
1682848800000,11.234,11
1682852400000,11.501,11
1682856000000,10.416,4
1682859600000,10.01,12
1682863200000,9.91,13
1682866800000,11.015,20
1682870400000,11.487,15
1682874000000,11.551,8
1682877600000,11.453,16
1682881200000,11.258,24
1682884800000,11.454,17
1682888400000,11.654,48
1682892000000,11.475,18
1682895600000,11.564,19
1682899200000,11.48,18
1682902800000,11.47,10
1682906400000,11.39,6
1682910000000,11.2,3
1682913600000,10.98,4
1682917200000,10.99,8
1682920800000,10.81,5
1682924400000,11.335,14
1682928000000,11.92,72
1682931600000,12.121,42
1682935200000,12.359,42
1682938800000,11.814,17
1682942400000,11.446,10
1682946000000,11.129,10
1682949600000,10.805,9
1682953200000,11.281,22
1682956800000,11.278,20
1682960400000,11.361,18
1682964000000,10.639,9
1682967600000,10.562,14
1682971200000,10.043,12
1682974800000,10.434,13
1682978400000,10.289,18
1682982000000,10.61,16
1682985600000,11.01,19
1682989200000,11.005,6
1682992800000,9.72,3
1682996400000,10.353,6
1683000000000,11.34,28
1683003600000,11.5,5
1683007200000,11.69,25
1683010800000,11.66,3
1683014400000,11.58,7
1683018000000,11.682,19
1683021600000,11.272,9
1683025200000,11.515,6
1683028800000,10.478,3
1683032400000,10.704,4
1683036000000,11.182,30
1683039600000,11.783,22
1683043200000,11.362,10
1683046800000,11.987,12
1683050400000,10.808,11
1683054000000,10.788,16
1683057600000,11.712,33
1683061200000,11.915,26
1683064800000,12.001,16
1683068400000,12.05,24
1683072000000,11.608,11
1683075600000,12.262,12
1683079200000,12.32,14
1683082800000,12.005,3
1683086400000,11.11,7
1683090000000,11.96,13
1683097200000,12.139,8
1683100800000,12.152,9
1683104400000,12.05,16
1683108000000,12.155,10
1683111600000,10.26,3
1683115200000,10.377,4
1683118800000,10.337,10
1683122400000,10.52,11
1683126000000,11.334,27
1683129600000,11.86,9
1683133200000,11.969,18
1683136800000,11.443,15
1683140400000,11.467,16
1683144000000,12.024,30
1683147600000,11.738,17
1683151200000,12.19,19
1683154800000,11.694,7
1683158400000,12.135,16
1683162000000,11.78,17
1683165600000,11.86,7
1683169200000,11.833,16
1683172800000,10.975,5
1683176400000,11.86,15
1683180000000,11.86,10
1683183600000,11.76,11
1683187200000,11.801,16
1683190800000,11.86,29
1683194400000,11.396,4
1683198000000,11.306,10
1683201600000,11.705,23
1683205200000,11.848,16
1683208800000,11.859,17
1683212400000,11.649,20
1683216000000,11.771,30
1683219600000,11.82,18
1683223200000,11.892,45
1683226800000,12.126,45
1683230400000,12.192,19
1683234000000,12.362,21
1683237600000,12.417,25
1683241200000,12.45,37
1683244800000,12.637,48
1683248400000,12.665,36
1683252000000,12.36,10
1683255600000,11.359,10
1683259200000,11.12,13
1683262800000,10.5,21
1683266400000,10.21,7
1683270000000,10.78,24
1683273600000,10.731,9
1683277200000,10.9,22
1683280800000,10.466,8
1683284400000,10.046,9
1683288000000,10.034,15
1683291600000,9.997,19
1683295200000,10.89,25
1683298800000,10.44,7
1683302400000,10.489,17
1683306000000,10.802,18
1683309600000,10.88,18
1683313200000,11.27,30
1683316800000,11.164,15
1683320400000,11.39,19
1683324000000,10.973,31
1683327600000,10.83,9
1683331200000,10.995,22
1683334800000,11.548,28
1683338400000,11.78,29
1683342000000,12.1,56
1683345600000,12.49,38
1683349200000,12.61,25
1683352800000,12.27,7
1683356400000,12.272,30
1683360000000,10.868,10
1683363600000,10.093,9
1683367200000,9.791,14
1683370800000,10.105,12
1683374400000,10.73,9
1683378000000,9.962,11
1683381600000,11.334,13
1683385200000,11.175,20
1683388800000,11.378,21
1683392400000,10.395,14
1683396000000,10.873,21
1683399600000,11.213,19
1683403200000,10.201,18
1683406800000,11.21,21
1683410400000,10.07,15
1683414000000,10.09,7
1683417600000,10.73,9
1683421200000,9.84,10
1683424800000,11.368,14
1683428400000,11.43,9
1683432000000,11.27,9
1683435600000,11.372,17
1683439200000,11.197,6
1683442800000,10.83,7
1683446400000,11.05,9
1683450000000,11.175,16
1683453600000,11.466,7
1683457200000,11.114,14
1683460800000,10.401,9
1683464400000,10.104,18
1683468000000,9.949,9
1683471600000,10.104,26
1683475200000,10.36,19
1683478800000,9.808,13
1683482400000,10.16,21
1683486000000,10.357,33
1683489600000,9.82,17
1683493200000,10,18
1683496800000,10.974,44
1683500400000,11.1,24
1683504000000,11.07,10
1683507600000,11.043,7
1683511200000,10.78,8
1683514800000,10.97,11
1683518400000,10.16,5
1683522000000,11.31,18
1683525600000,11.456,29
1683529200000,9.7,3
1683532800000,9.7,3
1683536400000,9.936,4
1683540000000,9.893,7
1683543600000,9.664,4
1683547200000,9.4,4
1683550800000,9.361,8
1683554400000,9.66,23
1683558000000,10.338,9
1683561600000,10.037,20
1683565200000,10.818,27
1683568800000,11.132,48
1683572400000,11.471,56
1683576000000,11.971,69
1683579600000,12.023,22
1683583200000,11.775,26
1683586800000,11.994,9
1683590400000,11.28,8
1683594000000,11.746,3
1683597600000,10.5,5
1683601200000,10.52,11
1683604800000,11.84,19
1683608400000,12.09,9
1683612000000,12.001,6
1683615600000,11.979,13
1683619200000,11.129,12
1683622800000,11.257,8
1683626400000,11.376,5
1683630000000,11.697,25
1683633600000,11.437,4
1683637200000,10.869,11
1683640800000,11.068,12
1683644400000,11.426,21
1683648000000,10.028,8
1683651600000,11.05,11
1683655200000,11.311,13
1683658800000,11.179,14
1683662400000,10.276,13
1683666000000,10.732,9
1683669600000,10.668,4
1683673200000,10.823,16
1683676800000,11.476,7
1683680400000,10.93,13
1683684000000,11.44,17
1683687600000,11.643,17
1683691200000,11.65,17
1683694800000,11.69,11
1683698400000,10.987,14
1683702000000,11.054,2
1683705600000,10.885,8
1683709200000,11.19,6
1683712800000,10.823,4
1683716400000,11.475,3
1683720000000,10.515,4
1683723600000,9.81,3
1683727200000,11.29,32
1683730800000,9.853,11
1683734400000,11.059,21
1683738000000,10.833,15
1683741600000,11.279,16
1683745200000,9.803,16
1683748800000,9.752,16
1683752400000,10.225,15
1683756000000,10.573,17
1683759600000,10.98,11
1683763200000,11.623,28
1683766800000,11.77,12
1683770400000,11.785,18
1683774000000,11.8,11
1683777600000,11.9,22
1683781200000,12,27
1683784800000,12.078,13
1683788400000,12.084,14
1683792000000,12.047,8
1683795600000,10.04,2
1683799200000,11.09,6
1683802800000,9.98,1
1683806400000,11.345,9
1683810000000,11.406,13
1683813600000,10.674,11
1683817200000,9.976,10
1683820800000,9.926,11
1683824400000,10.101,13
1683828000000,11.361,28
1683831600000,11.682,21
1683835200000,10.982,33
1683838800000,11.683,18
1683842400000,11.181,17
1683846000000,11.559,11
1683849600000,11.79,8
1683853200000,11.78,9
1683856800000,11.775,8
1683860400000,11.6,4
1683864000000,11.64,3
1683867600000,11.5,5
1683871200000,11.64,15
1683874800000,10.628,3
1683878400000,11.437,5
1683882000000,11.585,4
1683885600000,10.401,2
1683889200000,9.873,7
1683892800000,10.431,16
1683896400000,11.042,8
1683900000000,11.281,25
1683903600000,11.553,19
1683907200000,11.392,16
1683910800000,11.36,23
1683914400000,10.863,12
1683918000000,10.749,14
1683921600000,10.461,17
1683925200000,10.876,15
1683928800000,10.664,12
1683932400000,10.862,12
1683936000000,10.88,16
1683939600000,10.957,31
1683943200000,11.46,15
1683946800000,11.397,12
1683950400000,11.522,15
1683954000000,11.15,10
1683957600000,11.224,4
1683961200000,11.39,11
1683964800000,11.32,5
1683968400000,11.21,9
1683972000000,11.351,22
1683975600000,10.941,5
1683979200000,11.233,19
1683982800000,11.388,24
1683986400000,11.47,7
1683990000000,11.062,8
1683993600000,10.876,13
1683997200000,11.078,16
1684000800000,10.35,16
1684004400000,11.007,17
1684008000000,10.49,18
1684011600000,10.963,8
1684015200000,10.82,7
1684018800000,11.191,33
1684022400000,11.488,19
1684026000000,11.5,21
1684029600000,11.547,26
1684033200000,11.547,23
1684036800000,11.19,7
1684040400000,11.5,3
1684044000000,11.47,15
1684047600000,11.55,24
1684051200000,11.64,53
1684054800000,11.694,25
1684058400000,11.616,8
1684062000000,11.388,11
1684065600000,11.742,26
1684069200000,11.645,9
1684072800000,11.507,24
1684076400000,11.637,24
1684080000000,11.211,21
1684083600000,11.437,14
1684087200000,11.431,13
1684090800000,10.878,18
1684094400000,10.9,23
1684098000000,11.5,31
1684101600000,11.626,15
1684105200000,11.52,29
1684108800000,11.8,48
1684112400000,11.81,37
1684116000000,11.98,36
1684119600000,12,27
1684123200000,12.12,28
1684126800000,12.22,32
1684130400000,12.21,5
1684134000000,12.21,5
1684137600000,12.126,5
1684141200000,11.337,4
1684144800000,11.843,12
1684148400000,10.74,4
1684152000000,11.976,10
1684155600000,11.963,13
1684159200000,11.855,9
1684162800000,10.547,10
1684166400000,11.18,14
1684170000000,12.072,43
1684173600000,12.2,37
1684177200000,10.821,15
1684180800000,12.12,33
1684184400000,12.135,28
1684188000000,12.16,23
1684191600000,12.39,25
1684195200000,12.428,15
1684198800000,12.28,10
1684202400000,10.385,11
1684206000000,12.28,6
1684209600000,12.35,12
1684213200000,12.35,22
1684216800000,12.2,21
1684220400000,12.35,9
1684224000000,12.045,6
1684227600000,10.068,3
1684231200000,11.235,8
1684234800000,11.656,14
1684238400000,11.906,11
1684242000000,11.752,10
1684245600000,10.664,2
1684249200000,11.055,18
1684252800000,10.514,10
1684256400000,10.63,14
1684260000000,11.91,35
1684263600000,12.002,18
1684267200000,10.935,8
1684270800000,11.98,15
1684274400000,11.77,18
1684278000000,12.07,7
1684281600000,12.069,13
1684285200000,12.155,13
1684288800000,12.225,38
1684292400000,12.43,17
1684296000000,12.46,14
1684299600000,11.76,7
1684303200000,12.43,14
1684306800000,12.44,11
1684310400000,11.955,2
1684314000000,11.437,6
1684317600000,12.24,38
1684321200000,11.897,4
1684324800000,12.094,5
1684328400000,10.903,10
1684332000000,11.919,16
1684335600000,10.892,7
1684339200000,10.647,4
1684342800000,10.552,8
1684346400000,11.061,10
1684350000000,11.653,13
1684353600000,11.719,11
1684357200000,11.93,13
1684360800000,12.095,22
1684364400000,12.23,25
1684368000000,12.09,19
1684371600000,12.23,10
1684375200000,12.248,8
1684378800000,12.25,21
1684382400000,12.326,22
1684386000000,12.247,14
1684389600000,12.38,4
1684393200000,11.544,2
1684396800000,11.24,3
1684400400000,12.393,45
1684404000000,11.89,9
1684407600000,10.5,11
1684411200000,12.04,21
1684414800000,11.885,16
1684418400000,12.399,26
1684422000000,11.804,7
1684425600000,10.836,15
1684429200000,11.026,24
1684432800000,10.559,7
1684436400000,11.618,22
1684440000000,12.249,32
1684443600000,12.397,35
1684447200000,12.34,15
1684450800000,11.79,13
1684454400000,12.32,11
1684458000000,12.39,11
1684461600000,11.95,12
1684465200000,12.237,7
1684468800000,12.26,14
1684472400000,12.268,14
1684476000000,10.97,4
1684479600000,12.01,4
1684483200000,11.345,4
1684486800000,10.759,4
1684490400000,11.687,21
1684494000000,12.108,11
1684497600000,12.076,7
1684501200000,12.193,10
1684504800000,11.58,16
1684508400000,11.4,15
1684512000000,11.477,5
1684515600000,11.865,12
1684519200000,11.784,19
1684522800000,11.641,10
1684526400000,11,13
1684530000000,11.76,15
1684533600000,11.891,19
1684537200000,12.088,18
1684540800000,12.13,12
1684544400000,12.197,9
1684548000000,12.22,15
1684551600000,12.3,39
1684555200000,12.33,28
