timestamp,price_dollar,sells
1376442000000,8.528,38
1376528400000,5.436,5412
1376614800000,3.351,9877
1376701200000,2.621,11050
1376787600000,2.665,11485
1376874000000,2.673,9609
1376960400000,2.665,8850
1377046800000,2.66,7964
1377133200000,2.256,11104
1377219600000,1.773,13105
1377306000000,1.589,13924
1377392400000,1.521,13702
1377478800000,1.446,11515
1377565200000,1.438,10541
1377651600000,1.428,9445
1377738000000,1.205,10741
1377824400000,1.066,14009
1377910800000,0.991,14605
1377997200000,0.904,15318
1378083600000,0.864,14714
1378170000000,0.869,12918
1378256400000,0.838,11941
1378342800000,0.783,11917
1378429200000,0.732,13417
1378515600000,0.683,16445
1378602000000,0.58,18628
1378688400000,0.564,15032
1378774800000,0.544,13129
1378861200000,0.541,12751
1378947600000,0.518,12695
1379034000000,0.621,25304
1379120400000,0.621,19580
1379206800000,0.577,19320
1379293200000,0.549,14573
1379379600000,0.526,13309
1379466000000,0.515,12368
1379552400000,0.496,12408
1379638800000,0.411,14468
1379725200000,0.331,16625
1379811600000,0.255,16165
1379898000000,0.219,12505
1379984400000,0.202,12373
1380070800000,0.203,12709
1380157200000,0.203,12836
1380243600000,0.202,14871
1380330000000,0.189,15218
1380416400000,0.155,15662
1380502800000,0.157,15214
1380589200000,0.156,12555
1380675600000,0.15,11601
1380762000000,0.145,11440
1380848400000,0.147,13334
1380934800000,0.141,14866
1381021200000,0.121,13832
1381107600000,0.119,12778
1381194000000,0.117,11535
1381280400000,0.115,11491
1381366800000,0.118,12992
1381453200000,0.115,12347
1381539600000,0.096,12792
1381626000000,0.086,14770
1381712400000,0.08,12187
1381798800000,0.08,11889
1381885200000,0.078,10790
1381971600000,0.076,9877
1382058000000,0.077,10334
1382144400000,0.073,15193
1382230800000,0.066,14808
1382317200000,0.063,12062
1382403600000,0.062,11340
1382490000000,0.067,11228
1382576400000,0.063,10935
1382662800000,0.066,13441
1382749200000,0.063,14676
1382835600000,0.058,15780
1382922000000,0.058,15302
1383008400000,0.061,14086
1383094800000,0.056,12583
1383181200000,0.055,11972
1383267600000,0.055,12800
1383354000000,0.054,12554
1383440400000,0.053,11238
1383526800000,0.05,9521
1383613200000,0.049,8790
1383699600000,0.05,8782
1383786000000,0.051,8957
1383872400000,0.046,10462
1383958800000,0.041,9737
1384045200000,0.039,9451
1384131600000,0.041,6829
1384218000000,0.038,6810
1384304400000,0.047,5980
1384390800000,0.045,5769
1384477200000,0.044,6075
1384563600000,0.048,5795
1384650000000,0.045,6339
1384736400000,0.045,5066
1384822800000,0.048,4549
1384909200000,0.055,4848
1384995600000,0.051,4574
1385082000000,0.051,4626
1385168400000,0.051,5248
1385254800000,0.05,5043
1385341200000,0.052,4352
1385427600000,0.051,4127
1385514000000,0.052,4425
1385600400000,0.052,5342
1385686800000,0.055,6440
1385773200000,0.056,7459
1385859600000,0.058,9233
1385946000000,0.061,7226
1386032400000,0.064,6638
1386118800000,0.066,6155
1386205200000,0.066,7281
1386291600000,0.074,7747
1386378000000,0.073,8182
1386464400000,0.078,8168
1386550800000,0.08,6918
1386637200000,0.083,5959
1386723600000,0.085,6509
1386810000000,0.071,7263
1386896400000,0.093,6960
1386982800000,0.092,6886
1387069200000,0.098,6782
1387155600000,0.103,6151
1387242000000,0.11,5839
1387328400000,0.119,5880
1387414800000,0.102,4896
1387501200000,0.095,4669
1387587600000,0.079,4508
1387674000000,0.069,4876
1387760400000,0.072,4919
1387846800000,0.084,5508
1387933200000,0.103,4198
1388019600000,0.109,5713
1388106000000,0.118,6409
1388192400000,0.114,5869
1388278800000,0.118,6060
1388365200000,0.118,5764
1388451600000,0.121,4555
1388538000000,0.116,4845
1388624400000,0.119,5965
1388710800000,0.119,4581
1388797200000,0.123,6630
1388883600000,0.124,6077
1388970000000,0.129,5700
1389056400000,0.137,5391
1389142800000,0.136,4088
1389229200000,0.14,5096
1389315600000,0.144,5702
1389402000000,0.155,6384
1389488400000,0.146,5875
1389574800000,0.149,4873
1389661200000,0.155,5320
1389747600000,0.16,5074
1389834000000,0.17,5597
1389920400000,0.176,5933
1390006800000,0.192,6689
1390093200000,0.212,6700
1390179600000,0.23,6518
1390266000000,0.257,6741
1390352400000,0.281,6498
1390438800000,0.297,5650
1390525200000,0.3,6092
1390611600000,0.32,6267
1390698000000,0.314,6589
1390784400000,0.327,6324
1390870800000,0.367,6574
1390957200000,0.393,6507
1391043600000,0.414,5200
1391130000000,0.429,5789
1391216400000,0.449,7225
1391302800000,0.46,6488
1391389200000,0.431,5286
1391475600000,0.443,4996
1391562000000,0.447,4829
1391648400000,0.453,4693
1391734800000,0.432,5073
1391821200000,0.436,5557
1391907600000,0.417,5091
1391994000000,0.422,4209
1392080400000,0.467,4982
1392166800000,0.492,4453
1392253200000,0.507,4842
1392339600000,0.506,4947
1392426000000,0.517,4912
1392512400000,0.526,4992
1392598800000,0.543,4762
1392685200000,0.554,4949
1392771600000,0.572,4287
1392858000000,0.593,4190
1392944400000,0.502,4154
1393030800000,0.472,4664
1393117200000,0.499,4327
1393203600000,0.531,4538
1393290000000,0.607,4386
1393376400000,0.658,4052
1393462800000,0.67,4040
1393549200000,0.682,5279
1393635600000,0.735,4533
1393722000000,0.724,4346
1393808400000,0.75,4201
1393894800000,0.758,3653
1393981200000,0.758,3703
1394067600000,0.765,3784
1394154000000,0.734,3189
1394240400000,0.755,3937
1394326800000,0.739,3377
1394413200000,0.749,2894
1394499600000,0.789,2708
1394586000000,0.813,2775
1394672400000,0.828,2096
1394758800000,0.865,3078
1394845200000,0.84,3309
1394931600000,0.762,3424
1395018000000,0.775,2846
1395104400000,0.921,3061
1395190800000,0.963,2722
1395277200000,0.989,2583
1395363600000,0.991,2816
1395450000000,1.031,3494
1395536400000,1.007,2688
1395622800000,1.024,2756
1395709200000,1.083,2314
1395795600000,1.112,2718
1395882000000,1.122,2748
1395968400000,1.122,3359
1396054800000,1.159,3529
1396141200000,1.174,3375
1396227600000,1.302,2993
1396314000000,1.372,2509
1396400400000,1.44,2449
1396486800000,1.377,2504
1396573200000,1.334,2578
1396659600000,1.388,2906
1396746000000,1.309,2515
1396832400000,1.328,2217
1396918800000,1.316,2131
1397005200000,1.352,2228
1397091600000,1.386,2159
1397178000000,1.409,2322
1397264400000,1.4,2423
1397350800000,1.451,2742
1397437200000,1.519,2787
1397523600000,1.459,1486
1397610000000,1.355,1738
1397696400000,1.303,2170
1397782800000,1.32,1940
1397869200000,1.28,2244
1397955600000,1.291,1773
1398042000000,1.187,1883
1398128400000,1.142,1782
1398214800000,1.161,2109
1398301200000,1.248,2179
1398387600000,1.32,2257
1398474000000,1.327,1865
1398560400000,1.306,2340
1398646800000,1.39,1927
1398733200000,1.379,1573
1398819600000,1.419,1946
1398906000000,1.433,1822
1398992400000,1.275,1581
1399078800000,1.175,1681
1399165200000,1.087,2003
1399251600000,1.049,1823
1399338000000,1.06,1687
1399424400000,1.071,1851
1399510800000,1.13,1884
1399597200000,1.089,1901
1399683600000,0.996,2353
1399770000000,0.927,2166
1399856400000,0.878,1689
1399942800000,0.9,1732
1400029200000,0.929,1811
1400115600000,1.014,1624
1400202000000,0.998,1682
1400288400000,1.012,1865
1400374800000,0.978,1517
1400461200000,0.988,1415
1400547600000,0.995,1574
1400634000000,0.989,1476
1400720400000,0.983,1494
1400806800000,1.003,1921
1400893200000,1.027,1927
1400979600000,1.012,1643
1401066000000,1.019,1620
1401152400000,0.976,1435
1401238800000,1.035,1666
1401325200000,0.974,1559
1401411600000,1.003,1576
1401498000000,1.062,1921
1401584400000,1.034,1766
1401670800000,1.069,1720
1401757200000,1.063,1511
1401843600000,1.103,1765
1401930000000,1.125,1522
1402016400000,1.164,1683
1402102800000,1.18,1650
1402189200000,1.172,1424
1402275600000,1.186,1333
1402362000000,1.137,1310
1402448400000,1.107,1349
1402534800000,1.119,1672
1402621200000,1.145,1639
1402707600000,1.272,1994
1402794000000,1.283,1933
1402880400000,1.348,1742
1402966800000,1.369,1373
1403053200000,1.344,1472
1403139600000,1.28,1743
1403226000000,1.08,2076
1403312400000,1.026,2274
1403398800000,0.884,2237
1403485200000,0.878,2049
1403571600000,0.929,2112
1403658000000,1.111,2406
1403744400000,1.193,1918
1403830800000,1.249,1928
1403917200000,1.272,1919
1404003600000,1.146,2070
1404090000000,1.18,1971
1404176400000,1.446,1874
1404262800000,1.039,1707
1404349200000,1.179,1488
1404435600000,1.255,1378
1404522000000,1.356,1523
1404608400000,1.403,1472
1404694800000,1.367,1367
1404781200000,1.444,1369
1404867600000,1.461,1306
1404954000000,1.469,1590
1405040400000,1.406,1301
1405126800000,1.336,1429
1405213200000,1.383,1296
1405299600000,1.426,1519
1405386000000,1.424,1306
1405472400000,1.478,1337
1405558800000,1.478,1251
1405645200000,1.519,1537
1405731600000,1.52,1735
1405818000000,1.474,1337
1405904400000,1.48,1559
1405990800000,1.501,1289
1406077200000,1.508,1697
1406163600000,1.587,1525
1406250000000,1.655,1884
1406336400000,1.74,1723
1406422800000,1.867,1410
1406509200000,1.927,1486
1406595600000,2.203,1429
1406682000000,2.186,1429
1406768400000,2.23,1512
1406854800000,2.274,1334
1406941200000,2.49,1482
1407027600000,2.719,1311
1407114000000,2.806,1462
1407200400000,2.712,1236
1407286800000,2.659,1166
1407373200000,2.625,1410
1407459600000,2.857,1177
1407546000000,2.836,1219
1407632400000,2.923,1502
1407718800000,2.891,1233
1407805200000,2.887,1084
1407891600000,2.771,1567
1407978000000,2.772,1243
1408064400000,2.889,1337
1408150800000,2.985,1568
1408237200000,2.796,1589
1408323600000,2.905,1297
1408410000000,2.936,1126
1408496400000,2.934,1176
1408582800000,3.03,1324
1408669200000,3.06,1180
1408755600000,3.314,1795
1408842000000,3.232,1259
1408928400000,3.435,1364
1409014800000,3.69,1244
1409101200000,3.688,1059
1409187600000,3.98,1185
1409274000000,4.272,1009
1409360400000,4.196,1164
1409446800000,4.23,1123
1409533200000,4.096,990
1409619600000,4.258,1029
1409706000000,4.148,997
1409792400000,3.919,753
1409878800000,3.86,910
1409965200000,4.122,1248
1410051600000,4.122,953
1410138000000,3.945,791
1410224400000,3.95,789
1410310800000,3.967,887
1410397200000,4.118,1095
1410483600000,4.178,1001
1410570000000,4,1072
1410656400000,3.86,1007
1410742800000,3.953,829
1410829200000,4.004,907
1410915600000,4.038,909
1411002000000,4.045,869
1411088400000,4.168,908
1411174800000,4.143,971
1411261200000,3.999,900
1411347600000,4.024,860
1411434000000,4.017,696
1411520400000,4.039,659
1411606800000,4.025,849
1411693200000,4.101,837
1411779600000,4.066,886
1411866000000,3.956,1037
1411952400000,4.021,863
1412038800000,4.019,883
1412125200000,4.17,842
1412211600000,4.107,675
1412298000000,4.048,807
1412384400000,3.818,857
1412470800000,3.771,942
1412557200000,3.904,728
1412643600000,3.949,874
1412730000000,4.007,906
1412816400000,4.059,816
1412902800000,4.154,771
1412989200000,3.926,876
1413075600000,3.891,912
1413162000000,3.85,726
1413248400000,3.816,757
1413334800000,3.896,708
1413421200000,4.031,789
1413507600000,4.093,843
1413594000000,3.923,730
1413680400000,3.883,1013
1413766800000,3.85,811
1413853200000,3.95,638
1413939600000,3.751,599
1414026000000,3.918,779
1414112400000,4.07,873
1414198800000,4.015,855
1414285200000,3.878,856
1414371600000,3.851,674
1414458000000,3.938,813
1414544400000,4.024,713
1414630800000,4.107,878
1414717200000,4.118,823
1414803600000,4.115,802
1414890000000,3.953,900
1414976400000,4.052,780
1415062800000,4.082,749
1415149200000,4.123,643
1415235600000,4.037,640
1415322000000,4.051,815
1415408400000,3.996,749
1415494800000,3.834,748
1415581200000,3.888,677
1415667600000,3.871,679
1415754000000,3.09,934
1415840400000,3.054,603
1415926800000,3.117,628
1416013200000,3.185,780
1416099600000,2.987,764
1416186000000,3.077,643
1416272400000,3.298,580
1416358800000,3.152,547
1416445200000,3.076,491
1416531600000,3.071,622
1416618000000,2.925,596
1416704400000,2.921,685
1416790800000,3.105,584
1416877200000,3.135,626
1416963600000,3.169,701
1417050000000,3.231,868
1417136400000,3.38,823
1417222800000,3.401,880
1417309200000,3.302,949
1417395600000,3.261,734
1417482000000,3.506,863
1417568400000,3.699,756
1417654800000,3.662,528
1417741200000,3.653,665
1417827600000,3.75,792
1417914000000,3.758,818
1418000400000,3.753,624
1418086800000,3.779,537
1418173200000,3.811,739
1418259600000,3.891,684
1418346000000,3.799,739
1418432400000,3.435,960
1418518800000,3.02,797
1418605200000,3.262,767
1418691600000,3.307,765
1418778000000,3.358,860
1418864400000,3.389,773
1418950800000,3.502,958
1419037200000,3.608,1024
1419123600000,3.408,819
1419210000000,3.55,794
1419296400000,3.698,1010
1419382800000,3.953,1054
1419469200000,4.059,1218
1419555600000,4.097,1023
1419642000000,4.061,1124
1419728400000,3.88,954
1419814800000,3.988,1003
1419901200000,4.055,1071
1419987600000,4.172,1089
1420074000000,4.127,889
1420160400000,4.109,1150
1420246800000,4.231,1164
1420333200000,4.305,1064
1420419600000,4.288,906
1420506000000,4.291,839
1420592400000,4.317,932
1420678800000,4.513,932
1420765200000,4.088,1077
1420851600000,3.557,1125
1420938000000,3.258,1098
1421024400000,3.224,917
1421110800000,3.161,884
1421197200000,3.328,908
1421283600000,3.236,950
1421370000000,3.23,1018
1421456400000,3,1198
1421542800000,2.826,1009
1421629200000,2.83,938
1421715600000,2.951,953
1421802000000,3.004,831
1421888400000,2.918,911
1421974800000,2.882,968
1422061200000,2.996,1259
1422147600000,2.743,1149
1422234000000,2.979,1112
1422320400000,2.901,1014
1422406800000,2.755,889
1422493200000,2.795,1057
1422579600000,2.861,1177
1422666000000,2.658,1297
1422752400000,2.714,1313
1422838800000,2.735,1179
1422925200000,2.728,1057
1423011600000,2.835,1034
1423098000000,2.905,1131
1423184400000,2.982,1169
1423270800000,2.972,1401
1423357200000,3.068,1351
1423443600000,3.045,1061
1423530000000,3.106,915
1423616400000,3.021,1100
1423702800000,3.061,1116
1423789200000,3.05,1178
1423875600000,3.105,1218
1423962000000,2.964,1235
1424048400000,3.029,1302
1424134800000,3.114,1131
1424221200000,3.104,983
1424307600000,3.107,1006
1424394000000,3.22,1222
1424480400000,3.203,1265
1424566800000,3.118,1159
1424653200000,3.178,1176
1424739600000,3.235,994
1424826000000,3.365,1091
1424912400000,3.439,1208
1424998800000,3.456,1134
1425085200000,3.323,1145
1425171600000,3.3,1163
1425258000000,3.413,1077
1425344400000,3.448,1046
1425430800000,3.417,933
1425517200000,3.399,965
1425603600000,3.435,1204
1425690000000,3.544,1347
1425776400000,3.261,1106
1425862800000,3.384,976
1425949200000,3.503,1002
1426035600000,3.43,930
1426122000000,3.284,955
1426208400000,3.471,1038
1426294800000,3.271,1332
1426381200000,3.063,1362
1426467600000,3.022,1127
1426554000000,3.097,967
1426640400000,3.158,929
1426726800000,3.388,1089
1426813200000,3.361,1166
1426899600000,3.349,1447
1426986000000,3.228,1182
1427072400000,3.204,1120
1427158800000,3.286,1122
1427245200000,3.417,1131
1427331600000,3.389,1087
1427418000000,3.377,1205
1427504400000,3.387,1370
1427590800000,3.328,1244
1427677200000,3.358,1170
1427763600000,3.418,1292
1427850000000,3.574,1372
1427936400000,3.594,1250
1428022800000,3.663,1343
1428109200000,3.686,1283
1428195600000,3.698,1266
1428282000000,3.758,1288
1428368400000,3.785,1224
1428454800000,3.834,1127
1428541200000,3.855,1179
1428627600000,3.892,1257
1428714000000,3.8,1378
1428800400000,3.721,1261
1428886800000,3.606,1133
1428973200000,3.582,936
1429059600000,3.488,974
1429146000000,2.93,1092
1429232400000,2.793,1044
1429318800000,2.517,1496
1429405200000,2.591,1259
1429491600000,2.635,1048
1429578000000,2.632,1068
1429664400000,2.676,911
1429750800000,2.643,946
1429837200000,2.733,1161
1429923600000,2.775,1406
1430010000000,2.648,1113
1430096400000,2.601,1050
1430182800000,2.668,1054
1430269200000,2.761,1090
1430355600000,2.88,1233
1430442000000,2.775,1330
1430528400000,2.889,1379
1430614800000,2.949,1222
1430701200000,2.856,1208
1430787600000,2.972,1102
1430874000000,2.95,995
1430960400000,3.054,1120
1431046800000,3.081,1306
1431133200000,3.059,1295
1431219600000,3.151,1424
1431306000000,3.079,1163
1431392400000,3.147,951
1431478800000,3.302,1090
1431565200000,3.328,1106
1431651600000,3.358,1159
1431738000000,3.326,1235
1431824400000,3.217,1183
1431910800000,3.194,1054
1431997200000,3.235,984
1432083600000,3.362,1123
1432170000000,3.61,1300
1432256400000,3.751,1349
1432342800000,3.605,1280
1432429200000,3.623,1267
1432515600000,3.684,1085
1432602000000,3.655,1123
1432688400000,2.56,1278
1432774800000,2.54,1155
1432861200000,2.732,1166
1432947600000,2.923,1230
1433034000000,2.899,1150
1433120400000,3.106,1332
1433206800000,3.366,1007
1433293200000,3.267,921
1433379600000,3.146,1120
1433466000000,3.162,1177
1433552400000,3.018,1235
1433638800000,3.083,1086
1433725200000,3.336,1361
1433811600000,3.466,1031
1433898000000,3.506,1252
1433984400000,3.451,1096
1434070800000,3.49,1362
1434157200000,3.503,1249
1434243600000,3.473,1254
1434330000000,3.39,1028
1434416400000,3.319,1001
1434502800000,3.343,1079
1434589200000,3.411,1142
1434675600000,3.437,1134
1434762000000,3.395,1149
1434848400000,3.269,1146
1434934800000,3.216,1181
1435021200000,3.494,1165
1435107600000,3.542,1164
1435194000000,3.68,1366
1435280400000,3.823,1314
1435366800000,3.897,1117
1435453200000,3.855,1016
1435539600000,3.932,1258
1435626000000,4.019,1181
1435712400000,4.122,1142
1435798800000,4.262,1083
1435885200000,4.308,1080
1435971600000,4.267,990
1436058000000,4.275,1053
1436144400000,4.21,1084
1436230800000,4.288,1014
1436317200000,4.464,1157
1436403600000,4.386,1166
1436490000000,4.509,1072
1436576400000,4.57,1036
1436662800000,4.527,944
1436749200000,4.314,998
1436835600000,4.319,1129
1436922000000,4.262,987
1437008400000,4.208,1002
1437094800000,4.373,1020
1437181200000,4.421,999
1437267600000,4.445,951
1437354000000,4.213,1029
1437440400000,4.2,1025
1437526800000,4.338,1459
1437613200000,4.679,1133
1437699600000,4.935,1105
1437786000000,4.787,947
1437872400000,4.797,960
1437958800000,4.484,929
1438045200000,4.697,1079
1438131600000,4.741,993
1438218000000,4.599,868
1438304400000,4.905,1167
1438390800000,4.918,980
1438477200000,4.668,997
1438563600000,4.811,1008
1438650000000,4.718,867
1438736400000,4.701,1018
1438822800000,4.675,1009
1438909200000,4.635,1002
1438995600000,4.855,1125
1439082000000,4.774,970
1439168400000,4.675,1013
1439254800000,4.658,973
1439341200000,4.498,896
1439427600000,4.479,1070
1439514000000,4.762,1237
1439600400000,4.694,1177
1439686800000,4.603,1055
1439773200000,4.524,1111
1439859600000,4.799,1145
1439946000000,4.586,928
1440032400000,4.486,1041
1440118800000,4.401,1128
1440205200000,4.541,1072
1440291600000,4.287,1109
1440378000000,4.126,1088
1440464400000,4.16,1006
1440550800000,4.53,1260
1440637200000,4.886,1211
1440723600000,5.056,1185
1440810000000,4.971,990
1440896400000,5.179,1143
1440982800000,5.182,913
1441069200000,5.18,922
1441155600000,5.079,869
1441242000000,5.045,992
1441328400000,5.185,1010
1441414800000,5.225,1119
1441501200000,4.996,1056
1441587600000,5.249,1314
1441674000000,5.469,1043
1441760400000,5.259,699
1441846800000,5.189,982
1441933200000,5.308,1152
1442019600000,5.346,1099
1442106000000,5.198,1232
1442192400000,5.387,1140
1442278800000,5.701,1225
1442365200000,5.779,1001
1442451600000,5.791,1129
1442538000000,5.088,1083
1442624400000,4.238,1179
1442710800000,3.77,1172
1442797200000,4.052,924
1442883600000,3.833,913
1442970000000,3.607,898
1443056400000,3.738,965
1443142800000,3.786,1095
1443229200000,3.627,1219
1443315600000,3.547,1186
1443402000000,3.685,974
1443488400000,3.727,1029
1443574800000,4.085,932
1443661200000,4.377,882
1443747600000,4.335,1084
1443834000000,4.051,1115
1443920400000,3.883,1077
1444006800000,3.852,911
1444093200000,4.255,1006
1444179600000,4.318,940
1444266000000,4.198,975
1444352400000,4.331,1121
1444438800000,4.219,1093
1444525200000,3.873,1042
1444611600000,3.902,866
1444698000000,3.946,831
1444784400000,3.983,950
1444870800000,4.135,1050
1444957200000,4.313,884
1445043600000,4.242,1262
1445130000000,4.13,1242
1445216400000,4.269,849
1445302800000,4.474,1304
1445389200000,4.392,857
1445475600000,4.676,1100
1445562000000,4.763,1334
1445648400000,4.625,1113
1445734800000,4.382,1180
1445821200000,4.586,1007
1445907600000,4.473,888
1445994000000,4.373,992
1446080400000,4.174,938
1446166800000,4.427,1070
1446253200000,4.386,1167
1446339600000,4.015,1141
1446426000000,4.192,990
1446512400000,4.394,1128
1446598800000,4.578,1092
1446685200000,4.704,987
1446771600000,4.589,1008
1446858000000,4.642,1252
1446944400000,4.486,1285
1447030800000,4.741,1305
1447117200000,4.619,917
1447203600000,4.673,737
1447290000000,4.52,769
1447376400000,4.626,977
1447462800000,4.504,1045
1447549200000,4.372,1057
1447635600000,4.476,1041
1447722000000,4.489,891
1447808400000,4.47,813
1447894800000,4.456,818
1447981200000,4.604,1069
1448067600000,4.541,1023
1448154000000,3.986,774
1448240400000,3.787,914
1448326800000,4.563,1142
1448413200000,4.578,1046
1448499600000,4.363,928
1448586000000,4.361,1183
1448672400000,4.348,1386
1448758800000,4.258,1265
1448845200000,4.397,1044
1448931600000,4.365,985
1449018000000,4.492,978
1449104400000,4.604,1022
1449190800000,4.499,937
1449277200000,4.475,1171
1449363600000,4.482,1192
1449450000000,4.654,1011
1449536400000,4.591,871
1449622800000,4.188,922
1449709200000,4.02,781
1449795600000,3.989,925
1449882000000,4.072,1102
1449968400000,3.985,1078
1450054800000,3.956,939
1450141200000,4.14,937
1450227600000,4.264,1015
1450314000000,4.322,748
1450400400000,4.473,938
1450486800000,4.463,1007
1450573200000,4.22,822
1450659600000,4.332,847
1450746000000,4.343,1195
1450832400000,4.312,972
1450918800000,4.518,1047
1451005200000,4.853,1250
1451091600000,4.854,1255
1451178000000,4.698,953
1451264400000,5.092,1069
1451350800000,4.744,948
1451437200000,4.877,1188
1451523600000,5.116,1134
1451610000000,4.984,1048
1451696400000,5.021,1186
1451782800000,4.945,941
1451869200000,4.715,893
1451955600000,5.009,1020
1452042000000,4.882,814
1452128400000,4.994,860
1452214800000,5.212,1099
1452301200000,5.44,1149
1452387600000,5.357,907
1452474000000,5.588,1000
1452560400000,5.634,689
1452646800000,5.55,665
1452733200000,5.606,807
1452819600000,5.6,813
1452906000000,5.681,1022
1452992400000,5.574,896
1453078800000,5.375,709
1453165200000,5.536,731
1453251600000,5.415,655
1453338000000,5.432,594
1453424400000,5.762,809
1453510800000,5.841,862
1453597200000,5.753,659
1453683600000,5.833,583
1453770000000,5.942,685
1453856400000,5.952,588
1453942800000,6.102,805
1454029200000,6.178,853
1454115600000,6.337,878
1454202000000,6.439,837
1454288400000,6.364,673
1454374800000,6.498,604
1454461200000,6.4,581
1454547600000,6.585,580
1454634000000,6.639,747
1454720400000,6.407,638
1454806800000,5.636,596
1454893200000,5.83,605
1454979600000,5.844,630
1455066000000,5.893,574
1455152400000,5.844,660
1455238800000,6.094,735
1455325200000,6.232,602
1455411600000,6.415,739
1455498000000,6.413,531
1455584400000,6.444,534
1455670800000,6.404,541
1455757200000,4.993,746
1455843600000,4.818,592
1455930000000,4.807,598
1456016400000,4.789,663
1456102800000,4.875,655
1456189200000,5.035,559
1456275600000,5.084,624
1456362000000,5.402,583
1456448400000,5.383,607
1456534800000,5.64,1061
1456621200000,5.775,593
1456707600000,5.684,671
1456794000000,5.861,508
1456880400000,5.908,696
1456966800000,5.888,502
1457053200000,6.156,873
1457139600000,6.034,691
1457226000000,5.618,651
1457312400000,5.687,576
1457398800000,5.622,727
1457485200000,5.932,611
1457571600000,6.244,455
1457658000000,6.299,483
1457744400000,6.427,547
1457830800000,6.41,562
1457917200000,6.632,479
1458003600000,6.747,451
1458090000000,6.716,355
1458176400000,6.845,374
1458262800000,6.873,402
1458349200000,7.139,585
1458435600000,7.339,458
1458522000000,7.165,313
1458608400000,7.144,364
1458694800000,7.078,282
1458781200000,7.384,651
1458867600000,7.345,621
1458954000000,7.444,565
1459040400000,6.962,511
1459126800000,6.742,639
1459213200000,6.409,409
1459299600000,6.48,497
1459386000000,6.867,530
1459472400000,7.161,597
1459558800000,6.927,490
1459645200000,6.72,647
1459731600000,6.743,496
1459818000000,6.658,441
1459904400000,6.732,539
1459990800000,6.959,609
1460077200000,7.116,567
1460163600000,7.01,516
1460250000000,7.021,713
1460336400000,6.956,406
1460422800000,6.841,443
1460509200000,7.135,627
1460595600000,7.545,841
1460682000000,7.447,619
1460768400000,7.643,798
1460854800000,7.547,647
1460941200000,7.504,592
1461027600000,7.573,484
1461114000000,7.589,556
1461200400000,7.815,620
1461286800000,7.787,537
1461373200000,7.905,731
1461459600000,7.508,637
1461546000000,7.679,669
1461632400000,7.925,596
1461718800000,7.925,554
1461805200000,7.432,525
1461891600000,7.567,483
1461978000000,7.351,529
1462064400000,7.132,517
1462150800000,7.29,560
1462237200000,7.099,401
1462323600000,7.001,391
1462410000000,7.077,392
1462496400000,7.054,431
1462582800000,6.992,503
1462669200000,6.873,450
1462755600000,6.57,415
1462842000000,6.894,324
1462928400000,6.926,465
1463014800000,7.274,617
1463101200000,7.295,519
1463187600000,7.241,589
1463274000000,7.107,529
1463360400000,7.002,475
1463446800000,6.964,508
1463533200000,6.728,421
1463619600000,6.617,487
1463706000000,6.717,486
1463792400000,6.838,504
1463878800000,6.878,534
1463965200000,6.944,598
1464051600000,7.024,500
1464138000000,7.053,492
1464224400000,7.609,1031
1464310800000,7.85,743
1464397200000,7.406,534
1464483600000,7.054,478
1464570000000,7.186,566
1464656400000,7.468,588
1464742800000,7.742,600
1464829200000,7.629,563
1464915600000,7.566,553
1465002000000,7.405,635
1465088400000,7.64,673
1465174800000,7.366,491
1465261200000,7.793,505
1465347600000,7.786,487
1465434000000,7.557,394
1465520400000,7.753,457
1465606800000,7.367,440
1465693200000,7.286,443
1465779600000,7.26,432
1465866000000,7.185,357
1465952400000,7.195,414
1466038800000,6.905,379
1466125200000,6.634,327
1466211600000,6.794,468
1466298000000,6.592,345
1466384400000,6.211,308
1466470800000,6.4,301
1466557200000,6.124,366
1466643600000,5.941,349
1466730000000,5.774,411
1466816400000,5.868,420
1466902800000,5.658,391
1466989200000,5.642,411
1467075600000,5.341,391
1467162000000,5.355,333
1467248400000,5.449,362
1467334800000,5.338,330
1467421200000,5.506,425
1467507600000,5.453,380
1467594000000,5.461,461
1467680400000,5.566,386
1467766800000,5.719,321
1467853200000,5.81,352
1467939600000,5.9,335
1468026000000,5.63,369
1468112400000,5.52,372
1468198800000,5.469,331
1468285200000,5.585,385
1468371600000,5.693,310
1468458000000,5.445,333
1468544400000,5.777,483
1468630800000,6.056,448
1468717200000,5.83,373
1468803600000,5.852,358
1468890000000,6.025,427
1468976400000,6.087,408
1469062800000,6.213,359
1469149200000,6.294,429
1469235600000,6.434,435
1469322000000,6.144,295
1469408400000,6.174,410
1469494800000,6.233,326
1469581200000,6.147,417
1469667600000,6.29,340
1469754000000,6.309,513
1469840400000,6.199,348
1469926800000,6.57,414
1470013200000,6.504,616
1470099600000,6.638,345
1470186000000,6.339,305
1470272400000,6.373,351
1470358800000,6.434,352
1470445200000,6.264,264
1470531600000,6.335,331
1470618000000,6.237,280
1470704400000,6.32,419
1470790800000,6.342,408
1470877200000,6.156,271
1470963600000,6.292,362
1471050000000,6.805,497
1471136400000,6.634,324
1471222800000,6.297,269
1471309200000,6.067,268
1471395600000,6.312,367
1471482000000,6.217,308
1471568400000,5.667,282
1471654800000,5.311,283
1471741200000,5.414,272
1471827600000,5.294,338
1471914000000,5.22,254
1472000400000,5.324,252
1472086800000,5.336,239
1472173200000,5.377,282
1472259600000,5.57,309
1472346000000,5.543,369
1472432400000,5.431,277
1472518800000,5.423,290
1472605200000,5.54,349
1472691600000,5.672,333
1472778000000,5.674,283
1472864400000,5.62,356
1472950800000,5.617,353
1473037200000,5.653,275
1473123600000,5.953,454
1473210000000,5.855,333
1473296400000,6.164,532
1473382800000,6.254,387
1473469200000,6.231,410
1473555600000,5.786,316
1473642000000,5.874,475
1473728400000,6.397,427
1473814800000,6.504,412
1473901200000,6.599,367
1473987600000,6.641,353
1474074000000,6.454,375
1474160400000,6.066,334
1474246800000,6.057,289
1474333200000,6.195,319
1474419600000,6.295,324
1474506000000,6.363,269
1474592400000,6.647,428
1474678800000,6.577,356
1474765200000,6.526,313
1474851600000,6.59,361
1474938000000,6.49,293
1475024400000,6.566,309
1475110800000,6.537,249
1475197200000,6.695,348
1475283600000,6.742,399
1475370000000,6.446,302
1475456400000,6.555,328
1475542800000,6.676,310
1475629200000,6.643,272
1475715600000,6.647,342
1475802000000,6.378,357
1475888400000,6.294,360
1475974800000,6.476,434
1476061200000,6.542,380
1476147600000,6.692,301
1476234000000,6.33,284
1476320400000,6.716,523
1476406800000,7.162,654
1476493200000,7.305,589
1476579600000,6.887,436
1476666000000,6.943,394
1476752400000,6.981,281
1476838800000,6.756,220
1476925200000,6.631,287
1477011600000,6.76,322
1477098000000,6.434,298
1477184400000,6.113,313
1477270800000,6.24,281
1477357200000,6.233,256
1477443600000,6.557,336
1477530000000,6.631,294
1477616400000,6.596,306
1477702800000,6.153,268
1477789200000,5.844,373
1477875600000,6.078,334
1477962000000,6.217,281
1478048400000,6.414,260
1478134800000,6.505,280
1478221200000,6.684,391
1478307600000,6.8,540
1478394000000,6.685,332
1478480400000,6.231,310
1478566800000,6.723,354
1478653200000,6.621,189
1478739600000,6.332,301
1478826000000,6.587,358
1478912400000,6.493,307
1478998800000,6.188,287
1479085200000,6.353,331
1479171600000,6.406,296
1479258000000,6.298,296
1479344400000,6.385,264
1479430800000,6.399,221
1479517200000,6.467,320
1479603600000,6.174,268
1479690000000,6.204,294
1479776400000,5.93,217
1479862800000,6.224,277
1479949200000,5.935,366
1480035600000,6.287,357
1480122000000,6.096,351
1480208400000,6.031,400
1480294800000,5.987,421
1480381200000,5.725,269
1480467600000,5.503,223
1480554000000,5.358,257
1480640400000,5.3,200
1480726800000,5.365,362
1480813200000,5.41,328
1480899600000,5.428,246
1480986000000,5.437,217
1481072400000,5.431,263
1481158800000,5.706,365
1481245200000,5.75,243
1481331600000,5.49,267
1481418000000,5.413,285
1481504400000,5.12,194
1481590800000,5.067,224
1481677200000,5.057,247
1481763600000,5.274,265
1481850000000,5.17,254
1481936400000,5.377,516
1482022800000,5.266,395
1482109200000,5.433,419
1482195600000,5.247,239
1482282000000,5.096,316
1482368400000,5.082,249
1482454800000,5.138,296
1482541200000,5.243,340
1482627600000,5.44,427
1482714000000,5.677,455
1482800400000,5.823,338
1482886800000,5.927,363
1482973200000,5.858,468
1483059600000,5.86,311
1483146000000,6.039,370
1483232400000,5.974,366
1483318800000,6.192,385
1483405200000,6.157,314
1483491600000,5.998,288
1483578000000,6.137,354
1483664400000,6.311,439
1483750800000,6.265,345
1483837200000,6.375,429
1483923600000,6.46,303
1484010000000,6.259,261
1484096400000,6.016,231
1484182800000,6.063,323
1484269200000,6.391,531
1484355600000,6.575,556
1484442000000,6.368,524
1484528400000,6.836,304
1484614800000,6.766,368
1484701200000,6.882,332
1484787600000,6.783,366
1484874000000,6.989,376
1484960400000,7.235,537
1485046800000,7.011,285
1485133200000,6.875,334
1485219600000,6.884,246
1485306000000,6.656,275
1485392400000,6.734,300
1485478800000,6.574,266
1485565200000,6.748,388
1485651600000,6.745,389
1485738000000,6.591,276
1485824400000,7.07,357
1485910800000,6.971,278
1485997200000,7.074,331
1486083600000,7.181,325
1486170000000,7.18,313
1486256400000,7.225,305
1486342800000,7.419,302
1486429200000,7.412,363
1486515600000,7.384,473
1486602000000,8.927,730
1486688400000,8.683,420
1486774800000,9.415,410
1486861200000,8.749,333
1486947600000,8.67,405
1487034000000,8.849,368
1487120400000,8.841,539
1487206800000,9.707,308
1487293200000,8.783,256
1487379600000,8.362,353
1487466000000,7.387,272
1487552400000,7.53,359
1487638800000,8.263,310
1487725200000,7.876,222
1487811600000,7.408,215
1487898000000,7.507,249
1487984400000,7.525,289
1488070800000,7.482,308
1488157200000,7.519,280
1488243600000,7.708,356
1488330000000,8.58,563
1488416400000,8.64,231
1488502800000,8.674,261
1488589200000,8.182,255
1488675600000,7.791,344
1488762000000,7.979,293
1488848400000,8.182,342
1488934800000,8.235,258
1489021200000,8.174,219
1489107600000,7.87,350
1489194000000,8.073,340
1489280400000,8.009,410
1489366800000,7.68,216
1489453200000,7.825,317
1489539600000,7.901,273
1489626000000,7.396,247
1489712400000,7.097,271
1489798800000,6.822,222
1489885200000,6.359,254
1489971600000,5.999,187
1490058000000,5.971,225
1490144400000,6.005,230
1490230800000,6.634,272
1490317200000,6.032,245
1490403600000,6.012,278
1490490000000,5.867,221
1490576400000,5.845,193
1490662800000,5.913,249
1490749200000,6.275,215
1490835600000,5.922,203
1490922000000,6.123,280
1491008400000,5.871,275
1491094800000,5.603,263
1491181200000,5.675,248
1491267600000,5.769,240
1491354000000,5.581,247
1491440400000,5.596,294
1491526800000,6.021,300
1491613200000,5.968,312
1491699600000,5.768,312
1491786000000,6.002,349
1491872400000,6.096,290
1491958800000,6.122,275
1492045200000,6.068,276
1492131600000,5.853,266
1492218000000,5.867,337
1492304400000,5.765,288
1492390800000,5.818,303
1492477200000,5.71,266
1492563600000,5.888,273
1492650000000,6.194,398
1492736400000,6.241,341
1492822800000,6.305,403
1492909200000,6.207,320
1492995600000,6.555,423
1493082000000,6.526,350
1493168400000,6.143,257
1493254800000,6.606,389
1493341200000,6.604,303
1493427600000,6.656,309
1493514000000,6.598,293
1493600400000,6.496,287
1493686800000,6.621,287
1493773200000,6.732,330
1493859600000,6.625,236
1493946000000,6.344,275
1494032400000,6.616,332
1494118800000,6.606,310
1494205200000,6.454,303
1494291600000,6.651,292
1494378000000,6.723,263
1494464400000,6.959,363
1494550800000,7.048,410
1494637200000,7.154,428
1494723600000,7.08,336
1494810000000,6.916,192
1494896400000,7.107,262
1494982800000,7.285,298
1495069200000,7.52,304
1495155600000,7.272,260
1495242000000,7.551,491
1495328400000,7.589,290
1495414800000,7.111,254
1495501200000,7.239,242
1495587600000,5.727,332
1495674000000,5.535,227
1495760400000,5.623,225
1495846800000,5.717,258
1495933200000,5.637,212
1496019600000,5.518,218
1496106000000,6.094,254
1496192400000,6.107,271
1496278800000,6.258,224
1496365200000,6.257,300
1496451600000,6.43,248
1496538000000,6.183,225
1496624400000,6.194,239
1496710800000,6.332,314
1496797200000,6.387,218
1496883600000,6.343,246
1496970000000,6.629,273
1497056400000,6.377,274
1497142800000,6.248,228
1497229200000,6.247,260
1497315600000,6.276,257
1497402000000,6.212,259
1497488400000,6.172,229
1497574800000,6.286,282
1497661200000,6.234,249
1497747600000,6.417,279
1497834000000,6.23,278
1497920400000,6.04,217
1498006800000,6.231,311
1498093200000,6.642,493
1498179600000,6.455,349
1498266000000,6.519,259
1498352400000,6.106,235
1498438800000,5.76,278
1498525200000,6.105,205
1498611600000,6.174,244
1498698000000,6.025,234
1498784400000,6.366,332
1498870800000,6.355,272
1498957200000,6.003,223
1499043600000,6.155,315
1499130000000,6.699,388
1499216400000,6.261,240
1499302800000,6.567,247
1499389200000,6.57,276
1499475600000,6.68,343
1499562000000,6.548,227
1499648400000,6.416,241
1499734800000,6.638,415
1499821200000,6.674,253
1499907600000,6.539,271
1499994000000,6.967,307
1500080400000,6.81,288
1500166800000,6.641,254
1500253200000,6.367,272
1500339600000,6.461,222
1500426000000,6.711,362
1500512400000,6.866,303
1500598800000,7.118,365
1500685200000,7.134,325
1500771600000,7.082,315
1500858000000,6.867,237
1500944400000,6.753,294
1501030800000,7.163,386
1501117200000,7.185,269
1501203600000,7.317,405
1501290000000,7.672,322
1501376400000,7.685,291
1501462800000,7.728,538
1501549200000,8.096,478
1501635600000,7.929,451
1501722000000,8.027,303
1501808400000,8.005,248
1501894800000,7.808,252
1501981200000,7.501,265
1502067600000,7.531,345
1502154000000,8.023,318
1502240400000,7.751,278
1502326800000,7.494,286
1502413200000,7.579,284
1502499600000,7.613,269
1502586000000,7.314,225
1502672400000,7.237,239
1502758800000,7.562,277
1502845200000,7.308,237
1502931600000,7.054,228
1503018000000,7.277,292
1503104400000,7.223,371
1503190800000,6.675,261
1503277200000,6.793,278
1503363600000,6.883,319
1503450000000,6.764,250
1503536400000,6.804,196
1503622800000,6.978,307
1503709200000,6.863,249
1503795600000,6.947,431
1503882000000,7.196,299
1503968400000,7.236,328
1504054800000,7.075,254
1504141200000,7.095,178
1504227600000,6.976,329
1504314000000,7.615,346
1504400400000,7.319,249
1504486800000,7.422,272
1504573200000,7.405,320
1504659600000,7.509,268
1504746000000,7.225,273
1504832400000,7.697,386
1504918800000,7.508,224
1505005200000,7.215,260
1505091600000,7.148,286
1505178000000,7.316,274
1505264400000,7.144,190
1505350800000,7.513,491
1505437200000,6.907,212
1505523600000,6.363,204
1505610000000,6.11,237
1505696400000,6.551,261
1505782800000,6.244,163
1505869200000,6.264,192
1505955600000,6.876,284
1506042000000,6.438,260
1506128400000,6.204,246
1506214800000,6.142,265
1506301200000,6.051,204
1506387600000,6.146,177
1506474000000,6.223,209
1506560400000,6.167,249
1506646800000,6.36,212
1506733200000,6.156,235
1506819600000,5.973,241
1506906000000,5.988,247
1506992400000,6.087,306
1507078800000,6.088,241
1507165200000,6.104,149
1507251600000,6.063,264
1507338000000,6.211,273
1507424400000,5.92,277
1507510800000,6.021,229
1507597200000,5.882,237
1507683600000,6.116,263
1507770000000,6.289,495
1507856400000,6.794,466
1507942800000,6.898,349
1508029200000,6.721,346
1508115600000,6.652,257
1508202000000,6.67,285
1508288400000,6.725,261
1508374800000,6.99,435
1508461200000,6.885,271
1508547600000,6.296,223
1508634000000,6.131,242
1508720400000,6.064,179
1508806800000,6.301,282
1508893200000,6.662,289
1508979600000,6.745,353
1509066000000,6.699,261
1509152400000,7.002,308
1509238800000,6.578,311
1509325200000,6.507,203
1509411600000,6.424,201
1509498000000,7.076,353
1509584400000,6.981,235
1509670800000,6.967,191
1509757200000,6.852,331
1509843600000,6.906,275
1509930000000,6.79,212
1510016400000,7.123,300
1510102800000,6.769,207
1510189200000,6.922,264
1510275600000,6.791,221
1510362000000,6.672,268
1510448400000,6.524,229
1510534800000,6.777,236
1510621200000,6.548,172
1510707600000,6.565,385
1510794000000,6.816,280
1510880400000,6.848,302
1510966800000,6.821,264
1511053200000,6.733,260
1511139600000,6.556,237
1511226000000,6.549,196
1511312400000,6.303,209
1511398800000,6.602,276
1511485200000,6.541,249
1511571600000,6.563,246
1511658000000,6.153,224
1511744400000,5.82,176
1511830800000,6.443,244
1511917200000,6.602,347
1512003600000,6.744,278
1512090000000,6.71,232
1512176400000,6.629,359
1512262800000,6.893,283
1512349200000,6.758,254
1512435600000,6.771,303
1512522000000,6.654,222
1512608400000,7.083,412
1512694800000,7.154,292
1512781200000,6.871,274
1512867600000,6.968,310
1512954000000,6.679,230
1513040400000,6.916,265
1513126800000,7.254,322
1513213200000,7.137,257
1513299600000,6.992,185
1513386000000,6.402,235
1513472400000,6.608,251
1513558800000,6.492,178
1513645200000,6.928,304
1513731600000,6.604,169
1513818000000,6.681,279
1513904400000,7.063,522
1513990800000,7.161,321
1514077200000,6.851,267
1514163600000,6.973,300
1514250000000,6.844,255
1514336400000,6.721,230
1514422800000,7.227,397
1514509200000,7.313,266
1514595600000,7.378,273
1514682000000,6.737,178
1514768400000,6.784,221
1514854800000,7.031,369
1514941200000,7.513,359
1515027600000,7.474,334
1515114000000,7.54,352
1515200400000,7.383,230
1515286800000,7.192,269
1515373200000,7.019,222
1515459600000,7.42,297
1515546000000,7.441,259
1515632400000,6.924,184
1515718800000,6.848,238
1515805200000,6.848,263
1515891600000,7.023,251
1515978000000,7.101,310
1516064400000,7.001,269
1516150800000,6.925,213
1516237200000,7.396,358
1516323600000,7.039,204
1516410000000,6.968,299
1516496400000,6.808,280
1516582800000,6.836,206
1516669200000,6.906,259
1516755600000,6.942,198
1516842000000,7.136,317
1516928400000,7.533,412
1517014800000,7.031,308
1517101200000,6.816,247
1517187600000,6.897,217
1517274000000,6.716,198
1517360400000,7.266,439
1517446800000,6.993,274
1517533200000,7.066,307
1517619600000,6.953,269
1517706000000,6.908,249
1517792400000,6.982,263
1517878800000,6.842,262
1517965200000,7.052,309
1518051600000,6.799,245
1518138000000,6.977,356
1518224400000,7.043,341
1518310800000,7.25,397
1518397200000,7.074,236
1518483600000,7.098,236
1518570000000,7.029,260
1518656400000,7.227,256
1518742800000,6.94,217
1518829200000,6.529,273
1518915600000,6.508,279
1519002000000,6.531,342
1519088400000,6.441,192
1519174800000,6.124,163
1519261200000,6.115,188
1519347600000,5.969,261
1519434000000,6.364,364
1519520400000,6.282,268
1519606800000,6.222,271
1519693200000,6.28,198
1519779600000,6.407,253
1519866000000,6.828,313
1519952400000,6.874,381
1520038800000,6.596,235
1520125200000,6.71,507
1520211600000,6.846,365
1520298000000,6.979,293
1520384400000,6.824,284
1520470800000,6.986,251
1520557200000,6.73,250
1520643600000,7.147,448
1520730000000,6.698,210
1520816400000,6.581,252
1520902800000,6.777,212
1520989200000,6.932,252
1521075600000,6.704,213
1521162000000,6.716,199
1521248400000,6.567,233
1521334800000,6.545,278
1521421200000,6.577,191
1521507600000,6.726,203
1521594000000,6.736,235
1521680400000,6.843,218
1521766800000,6.901,291
1521853200000,6.927,363
1521939600000,6.721,220
1522026000000,6.913,427
1522112400000,6.986,274
1522198800000,6.979,238
1522285200000,7.073,300
1522371600000,7.143,307
1522458000000,7.275,559
1522544400000,6.65,241
1522630800000,7.029,469
1522717200000,7.822,377
1522803600000,7.894,274
1522890000000,7.576,193
1522976400000,7.491,211
1523062800000,7.282,234
1523149200000,6.943,166
1523235600000,6.762,175
1523322000000,6.482,154
1523408400000,6.768,209
1523494800000,6.779,196
1523581200000,6.76,180
1523667600000,6.645,210
1523754000000,6.931,172
1523840400000,7.095,269
1523926800000,7.183,239
1524013200000,7.283,185
1524099600000,6.838,145
1524186000000,7.201,183
1524272400000,7.508,308
1524358800000,7.199,230
1524445200000,6.797,138
1524531600000,7.244,330
1524618000000,7.99,299
1524704400000,7.664,294
1524790800000,7.768,224
1524877200000,7.948,257
1524963600000,7.927,263
1525050000000,7.821,248
1525136400000,7.614,157
1525222800000,7.648,245
1525309200000,7.796,205
1525395600000,8.138,248
1525482000000,8.028,205
1525568400000,7.578,160
1525654800000,7.783,169
1525741200000,7.984,250
1525827600000,7.691,173
1525914000000,7.593,137
1526000400000,7.333,148
1526086800000,7.82,179
1526173200000,7.729,288
1526259600000,8.088,246
1526346000000,8.213,185
1526432400000,7.751,170
1526518800000,7.922,159
1526605200000,7.462,160
1526691600000,7.852,170
1526778000000,7.884,241
1526864400000,7.651,133
1526950800000,7.278,172
1527037200000,7.553,133
1527123600000,7.426,146
1527210000000,7.91,222
1527296400000,7.717,194
1527382800000,7.416,171
1527469200000,7.327,154
1527555600000,7.332,159
1527642000000,7.542,152
1527728400000,7.608,143
1527814800000,7.51,202
1527901200000,7.887,308
1527987600000,8.186,235
1528074000000,7.609,138
1528160400000,7.674,173
1528246800000,7.983,165
1528333200000,8.123,194
1528419600000,8.13,181
1528506000000,8.095,230
1528592400000,7.404,146
1528678800000,7.046,103
1528765200000,7.141,161
1528851600000,7.056,132
1528938000000,7.161,180
1529024400000,7.312,180
1529110800000,7.715,265
1529197200000,7.432,161
1529283600000,7.011,134
1529370000000,7.027,135
1529456400000,7.471,220
1529542800000,7.238,159
1529629200000,6.844,173
1529715600000,7.07,162
1529802000000,6.492,124
1529888400000,6.803,195
1529974800000,7.059,210
1530061200000,6.867,139
1530147600000,6.6,147
1530234000000,6.627,235
1530320400000,7.258,352
1530406800000,7.641,236
1530493200000,7.015,199
1530579600000,7.113,123
1530666000000,6.992,176
1530752400000,6.985,143
1530838800000,7.055,241
1530925200000,7.897,338
1531011600000,7.809,274
1531098000000,7.599,212
1531184400000,7.353,130
1531270800000,7.419,178
1531357200000,7.56,199
1531443600000,7.924,234
1531530000000,7.848,277
1531616400000,7.773,203
1531702800000,7.809,149
1531789200000,7.797,152
1531875600000,7.739,137
1531962000000,7.678,173
1532048400000,7.492,130
1532134800000,8.025,235
1532221200000,8.129,185
1532307600000,7.541,147
1532394000000,7.339,149
1532480400000,7.707,212
1532566800000,7.595,164
1532653200000,7.751,192
1532739600000,7.873,155
1532826000000,7.785,170
1532912400000,7.966,203
1532998800000,7.897,203
1533085200000,8.661,336
1533171600000,8.129,205
1533258000000,7.951,141
1533344400000,7.167,119
1533430800000,7.179,129
1533517200000,7.016,120
1533603600000,7.059,180
1533690000000,6.477,133
1533776400000,6.841,188
1533862800000,6.78,140
1533949200000,6.373,143
1534035600000,6.492,167
1534122000000,6.583,153
1534208400000,6.374,102
1534294800000,6.288,135
1534381200000,6.446,159
1534467600000,6.055,115
1534554000000,6.441,252
1534640400000,6.359,198
1534726800000,6.401,167
1534813200000,6.051,118
1534899600000,6.471,151
1534986000000,6.263,248
1535072400000,6.773,218
1535158800000,6.763,145
1535245200000,6.424,168
1535331600000,6.279,143
1535418000000,6.45,172
1535504400000,6.692,224
1535590800000,6.029,138
1535677200000,6.251,224
1535763600000,6.658,238
1535850000000,6.505,205
1535936400000,6.315,147
1536022800000,6.278,152
1536109200000,6.354,196
1536195600000,6.71,181
1536282000000,6.587,192
1536368400000,6.753,223
1536454800000,6.778,198
1536541200000,6.763,165
1536627600000,6.573,187
1536714000000,6.475,155
1536800400000,6.423,130
1536886800000,6.496,172
1536973200000,6.294,152
1537059600000,6.355,257
1537146000000,6.829,257
1537232400000,6.572,134
1537318800000,6.798,224
1537405200000,6.8,153
1537491600000,7.138,274
1537578000000,6.503,180
1537664400000,6.387,179
1537750800000,6.308,178
1537837200000,6.734,172
1537923600000,6.733,261
1538010000000,7.343,201
1538096400000,7.365,186
1538182800000,7.461,286
1538269200000,8.009,527
1538355600000,8.045,131
1538442000000,7.769,148
1538528400000,7.592,140
1538614800000,7.798,316
1538701200000,7.206,148
1538787600000,7.121,181
1538874000000,7.256,166
1538960400000,7.361,172
1539046800000,7.437,208
1539133200000,7.622,160
1539219600000,8.278,181
1539306000000,7.997,177
1539392400000,8.138,222
1539478800000,8.07,175
1539565200000,7.912,192
1539651600000,8.039,185
1539738000000,8.348,234
1539824400000,8.413,226
1539910800000,8.254,168
1539997200000,7.998,193
1540083600000,8.216,215
1540170000000,8.021,116
1540256400000,7.944,140
1540342800000,7.799,227
1540429200000,7.863,135
1540515600000,7.951,174
1540602000000,7.649,144
1540688400000,7.135,176
1540774800000,7.148,149
1540861200000,7.838,221
1540947600000,8.057,159
1541034000000,7.989,152
1541120400000,8.265,159
1541206800000,8.193,196
1541293200000,7.658,154
1541379600000,7.601,167
1541466000000,8.047,141
1541552400000,8.085,177
1541638800000,7.824,107
1541725200000,7.793,172
1541811600000,8.453,488
1541898000000,8.503,179
1541984400000,7.91,145
1542070800000,8.693,227
1542157200000,8.316,141
1542243600000,8.042,177
1542330000000,8.529,174
1542416400000,7.762,150
1542502800000,7.883,224
1542589200000,7.944,156
1542675600000,8.007,137
1542762000000,8.107,173
1542848400000,7.838,163
1542934800000,8.336,200
1543021200000,7.882,196
1543107600000,7.723,131
1543194000000,7.326,133
1543280400000,7.273,148
1543366800000,7.092,122
1543453200000,7.352,135
1543539600000,7.431,141
1543626000000,7.754,270
1543712400000,7.732,184
1543798800000,7.429,135
1543885200000,7.75,329
1543971600000,7.969,161
1544058000000,7.892,161
1544144400000,7.287,205
1544230800000,6.367,158
1544317200000,6.302,271
1544403600000,6.624,159
1544490000000,6.258,151
1544576400000,6.482,129
1544662800000,6.834,229
1544749200000,7.049,209
1544835600000,7.396,233
1544922000000,7.156,236
1545008400000,6.615,106
1545094800000,6.979,148
1545181200000,6.721,116
1545267600000,6.477,151
1545354000000,6.526,202
1545440400000,6.431,192
1545526800000,6.479,241
1545613200000,6.591,206
1545699600000,7.016,220
1545786000000,6.722,165
1545872400000,6.764,191
1545958800000,7.251,226
1546045200000,7.041,177
1546131600000,6.723,185
1546218000000,6.637,175
1546304400000,7.115,186
1546390800000,7.292,274
1546477200000,6.915,165
1546563600000,7.006,168
1546650000000,7.402,276
1546736400000,7.633,344
1546822800000,7.366,202
1546909200000,7.284,289
1546995600000,7.487,150
1547082000000,7.768,197
1547168400000,7.809,282
1547254800000,7.781,286
1547341200000,8.145,352
1547427600000,8.13,260
1547514000000,8.154,173
1547600400000,7.978,169
1547686800000,8.204,241
1547773200000,7.826,230
1547859600000,9.015,457
1547946000000,9.158,393
1548032400000,8.509,221
1548118800000,7.785,174
1548205200000,8.234,175
1548291600000,8.669,251
1548378000000,9.668,318
1548464400000,9.542,237
1548550800000,9.063,166
1548637200000,9.423,230
1548723600000,9.18,143
1548810000000,8.803,161
1548896400000,9.826,298
1548982800000,9.847,184
1549069200000,9.797,254
1549155600000,9.834,169
1549242000000,9.664,196
1549328400000,9.516,165
1549414800000,9.614,172
1549501200000,8.94,156
1549587600000,9.296,170
1549674000000,8.994,193
1549760400000,8.645,141
1549846800000,7.751,131
1549933200000,8.194,88
1550019600000,8.571,175
1550106000000,8.961,182
1550192400000,9.23,165
1550278800000,8.932,162
1550365200000,9.151,204
1550451600000,9.259,119
1550538000000,9.11,123
1550624400000,8.931,147
1550710800000,9.178,180
1550797200000,9.067,216
1550883600000,9.358,259
1550970000000,9.124,191
1551056400000,8.867,145
1551142800000,8.968,126
1551229200000,9.251,182
1551315600000,9.421,195
1551402000000,9.881,155
1551488400000,9.744,200
1551574800000,9.587,228
1551661200000,9.498,158
1551747600000,9.173,166
1551834000000,9.431,174
1551920400000,9.709,126
1552006800000,10.014,272
1552093200000,10.076,234
1552179600000,9.849,148
1552266000000,9.749,138
1552352400000,10.11,198
1552438800000,10.599,127
1552525200000,9.587,154
1552611600000,9.019,164
1552698000000,9.187,154
1552784400000,8.78,148
1552870800000,8.397,107
1552957200000,8.4,128
1553043600000,8.287,129
1553130000000,8.365,119
1553216400000,8.379,149
1553302800000,8.065,181
1553389200000,8.061,163
1553475600000,8.117,141
1553562000000,7.764,151
1553648400000,8.103,133
1553734800000,8.665,259
1553821200000,9.277,204
1553907600000,9.28,277
1553994000000,9.69,264
1554080400000,9.14,169
1554166800000,9.263,156
1554253200000,9.315,182
1554339600000,9.412,173
1554426000000,9.411,200
1554512400000,9.459,220
1554598800000,9.654,247
1554685200000,9.189,147
1554771600000,9.066,165
1554858000000,9.654,164
1554944400000,9.908,155
1555030800000,9.954,229
1555117200000,9.938,200
1555203600000,9.533,202
1555290000000,9.352,150
1555376400000,9.572,220
1555462800000,9.858,156
1555549200000,10.155,183
1555635600000,9.969,162
1555722000000,9.818,170
1555808400000,9.478,151
1555894800000,9.581,142
1555981200000,9.756,192
1556067600000,9.783,180
1556154000000,10.142,195
1556240400000,9.771,153
1556326800000,9.845,181
1556413200000,9.872,167
1556499600000,9.783,155
1556586000000,10.715,182
1556672400000,9.902,128
1556758800000,9.911,149
1556845200000,10.389,193
1556931600000,10.064,178
1557018000000,10.428,217
1557104400000,10.366,206
1557190800000,10.333,173
1557277200000,9.631,116
1557363600000,9.941,201
1557450000000,10.284,200
1557536400000,10.344,225
1557622800000,11.009,279
1557709200000,10.519,139
1557795600000,11.116,204
1557882000000,10.823,189
1557968400000,10.859,178
1558054800000,11.407,240
1558141200000,11.631,158
1558227600000,12.048,254
1558314000000,11.629,138
1558400400000,12.476,163
1558486800000,12.186,110
1558573200000,12.811,156
1558659600000,13.004,195
1558746000000,12.461,139
1558832400000,12.676,228
1558918800000,13.176,213
1559005200000,12.971,153
1559091600000,12.749,145
1559178000000,13.036,211
1559264400000,13.039,148
1559350800000,13.905,142
1559437200000,13.611,185
1559523600000,13.577,162
1559610000000,13.742,106
1559696400000,14.539,249
1559782800000,14.032,156
1559869200000,13.2,124
1559955600000,13.673,176
1560042000000,14.026,199
1560128400000,13.888,168
1560214800000,13.93,165
1560301200000,13.568,126
1560387600000,13.193,127
1560474000000,13.89,168
1560560400000,13.386,136
1560646800000,13.42,111
1560733200000,13.051,137
1560819600000,12.703,123
1560906000000,13.129,183
1560992400000,13.106,124
1561078800000,12.651,119
1561165200000,12.331,128
1561251600000,12.671,149
1561338000000,12.544,177
1561424400000,12.516,181
1561510800000,12.073,240
1561597200000,10.715,131
1561683600000,11.879,172
1561770000000,11.865,125
1561856400000,11.679,225
1561942800000,11.778,150
1562029200000,11.517,130
1562115600000,11.346,129
1562202000000,11.733,160
1562288400000,11.853,170
1562374800000,11.781,133
1562461200000,11.288,153
1562547600000,11.381,161
1562634000000,11.405,128
1562720400000,11.353,138
1562806800000,11.755,130
1562893200000,12.083,211
1562979600000,12.5,228
1563066000000,12.487,166
1563152400000,11.976,150
1563238800000,11.328,127
1563325200000,12.291,152
1563411600000,12.005,140
1563498000000,12.307,178
1563584400000,12.639,179
1563670800000,12.597,156
1563757200000,12.471,161
1563843600000,12.698,151
1563930000000,12.615,151
1564016400000,11.924,152
1564102800000,12.342,192
1564189200000,12.739,171
1564275600000,12.588,152
1564362000000,12.361,141
1564448400000,12.683,210
1564534800000,12.35,152
1564621200000,12.781,182
1564707600000,12.977,174
1564794000000,12.806,184
1564880400000,12.259,141
1564966800000,12.383,121
1565053200000,12.373,133
1565139600000,12.561,190
1565226000000,12.949,195
1565312400000,13.208,176
1565398800000,12.774,160
1565485200000,13.486,206
1565571600000,12.775,143
1565658000000,13.215,169
1565744400000,13.301,173
1565830800000,12.844,138
1565917200000,13.204,194
1566003600000,13.179,194
1566090000000,13.738,200
1566176400000,13.15,132
1566262800000,12.917,191
1566349200000,13.509,229
1566435600000,13.57,198
1566522000000,13.512,185
1566608400000,13.8,157
1566694800000,13.399,168
1566781200000,13.34,148
1566867600000,13.335,169
1566954000000,13.733,206
1567040400000,13.647,167
1567126800000,13.733,179
1567213200000,13.719,148
1567299600000,14.164,222
1567386000000,14.194,209
1567472400000,13.723,149
1567558800000,14.226,172
1567645200000,14.199,173
1567731600000,14.979,270
1567818000000,14.411,279
1567904400000,14.083,215
1567990800000,13.795,179
1568077200000,14.222,156
1568163600000,14.247,169
1568250000000,14.627,204
1568336400000,14.553,220
1568422800000,14.442,169
1568509200000,14.592,197
1568595600000,14.663,144
1568682000000,14.136,135
1568768400000,14.64,154
1568854800000,14.713,180
1568941200000,14.88,194
1569027600000,14.897,167
1569114000000,14.519,158
1569200400000,14.524,165
1569286800000,14.2,126
1569373200000,14.649,153
1569459600000,14.616,125
1569546000000,14.856,161
1569632400000,15.439,237
1569718800000,15.478,212
1569805200000,15.111,171
1569891600000,14.956,145
1569978000000,15.201,122
1570064400000,14.852,154
1570150800000,15.109,143
1570237200000,15.354,167
1570323600000,14.936,204
1570410000000,14.896,194
1570496400000,15.315,153
1570582800000,14.668,122
1570669200000,16.246,281
1570755600000,15.601,144
1570842000000,15.202,155
1570928400000,14.825,160
1571014800000,15.13,172
1571101200000,15.129,134
1571187600000,15.237,145
1571274000000,15.422,128
1571360400000,14.62,149
1571446800000,14.407,133
1571533200000,14.253,116
1571619600000,13.735,92
1571706000000,14.156,101
1571792400000,14.313,85
1571878800000,13.902,134
1571965200000,14.332,152
1572051600000,14.33,223
1572138000000,14.044,193
1572224400000,14.074,174
1572310800000,13.909,218
1572397200000,14.086,153
1572483600000,15.19,297
1572570000000,14.731,147
1572656400000,14.794,131
1572742800000,14.403,183
1572829200000,14.786,165
1572915600000,15.066,150
1573002000000,14.705,176
1573088400000,14.476,130
1573174800000,14.506,198
1573261200000,14.907,187
1573347600000,14.732,203
1573434000000,14.412,154
1573520400000,14.75,135
1573606800000,15.068,244
1573693200000,14.74,125
1573779600000,14.873,182
1573866000000,15.209,175
1573952400000,15.721,256
1574038800000,14.91,126
1574125200000,12.071,230
1574211600000,11.469,146
1574298000000,11.672,105
1574384400000,11.244,158
1574470800000,11.949,155
1574557200000,11.538,179
1574643600000,11.678,110
1574730000000,12.348,184
1574816400000,12.409,156
1574902800000,12.66,187
1574989200000,12.994,182
1575075600000,13.308,204
1575162000000,12.827,179
1575248400000,12.741,142
1575334800000,13.092,155
1575421200000,13.393,310
1575507600000,13.909,178
1575594000000,13.563,141
1575680400000,13.834,217
1575766800000,14.393,314
1575853200000,14.485,166
1575939600000,14.48,174
1576026000000,14.054,151
1576112400000,14.083,180
1576198800000,14.346,164
1576285200000,14.547,202
1576371600000,14.778,241
1576458000000,14.413,201
1576544400000,14.616,194
1576630800000,14.546,141
1576717200000,14.915,174
1576803600000,14.872,229
1576890000000,15.373,268
1576976400000,15.064,216
1577062800000,14.844,174
1577149200000,15.382,229
1577235600000,15.486,170
1577322000000,15.616,197
1577408400000,16.175,318
1577494800000,15.835,247
1577581200000,15.138,214
1577667600000,15.348,156
1577754000000,16.054,155
1577840400000,15.75,191
1577926800000,15.173,157
1578013200000,15.373,184
1578099600000,16.292,194
1578186000000,16.095,161
1578272400000,15.997,170
1578358800000,16.309,197
1578445200000,15.996,174
1578531600000,16.702,200
1578618000000,17.017,256
1578704400000,17.599,306
1578790800000,17.604,269
1578877200000,18.786,269
1578963600000,18.951,184
1579050000000,18.649,152
1579136400000,18.968,170
1579222800000,18.336,198
1579309200000,17.982,210
1579395600000,17.467,170
1579482000000,17.32,196
1579568400000,17.045,161
1579654800000,16.702,177
1579741200000,16.764,166
1579827600000,16.447,162
1579914000000,16.539,215
1580000400000,16.309,178
1580086800000,16.593,209
1580173200000,17.661,198
1580259600000,17.38,161
1580346000000,16.68,145
1580432400000,17.968,185
1580518800000,17.309,164
1580605200000,18.305,261
1580691600000,18.088,214
1580778000000,18.715,248
1580864400000,18.733,197
1580950800000,19.171,285
1581037200000,19.591,257
1581123600000,19.56,249
1581210000000,19.308,240
1581296400000,19.532,199
1581382800000,19.487,165
1581469200000,18.796,144
1581555600000,18.715,162
1581642000000,18.895,209
1581728400000,18.933,213
1581814800000,17.945,225
1581901200000,18.895,300
1581987600000,18.263,160
1582074000000,18.552,167
1582160400000,18.264,130
1582246800000,18.131,219
1582333200000,17.873,148
1582419600000,17.859,216
1582506000000,17.711,174
1582592400000,17.479,177
1582678800000,17.621,201
1582765200000,17.557,168
1582851600000,18.121,194
1582938000000,17.393,214
1583024400000,17.475,179
1583110800000,17.013,171
1583197200000,17.332,150
1583283600000,17.659,203
1583370000000,18.197,214
1583456400000,18.424,226
1583542800000,18.637,252
1583629200000,19.063,245
1583715600000,18.738,159
1583802000000,18.206,160
1583888400000,18.946,210
1583974800000,19.162,207
1584061200000,19.357,236
1584147600000,18.662,222
1584234000000,18.514,240
1584320400000,17.297,154
1584406800000,17.004,184
1584493200000,17.112,142
1584579600000,17.619,229
1584666000000,16.774,168
1584752400000,16.507,197
1584838800000,16.447,253
1584925200000,16.095,215
1585011600000,15.073,182
1585098000000,15.909,265
1585184400000,17.015,259
1585270800000,18.349,346
1585357200000,18.123,241
1585443600000,17.537,214
1585530000000,16.884,221
1585616400000,16.33,228
1585702800000,15.147,192
1585789200000,15.142,209
1585875600000,15.172,307
1585962000000,16.915,268
1586048400000,16.632,229
1586134800000,16.328,209
1586221200000,16.461,247
1586307600000,16.967,288
1586394000000,16.788,285
1586480400000,17.23,281
1586566800000,17.898,343
1586653200000,17.624,273
1586739600000,16.808,245
1586826000000,17.348,317
1586912400000,18.817,474
1586998800000,17.848,252
1587085200000,17.618,275
1587171600000,18.827,524
1587258000000,18.681,374
1587344400000,18.742,505
1587430800000,18.367,231
1587517200000,18.344,260
1587603600000,17.678,235
1587690000000,18.586,373
1587776400000,18.988,273
1587862800000,18.657,297
1587949200000,18.741,281
1588035600000,18.603,251
1588122000000,18.513,257
1588208400000,18.873,297
1588294800000,19.093,326
1588381200000,20.053,356
1588467600000,20.833,329
1588554000000,21.199,368
1588640400000,22.248,382
1588726800000,23.265,388
1588813200000,22.718,239
1588899600000,22.774,266
1588986000000,21.609,221
1589072400000,21.929,243
1589158800000,21.176,231
1589245200000,21.77,280
1589331600000,21.272,302
1589418000000,21.516,225
1589504400000,21.643,298
1589590800000,21.886,283
1589677200000,22.68,267
1589763600000,21.871,207
1589850000000,22.868,303
1589936400000,23.512,409
1590022800000,23.796,230
1590109200000,23.245,217
1590195600000,24.668,305
1590282000000,25.327,228
1590368400000,24.177,222
1590454800000,23.423,267
1590541200000,23.899,207
1590627600000,24.384,340
1590714000000,24.763,257
1590800400000,25.263,229
1590886800000,24.922,255
1590973200000,23.554,168
1591059600000,23.542,204
1591146000000,23.68,199
1591232400000,23.887,201
1591318800000,23.867,194
1591405200000,24.941,273
1591491600000,24.155,138
1591578000000,24.508,219
1591664400000,23.782,143
1591750800000,23.867,203
1591837200000,24.359,209
1591923600000,24.473,223
1592010000000,24.894,229
1592096400000,24.962,242
1592182800000,24.843,207
1592269200000,25.47,253
1592355600000,24.231,173
1592442000000,25.022,210
1592528400000,24.339,185
1592614800000,24.771,214
1592701200000,25.259,281
1592787600000,24.684,173
1592874000000,25.132,225
1592960400000,26.443,280
1593046800000,26.994,219
1593133200000,25.509,224
1593219600000,25.875,204
1593306000000,26.455,263
1593392400000,26.669,215
1593478800000,27.392,276
1593565200000,29.335,263
1593651600000,31.085,188
1593738000000,30.38,196
1593824400000,32.044,222
1593910800000,32.154,183
1593997200000,28.699,169
1594083600000,28.765,201
1594170000000,28.004,182
1594256400000,27.606,172
1594342800000,27.825,168
1594429200000,27.317,197
1594515600000,27.533,170
1594602000000,27.752,159
1594688400000,27.486,171
1594774800000,28.477,251
1594861200000,29.154,176
1594947600000,29.8,179
1595034000000,31.45,247
1595120400000,31.518,181
1595206800000,29.7,135
1595293200000,28.863,115
1595379600000,29.881,174
1595466000000,29.302,144
1595552400000,28.882,127
1595638800000,29.486,145
1595725200000,29.092,126
1595811600000,29.381,151
1595898000000,30.341,285
1595984400000,29.441,190
1596070800000,31.006,157
1596157200000,30.17,117
1596243600000,30.929,173
1596330000000,30.92,166
1596416400000,30.307,157
1596502800000,29.766,169
1596589200000,29.596,174
1596675600000,29.705,124
1596762000000,27.84,149
1596848400000,27.98,170
1596934800000,27.705,173
1597021200000,27.869,169
1597107600000,27.654,136
1597194000000,27.687,155
1597280400000,27.36,171
1597366800000,27.392,170
1597453200000,28.962,196
1597539600000,28.611,136
1597626000000,28.032,137
1597712400000,27.992,200
1597798800000,27.307,153
1597885200000,26.205,114
1597971600000,25.984,146
1598058000000,26.983,141
1598144400000,25.268,146
1598230800000,26.194,199
1598317200000,26.263,201
1598403600000,25.715,137
1598490000000,25.53,157
1598576400000,26.358,167
1598662800000,26.074,153
1598749200000,24.908,138
1598835600000,25.103,159
1598922000000,25.741,176
1599008400000,25.568,167
1599094800000,26.059,208
1599181200000,25.459,134
1599267600000,25.816,171
1599354000000,26.296,141
1599440400000,26.136,166
1599526800000,24.854,141
1599613200000,25.902,170
1599699600000,26.249,165
1599786000000,25.291,123
1599872400000,25.766,170
1599958800000,26.132,166
1600045200000,25.728,166
1600131600000,24.356,150
1600218000000,25.006,177
1600304400000,25.857,163
1600390800000,25.755,177
1600477200000,25.78,152
1600563600000,25.54,195
1600650000000,25.824,141
1600736400000,24.59,125
1600822800000,24.943,146
1600909200000,24.863,142
1600995600000,25.151,192
1601082000000,25.53,196
1601168400000,24.949,166
1601254800000,24.764,172
1601341200000,25.292,163
1601427600000,26.335,272
1601514000000,26.097,161
1601600400000,25.271,130
1601686800000,25.102,159
1601773200000,25.377,224
1601859600000,25.654,177
1601946000000,24.982,148
1602032400000,25.652,178
1602118800000,25.703,157
1602205200000,25.665,156
1602291600000,25.051,138
1602378000000,25.35,172
1602464400000,25.613,155
1602550800000,26.089,165
1602637200000,26.53,253
1602723600000,26.477,210
1602810000000,26.036,125
1602896400000,26.355,213
1602982800000,26.256,203
1603069200000,26.187,167
1603155600000,27.339,200
1603242000000,27.834,243
1603328400000,27.132,171
1603414800000,26.972,189
1603501200000,26.429,154
1603587600000,26.919,204
1603674000000,27.404,175
1603760400000,26.328,118
1603846800000,26.577,158
1603933200000,26.637,188
1604019600000,26.359,216
1604106000000,25.764,182
1604192400000,25.788,182
1604278800000,25.14,122
1604365200000,25.427,160
1604451600000,25.503,160
1604538000000,25.903,138
1604624400000,25.972,181
1604710800000,25.485,162
1604797200000,25.414,169
1604883600000,26.504,167
1604970000000,26.937,173
1605056400000,25.911,194
1605142800000,26.256,178
1605229200000,27.382,218
1605315600000,27.375,191
1605402000000,25.492,161
1605488400000,25.671,191
1605574800000,26.04,186
1605661200000,25.908,131
1605747600000,26.618,158
1605834000000,26.218,181
1605920400000,25.891,215
1606006800000,27.7,297
1606093200000,27.395,268
1606179600000,26.14,217
1606266000000,27.768,226
1606352400000,25.914,196
1606438800000,25.454,178
1606525200000,25.513,176
1606611600000,25.4,203
1606698000000,25.658,200
1606784400000,25.409,180
1606870800000,24.565,133
1606957200000,25.361,333
1607043600000,20.83,279
1607130000000,21.139,197
1607216400000,21.152,227
1607302800000,21.825,183
1607389200000,20.573,160
1607475600000,19.787,132
1607562000000,18.745,156
1607648400000,19.699,210
1607734800000,21.059,208
1607821200000,20.57,206
1607907600000,21.844,188
1607994000000,21.655,156
1608080400000,21.935,170
1608166800000,21.506,125
1608253200000,22.044,208
1608339600000,22.11,192
1608426000000,21.982,263
1608512400000,21.878,188
1608598800000,23,292
1608685200000,23.069,229
1608771600000,23.188,208
1608858000000,24.489,269
1608944400000,23.939,211
1609030800000,24.829,199
1609117200000,23.253,183
1609203600000,23.006,202
1609290000000,23.543,263
1609376400000,24.741,265
1609462800000,25.138,252
1609549200000,24.268,160
1609635600000,24.671,188
1609722000000,24.854,224
1609808400000,24.928,227
1609894800000,25.815,272
1609981200000,25.675,170
1610067600000,26.076,222
1610154000000,26.406,221
1610240400000,26.559,238
1610326800000,25.515,142
1610413200000,25.131,180
1610499600000,25.461,184
1610586000000,25.2,198
1610672400000,25.326,192
1610758800000,25.728,223
1610845200000,25.83,261
1610931600000,26.176,239
1611018000000,27.069,245
1611104400000,27.364,248
1611190800000,26.291,180
1611277200000,27.238,226
1611363600000,27.531,223
1611450000000,27.763,200
1611536400000,26.102,213
1611622800000,26.512,205
1611709200000,27.164,234
1611795600000,25.567,207
1611882000000,26.964,330
1611968400000,27.894,245
1612054800000,27.216,214
1612141200000,26.527,196
1612227600000,27.248,214
1612314000000,26.739,169
1612400400000,27.055,179
1612486800000,27.906,248
1612573200000,28.592,270
1612659600000,28.008,220
1612746000000,27.683,167
1612832400000,28.011,197
1612918800000,27.453,233
1613005200000,28.53,225
1613091600000,26.664,165
1613178000000,27.546,251
1613264400000,27.196,175
1613350800000,27.031,163
1613437200000,26.134,208
1613523600000,26.132,151
1613610000000,26.595,175
1613696400000,27.442,346
1613782800000,28.992,258
1613869200000,28.831,218
1613955600000,28.534,210
1614042000000,28.647,209
1614128400000,29.077,196
1614214800000,29.445,241
1614301200000,30.128,321
1614387600000,29.982,279
1614474000000,28.816,203
1614560400000,29.611,222
1614646800000,29.883,259
1614733200000,30.116,316
1614819600000,31.67,380
1614906000000,34.199,221
1614992400000,32.885,238
1615078800000,33.464,276
1615165200000,35.692,287
1615251600000,34.739,236
1615338000000,35.005,221
1615424400000,37.988,231
1615510800000,37.653,209
1615597200000,36.727,181
1615683600000,35.228,181
1615770000000,35.122,168
1615856400000,34.869,201
1615942800000,34.966,213
1616029200000,36.512,312
1616115600000,38.019,270
1616202000000,36.686,291
1616288400000,37.771,219
1616374800000,36.889,181
1616461200000,37.913,210
1616547600000,37.216,186
1616634000000,38.671,269
1616720400000,39.122,239
1616806800000,38.98,227
1616893200000,38.712,241
1616979600000,37.568,208
1617066000000,36.836,215
1617152400000,39.142,233
1617238800000,39.835,210
1617325200000,40.725,270
1617411600000,43.73,256
1617498000000,43.068,248
1617584400000,41.635,208
1617670800000,40.734,160
1617757200000,41.505,123
1617843600000,40.352,174
1617930000000,38.508,229
1618016400000,38.238,200
1618102800000,37.639,198
1618189200000,37.044,175
1618275600000,36.658,224
1618362000000,36.035,88
1618448400000,36.968,242
1618534800000,37.017,210
1618621200000,38.51,220
1618707600000,39.364,267
1618794000000,39.76,220
1618880400000,40.565,194
1618966800000,40.714,175
1619053200000,40.888,196
1619139600000,41.32,255
1619226000000,42.532,238
1619312400000,42.402,237
1619398800000,41.851,182
1619485200000,41.442,168
1619571600000,42.317,203
1619658000000,43.477,217
1619744400000,40.153,150
1619830800000,39.996,199
1619917200000,41.738,210
1620003600000,39.452,161
1620090000000,39.69,211
1620176400000,39.03,166
1620262800000,40.173,216
1620349200000,39.29,190
1620435600000,41.436,237
1620522000000,41.851,211
1620608400000,41.227,172
1620694800000,42.814,198
1620781200000,44.373,221
1620867600000,45.612,267
1620954000000,46.898,221
1621040400000,48.041,244
1621126800000,47.545,187
1621213200000,47.709,179
1621299600000,51.39,273
1621386000000,54.052,239
1621472400000,56.699,229
1621558800000,53.807,167
1621645200000,52.897,190
1621731600000,53.504,227
1621818000000,53.214,230
1621904400000,54.105,221
1621990800000,55.366,187
1622077200000,55.204,190
1622163600000,55.832,161
1622250000000,55.784,147
1622336400000,56.503,163
1622422800000,55.795,187
1622509200000,55.037,162
1622595600000,55.609,200
1622682000000,56.34,150
1622768400000,57.487,307
1622854800000,59.686,180
1622941200000,59.863,153
1623027600000,54.567,139
1623114000000,54.988,163
1623200400000,56.079,175
1623286800000,57.205,162
1623373200000,58.496,177
1623459600000,56.713,175
1623546000000,56.553,178
1623632400000,57.275,177
1623718800000,56.128,152
1623805200000,55.959,164
1623891600000,55.206,136
1623978000000,55.052,150
1624064400000,55.737,170
1624150800000,56.087,161
1624237200000,56.288,207
1624323600000,56.457,156
1624410000000,55.452,137
1624496400000,52.21,165
1624582800000,51.626,143
1624669200000,51.446,141
1624755600000,50.734,145
1624842000000,51.185,160
1624928400000,50.375,177
1625014800000,52.002,168
1625101200000,52.242,145
1625187600000,52.244,162
1625274000000,52.633,144
1625360400000,51.853,181
1625446800000,51.071,164
1625533200000,50.814,157
1625619600000,50.506,163
1625706000000,49.625,159
1625792400000,49.875,142
1625878800000,48.31,161
1625965200000,49.231,124
1626051600000,47.739,158
1626138000000,46.805,169
1626224400000,47.608,191
1626310800000,47.8,112
1626397200000,48.571,189
1626483600000,48.327,132
1626570000000,47.606,133
1626656400000,47.648,127
1626742800000,48.518,238
1626829200000,47.448,146
1626915600000,47.102,153
1627002000000,47.292,181
1627088400000,48.36,131
1627174800000,47.508,148
1627261200000,47.62,121
1627347600000,47.547,137
1627434000000,48.073,137
1627520400000,48.477,216
1627606800000,50.059,227
1627693200000,51.863,231
1627779600000,51.326,139
1627866000000,50.975,134
1627952400000,51.899,177
1628038800000,52,206
1628125200000,51.785,170
1628211600000,52.147,181
1628298000000,51.835,167
1628384400000,51.263,166
1628470800000,49.659,161
1628557200000,50.034,157
1628643600000,52.15,158
1628730000000,49.068,128
1628816400000,49.868,103
1628902800000,47.899,143
1628989200000,48.097,155
1629075600000,48.361,133
1629162000000,46.856,143
1629248400000,47.154,169
1629334800000,46.645,121
1629421200000,48.239,152
1629507600000,47.693,146
1629594000000,47.642,138
1629680400000,48.011,130
1629766800000,48.91,184
1629853200000,49.863,164
1629939600000,50.363,153
1630026000000,49.727,176
1630112400000,50.055,161
1630198800000,48.554,115
1630285200000,48.39,128
1630371600000,48.196,148
1630458000000,47.353,116
1630544400000,47.366,162
1630630800000,47.972,156
1630717200000,49.118,164
1630803600000,49.02,167
1630890000000,48.677,148
1630976400000,49.111,175
1631062800000,49.453,140
1631149200000,49.608,178
1631235600000,49.546,146
1631322000000,48.524,153
1631408400000,47.84,165
1631494800000,48.33,124
1631581200000,48.72,175
1631667600000,49.11,153
1631754000000,48.301,128
1631840400000,48.85,219
1631926800000,49.122,151
1632013200000,48.283,145
1632099600000,47.578,126
1632186000000,46.995,153
1632272400000,39.214,278
1632358800000,35.004,181
1632445200000,35.621,110
1632531600000,35.189,155
1632618000000,37.471,136
1632704400000,37.987,120
1632790800000,38.013,110
1632877200000,38.043,162
1632963600000,38.421,125
1633050000000,37.582,168
1633136400000,38.417,167
1633222800000,38.813,143
1633309200000,38.635,133
1633395600000,37.306,141
1633482000000,36.854,193
1633568400000,36.869,169
1633654800000,38.146,195
1633741200000,37.544,149
1633827600000,37.505,169
1633914000000,37.133,146
1634000400000,37.302,114
1634086800000,36.911,122
1634173200000,36.738,144
1634259600000,37.098,194
1634346000000,37.085,212
1634432400000,36.242,132
1634518800000,35.599,147
1634605200000,36.567,145
1634691600000,36.421,160
1634778000000,36.131,162
1634864400000,33.723,187
1634950800000,34.618,171
1635037200000,35.261,164
1635123600000,35.982,226
1635210000000,35.662,129
1635296400000,36.408,183
1635382800000,36.256,167
1635469200000,35.152,133
1635555600000,35.371,169
1635642000000,35.86,209
1635728400000,35.657,182
1635814800000,35.1,169
1635901200000,37.468,274
1635987600000,37.285,170
1636074000000,37.207,159
1636160400000,37.562,193
1636246800000,36.745,176
1636333200000,35.742,179
1636419600000,35.101,146
1636506000000,35.156,212
1636592400000,33.985,121
1636678800000,34.24,149
1636765200000,35.269,207
1636851600000,35.24,212
1636938000000,35.511,159
1637024400000,34.501,112
1637110800000,34.729,155
1637197200000,36.433,219
1637283600000,36.626,178
1637370000000,36.098,186
1637456400000,37.083,170
1637542800000,37.483,174
1637629200000,36.6,164
1637715600000,37.085,214
1637802000000,37.322,224
1637888400000,37.659,229
1637974800000,35.786,158
1638061200000,36.462,203
1638147600000,37.159,158
1638234000000,35.838,166
1638320400000,36.633,175
1638406800000,36.924,129
1638493200000,37.487,167
1638579600000,38.543,221
1638666000000,37.925,148
1638752400000,38.728,167
1638838800000,38.348,158
1638925200000,37.875,143
1639011600000,38.34,136
1639098000000,38.618,164
1639184400000,38.753,172
1639270800000,38.829,132
1639357200000,38.809,144
1639443600000,39.479,164
1639530000000,38.748,186
1639616400000,37.956,136
1639702800000,38.557,152
1639789200000,38.996,160
1639875600000,40.071,197
1639962000000,40.276,184
1640048400000,40.109,146
1640134800000,38.937,163
1640221200000,40.299,183
1640307600000,40.899,198
1640394000000,42.878,233
1640480400000,42.224,175
1640566800000,41.87,145
1640653200000,41.328,146
1640739600000,40.81,143
1640826000000,40.804,167
1640912400000,41.63,170
1640998800000,42.429,181
1641085200000,42.112,152
1641171600000,41.091,175
1641258000000,41.922,174
1641344400000,42.726,175
1641430800000,43.135,211
1641517200000,42.522,146
1641603600000,43.248,174
1641690000000,43.14,208
1641776400000,42.316,126
1641862800000,41.942,154
1641949200000,42.671,154
1642035600000,43.539,118
1642122000000,42.256,129
1642208400000,43.66,190
1642294800000,45.284,191
1642381200000,44.877,151
1642467600000,43.806,153
1642554000000,44.417,139
1642640400000,44.746,164
1642726800000,44.11,161
1642813200000,43.403,181
1642899600000,41.995,138
1642986000000,42.109,153
1643072400000,42.2,186
1643158800000,42.116,130
1643245200000,39.264,124
1643331600000,39.28,136
1643418000000,39.074,160
1643504400000,39.421,138
1643590800000,40.165,144
1643677200000,36.767,235
1643763600000,41.646,213
1643850000000,41.994,196
1643936400000,40.871,147
1644022800000,41.772,245
1644109200000,42.049,180
1644195600000,41.519,163
1644282000000,41.492,154
1644368400000,42.085,156
1644454800000,42.949,168
1644541200000,43.627,219
1644627600000,43.09,177
1644714000000,43.874,190
1644800400000,43.494,148
1644886800000,43.564,166
1644973200000,43.679,178
1645059600000,44.669,178
1645146000000,44.278,188
1645232400000,44.992,262
1645318800000,44.78,223
1645405200000,45.199,177
1645491600000,45.436,205
1645578000000,46.016,158
1645664400000,47.261,252
1645750800000,48.842,198
1645837200000,48.727,187
1645923600000,47.928,186
1646010000000,47.94,172
1646096400000,47.467,177
1646182800000,46.795,155
1646269200000,49.322,221
1646355600000,50.243,180
1646442000000,50.934,192
1646528400000,52.009,183
1646614800000,51.793,194
1646701200000,48.763,172
1646787600000,50.484,149
1646874000000,49.649,168
1646960400000,51.532,198
1647046800000,52.605,173
1647133200000,50.828,171
1647219600000,51.056,177
1647306000000,52.958,157
1647392400000,52.148,134
1647478800000,51.354,129
1647565200000,53.642,178
1647651600000,52.568,159
1647738000000,51.265,147
1647824400000,51.946,142
1647910800000,53.401,131
1647997200000,52.317,138
1648083600000,52.179,158
1648170000000,52.654,186
1648256400000,53.326,157
1648342800000,52.626,137
1648429200000,52.387,135
1648515600000,50.768,173
1648602000000,53.47,157
1648688400000,54.928,163
1648774800000,56.587,186
1648861200000,56.475,142
1648947600000,57.262,200
1649034000000,57.004,144
1649120400000,56.552,158
1649206800000,60.673,185
1649293200000,58.871,103
1649379600000,57.907,135
1649466000000,58.558,119
1649552400000,58.004,147
1649638800000,57.51,158
1649725200000,59.041,172
1649811600000,62.211,194
1649898000000,64.962,174
1649984400000,66.643,161
1650070800000,66.612,161
1650157200000,65.075,117
1650243600000,63.033,123
1650330000000,61.963,127
1650416400000,60.972,117
1650502800000,61.516,108
1650589200000,61.571,158
1650675600000,61.724,180
1650762000000,63.067,127
1650848400000,63.388,152
1650934800000,63.563,160
1651021200000,64.965,122
1651107600000,64.213,112
1651194000000,63.496,133
1651280400000,62.824,113
1651366800000,63.183,161
1651453200000,62.974,112
1651539600000,62.619,129
1651626000000,61.625,160
1651712400000,61.993,174
1651798800000,61.97,168
1651885200000,62.376,128
1651971600000,61.792,153
1652058000000,60.656,109
1652144400000,62.384,152
1652230800000,62.215,115
1652317200000,60.924,136
1652403600000,61.955,117
1652490000000,62.233,133
1652576400000,62.029,151
1652662800000,62.684,123
1652749200000,63.952,160
1652835600000,63.944,131
1652922000000,64.938,151
1653008400000,65.62,172
1653094800000,66.878,163
1653181200000,66.993,197
1653267600000,65.951,141
1653354000000,67.97,201
1653440400000,68.584,151
1653526800000,68.805,163
1653613200000,68.812,154
1653699600000,69.988,167
1653786000000,70.068,149
1653872400000,71.292,128
1653958800000,70.36,124
1654045200000,70.467,103
1654131600000,68.902,116
1654218000000,69.501,159
1654304400000,69.153,161
1654390800000,70.374,184
1654477200000,67.19,117
1654563600000,68.282,157
1654650000000,67.632,115
1654736400000,68.57,173
1654822800000,70.551,154
1654909200000,70.44,135
1654995600000,68.873,159
1655082000000,68.288,111
1655168400000,67.159,96
1655254800000,66.041,108
1655341200000,65.644,162
1655427600000,67.825,164
1655514000000,67.496,121
1655600400000,66.176,145
1655686800000,67.826,117
1655773200000,64.151,101
1655859600000,64.437,113
1655946000000,63.813,171
1656032400000,64.234,152
1656118800000,64.507,153
1656205200000,62.929,118
1656291600000,63.694,129
1656378000000,63.694,144
1656464400000,64.634,113
1656550800000,64.518,188
1656637200000,66.647,166
1656723600000,66.209,151
1656810000000,66.106,146
1656896400000,65.684,166
1656982800000,65.02,180
1657069200000,63.809,158
1657155600000,62.089,127
1657242000000,62.863,152
1657328400000,63.52,137
1657414800000,64.411,126
1657501200000,63.15,143
1657587600000,63.524,115
1657674000000,63.131,102
1657760400000,62.297,118
1657846800000,63.344,140
1657933200000,64.099,127
1658019600000,63.505,160
1658106000000,63.18,133
1658192400000,64.524,187
1658278800000,66.123,76
1658365200000,64.179,180
1658451600000,65.88,168
1658538000000,64.393,116
1658624400000,60.703,150
1658710800000,64.003,117
1658797200000,62.864,121
1658883600000,62.717,127
1658970000000,64.134,157
1659056400000,65.437,142
1659142800000,63.834,123
1659229200000,62.766,149
1659315600000,64.769,145
1659402000000,63.023,114
1659488400000,63.56,139
1659574800000,63.291,125
1659661200000,63.997,115
1659747600000,64.343,124
1659834000000,64.219,176
1659920400000,64.866,153
1660006800000,63.114,87
1660093200000,64.644,165
1660179600000,62.778,143
1660266000000,63.747,143
1660352400000,64.619,139
1660438800000,64.428,146
1660525200000,64.512,142
1660611600000,63.676,180
1660698000000,64.313,176
1660784400000,63.487,129
1660870800000,62.29,125
1660957200000,62.781,184
1661043600000,64.123,146
1661130000000,63.245,151
1661216400000,63.825,127
1661302800000,62.28,135
1661389200000,62.752,126
1661475600000,65.9,218
1661562000000,65.85,125
1661648400000,64.384,145
1661734800000,64.165,136
1661821200000,65.374,172
1661907600000,67.092,183
1661994000000,67.564,163
1662080400000,65.834,157
1662166800000,66.4,141
1662253200000,66.065,119
1662339600000,66.201,151
1662426000000,65.056,119
1662512400000,65.575,126
1662598800000,62.959,123
1662685200000,63.789,134
1662771600000,62.99,139
1662858000000,62.509,128
1662944400000,63.195,126
1663030800000,63.07,126
1663117200000,62.946,146
1663203600000,63.592,150
1663290000000,63.409,164
1663376400000,63.141,164
1663462800000,61.14,170
1663549200000,62.191,130
1663635600000,62.076,129
1663722000000,60.497,118
1663808400000,60.386,91
1663894800000,59.935,123
1663981200000,58.349,121
1664067600000,58.084,147
1664154000000,58.52,119
1664240400000,58.098,160
1664326800000,58.407,109
1664413200000,59.023,118
1664499600000,59.389,140
1664586000000,59.504,195
1664672400000,60.201,167
1664758800000,58.422,137
1664845200000,59.33,133
1664931600000,59.028,110
1665018000000,59.945,151
1665104400000,60.349,159
1665190800000,61.286,134
1665277200000,59.735,170
1665363600000,60.284,116
1665450000000,60.308,122
1665536400000,60.392,128
1665622800000,60.93,137
1665709200000,58.203,90
1665795600000,60.713,205
1665882000000,60.344,164
1665968400000,61.298,127
1666054800000,59.366,92
1666141200000,62.131,157
1666227600000,62.892,128
1666314000000,60.263,124
1666400400000,58.871,160
1666486800000,57.155,131
1666573200000,56.875,126
1666659600000,58.682,146
1666746000000,57.18,120
1666832400000,57.812,165
1666918800000,56.122,142
1667005200000,56.677,155
1667091600000,57.194,151
1667178000000,58.237,164
1667264400000,56.795,122
1667350800000,57.661,155
1667437200000,58.317,150
1667523600000,59.064,144
1667610000000,57.783,114
1667696400000,57.297,142
1667782800000,56.795,114
1667869200000,57.736,154
1667955600000,59.637,147
1668042000000,58.569,129
1668128400000,59.439,137
1668214800000,59.797,145
1668301200000,58.284,128
1668387600000,56.198,102
1668474000000,56.408,137
1668560400000,57.182,115
1668646800000,57.613,147
1668733200000,58.325,128
1668819600000,57.199,180
1668906000000,56.14,104
1668992400000,54.655,120
1669078800000,52.217,120
1669165200000,54.135,136
1669251600000,55.056,163
1669338000000,56.993,153
1669424400000,54.602,172
1669510800000,53.195,132
1669597200000,51.574,125
1669683600000,52.958,131
1669770000000,54.781,147
1669856400000,57.783,161
1669942800000,59.516,202
1670029200000,60.507,232
1670115600000,60.571,131
1670202000000,58.904,127
1670288400000,59.956,144
1670374800000,59.699,136
1670461200000,59.48,172
1670547600000,59.284,112
1670634000000,57.391,145
1670720400000,55.269,138
1670806800000,57.403,139
1670893200000,55.445,114
1670979600000,56.723,142
1671066000000,56.52,139
1671152400000,56.067,127
1671238800000,57.524,154
1671325200000,56.289,129
1671411600000,56.771,117
1671498000000,56.128,112
1671584400000,57.036,138
1671670800000,57.186,165
1671757200000,57.956,195
1671843600000,58.604,159
1671930000000,59.159,176
1672016400000,57.165,137
1672102800000,57.099,140
1672189200000,54.338,149
1672275600000,56.918,153
1672362000000,58.729,157
1672448400000,57.969,155
1672534800000,57.359,132
1672621200000,57.821,169
1672707600000,57.315,144
1672794000000,57.364,160
1672880400000,57.048,129
1672966800000,58.716,225
1673053200000,58.736,203
1673139600000,59.449,131
1673226000000,59.867,128
1673312400000,58.334,114
1673398800000,60.422,180
1673485200000,60.871,147
1673571600000,61.487,141
1673658000000,62.341,213
1673744400000,61.869,166
1673830800000,60.498,150
1673917200000,63.64,186
1674003600000,62.452,153
1674090000000,62.786,130
1674176400000,63.677,144
1674262800000,64.563,173
1674349200000,64.331,152
1674435600000,63.867,154
1674522000000,64.653,139
1674608400000,63.408,151
1674694800000,64.181,147
1674781200000,64.025,159
1674867600000,66.031,173
1674954000000,66.26,160
1675040400000,64.88,123
1675126800000,66.129,153
1675213200000,67.284,154
1675299600000,67.313,129
1675386000000,66.533,129
1675472400000,66.911,160
1675558800000,68.17,207
1675645200000,68.357,116
1675731600000,69.177,152
1675818000000,71.283,181
1675904400000,70.877,170
1675990800000,70.221,202
1676077200000,69.582,241
1676163600000,69.121,161
1676250000000,68.959,198
1676336400000,69.367,176
1676422800000,70.056,184
1676509200000,71.418,156
1676595600000,71.911,162
1676682000000,71.305,204
1676768400000,70.168,145
1676854800000,69.236,141
1676941200000,68.559,138
1677027600000,70.669,158
1677114000000,69.366,147
1677200400000,69.088,174
1677286800000,69.265,187
1677373200000,67.019,177
1677459600000,66.411,134
1677546000000,68.363,141
1677632400000,68.762,159
1677718800000,70.345,195
1677805200000,73.18,237
1677891600000,75.736,219
1677978000000,75.704,185
1678064400000,75.128,167
1678150800000,77.448,182
1678237200000,77.361,147
1678323600000,78.807,191
1678410000000,78.692,162
1678496400000,80.799,197
1678582800000,79,150
1678669200000,76.107,106
1678755600000,78.023,196
1678842000000,77.829,130
1678928400000,80.982,227
1679014800000,79.194,215
1679101200000,79.926,184
1679187600000,78.401,201
1679274000000,80.31,183
1679360400000,78.287,158
1679446800000,79.343,191
1679533200000,79.823,252
1679619600000,79.132,195
1679706000000,81.599,189
1679792400000,79.969,208
1679878800000,82.732,227
1679965200000,83.698,224
1680051600000,87.275,158
1680138000000,91.547,202
1680224400000,92.852,177
1680310800000,94.036,205
1680397200000,93.554,210
1680483600000,94.842,220
1680570000000,94.804,175
1680656400000,93.879,191
1680742800000,92.121,224
1680829200000,91.54,153
1680915600000,88.087,154
1681002000000,92.537,289
1681088400000,95.485,224
1681174800000,93.394,210
1681261200000,95.054,239
1681347600000,97.443,166
1681434000000,96.988,186
1681520400000,94.67,168
1681606800000,95.71,192
1681693200000,93.949,200
1681779600000,94.925,173
1681866000000,94.535,203
1681952400000,97.858,92
1681974000000,94.33,7
1681977600000,96.543,4
1681981200000,94.368,4
1681984800000,96.769,3
1681988400000,97.3,3
1681992000000,89.26,9
1681995600000,95.292,12
1681999200000,97.57,4
1682002800000,90.845,8
1682006400000,97.015,5
1682010000000,90.65,3
1682013600000,94.283,14
1682017200000,94.67,2
1682020800000,96.99,9
1682024400000,97.896,22
1682028000000,96.6,13
1682031600000,98.561,21
1682035200000,99.13,19
1682038800000,99.56,12
1682042400000,99.72,18
1682046000000,99.99,14
1682049600000,99.615,10
1682053200000,100,16
1682056800000,92.69,7
1682060400000,99.005,5
1682064000000,98.78,7
1682067600000,96.013,5
1682071200000,99.279,7
1682074800000,98.993,6
1682078400000,96.636,7
1682082000000,98.741,10
1682085600000,98.025,12
1682089200000,99.281,18
1682092800000,98.61,16
1682096400000,98.878,14
1682100000000,97.741,22
1682103600000,100.746,33
1682107200000,100.34,22
1682110800000,102.165,29
1682114400000,103.36,58
1682118000000,106.81,17
1682121600000,105.73,14
1682125200000,105.325,12
1682128800000,105.5,5
1682132400000,106.8,15
1682136000000,109.816,29
1682139600000,108.804,14
1682143200000,112.49,12
1682146800000,113.53,13
1682150400000,112.825,8
1682154000000,104.822,11
1682157600000,111.56,15
1682161200000,110.206,10
1682164800000,109.166,9
1682168400000,112.661,15
1682172000000,110.992,6
1682175600000,109.821,6
1682179200000,102.97,4
1682182800000,98.683,7
1682186400000,101.02,9
1682190000000,96.9,12
1682193600000,100.07,14
1682197200000,98.716,10
1682200800000,104.05,16
1682204400000,106.366,14
1682208000000,109.14,17
1682211600000,111.79,14
1682215200000,113.05,10
1682218800000,113.74,13
1682222400000,114.75,9
1682226000000,115,9
1682229600000,115,5
1682233200000,114.56,7
1682236800000,114.577,5
1682240400000,114.04,8
1682244000000,114,7
1682247600000,112.619,2
1682251200000,109.836,4
1682254800000,100.545,6
1682258400000,97.603,5
1682262000000,105.53,13
1682265600000,107.059,13
1682269200000,109.84,11
1682272800000,98.814,2
1682276400000,107.13,16
1682280000000,106.48,22
1682283600000,111.918,15
1682287200000,105.05,9
1682290800000,99.976,12
1682294400000,110.147,8
1682298000000,112.75,9
1682301600000,105.45,5
1682305200000,112.57,4
1682308800000,112.4,11
1682312400000,113.63,7
1682316000000,109.73,13
1682319600000,108.039,4
1682323200000,110.104,4
1682326800000,109.841,7
1682330400000,95.22,1
1682334000000,87.283,4
1682337600000,105.434,13
1682341200000,109.827,14
1682344800000,109.709,12
1682348400000,103.901,7
1682352000000,103.342,12
1682355600000,108.56,7
1682359200000,98.844,9
1682362800000,100.041,5
1682366400000,96.487,3
1682370000000,98.766,17
1682373600000,98.173,17
1682377200000,109.347,23
1682380800000,110.12,12
1682384400000,110.127,11
1682388000000,108.99,13
1682391600000,104.89,3
1682395200000,96.69,7
1682398800000,102.285,4
1682402400000,91.99,12
1682406000000,91.846,5
1682409600000,94.173,17
1682413200000,101.19,4
1682416800000,98.041,8
1682420400000,105.236,6
1682424000000,96.894,3
1682427600000,91.024,4
1682431200000,95.871,8
1682434800000,98.091,12
1682438400000,98.193,9
1682442000000,97.746,8
1682445600000,98.81,13
1682449200000,92.46,14
1682452800000,94.654,4
1682456400000,88.35,8
1682460000000,91.355,12
1682463600000,90.975,4
1682467200000,92.71,14
1682470800000,95.83,10
1682474400000,92.39,9
1682478000000,92.4,5
1682481600000,95.17,14
1682485200000,97.905,8
1682488800000,98.595,10
1682492400000,99.21,3
1682496000000,83.418,4
1682499600000,87.49,5
1682503200000,87.475,10
1682506800000,93.421,17
1682510400000,96.363,7
1682514000000,95.982,5
1682517600000,91.554,6
1682521200000,90.08,6
1682524800000,92.795,9
1682528400000,88.68,17
1682532000000,87.94,9
1682535600000,96.828,8
1682539200000,95,15
1682542800000,88.621,9
1682546400000,89.53,4
1682550000000,96.11,20
1682553600000,97.47,9
1682557200000,96.109,6
1682560800000,96.602,3
1682564400000,95,4
1682568000000,89.732,4
1682571600000,93.071,4
1682575200000,96.08,13
1682578800000,97.46,10
1682582400000,94.664,1
1682586000000,94.666,7
1682593200000,87.99,1
1682596800000,93.611,6
1682600400000,72.53,1
1682604000000,85.06,5
1682607600000,86.922,12
1682611200000,88.91,10
1682614800000,96.711,23
1682618400000,90.667,4
1682622000000,94.13,12
1682625600000,92.157,12
1682629200000,91.644,10
1682632800000,88.57,10
1682636400000,88.67,7
1682640000000,93.64,9
1682643600000,97.245,22
1682647200000,98.808,26
1682650800000,99.47,9
1682654400000,100.009,9
1682658000000,95.61,7
1682661600000,101.204,12
1682665200000,102.48,10
1682668800000,102.316,5
1682672400000,101.48,5
1682676000000,101.56,1
1682679600000,91.633,5
1682683200000,100.42,7
1682686800000,98.512,5
1682690400000,95.451,5
1682694000000,95.368,6
1682697600000,90.28,7
1682701200000,92.979,9
1682704800000,92.997,8
1682708400000,95.464,7
1682712000000,95.99,15
1682715600000,94.66,7
1682719200000,89.96,5
1682722800000,94.434,10
1682726400000,96.602,9
1682730000000,97.43,13
1682733600000,98.435,12
1682737200000,99.99,13
1682740800000,100.46,7
1682744400000,100.839,21
1682748000000,98.22,8
1682751600000,101.23,5
1682755200000,93.265,4
1682758800000,86.83,2
1682762400000,97.341,5
1682766000000,88.576,5
1682769600000,94.005,6
1682773200000,89.859,7
1682776800000,93.533,6
1682780400000,92.313,5
1682784000000,88.121,9
1682787600000,93.532,11
1682791200000,96.62,11
1682794800000,90.037,10
1682798400000,92.313,9
1682802000000,89.595,15
1682805600000,93.52,11
1682809200000,99.68,27
1682812800000,98.99,3
1682816400000,100.11,10
1682820000000,89.96,7
1682823600000,100.11,15
1682827200000,98.726,4
1682830800000,100.4,7
1682834400000,100.449,8
1682838000000,97.682,8
1682841600000,100.045,8
1682845200000,100.43,7
1682848800000,98.848,5
1682852400000,84.771,3
1682856000000,87.509,5
1682859600000,90.253,8
1682863200000,92.422,1
1682866800000,92.432,11
1682870400000,88.156,10
1682874000000,93.52,13
1682877600000,99.29,27
1682881200000,95.471,8
1682884800000,99.002,11
1682888400000,92.42,6
1682892000000,94.51,4
1682895600000,92.94,7
1682899200000,94.21,15
1682902800000,94.988,10
1682906400000,95.82,11
1682910000000,98.901,8
1682913600000,99.02,7
1682917200000,95.708,4
1682920800000,95.353,5
1682924400000,83.53,1
1682928000000,95.52,10
1682931600000,92.13,1
1682938800000,93.53,7
1682942400000,93.77,8
1682946000000,93.776,7
1682949600000,85.698,2
1682953200000,91.069,9
1682956800000,86.652,6
1682960400000,88.853,6
1682964000000,93.75,7
1682967600000,89.677,8
1682971200000,91.322,15
1682974800000,82.5,9
1682978400000,88.56,23
1682982000000,91.21,10
1682985600000,93.639,19
1682989200000,94.058,11
1682992800000,95.016,12
1682996400000,96.915,10
1683000000000,95,5
1683003600000,93.79,14
1683007200000,97.45,17
1683010800000,91.22,5
1683014400000,91.988,3
1683018000000,93.463,5
1683021600000,87.113,2
1683025200000,88.384,4
1683028800000,92.756,6
1683032400000,92.76,1
1683036000000,91.116,3
1683039600000,90.808,10
1683043200000,94.358,8
1683046800000,93.12,15
1683050400000,89.243,9
1683054000000,91.46,13
1683057600000,93.63,12
1683061200000,96.125,23
1683064800000,94.401,18
1683068400000,94.985,6
1683072000000,92,7
1683075600000,93.08,13
1683079200000,94.966,9
1683082800000,96.906,10
1683086400000,97.01,9
1683090000000,97.24,19
1683093600000,97.865,9
1683097200000,98.526,4
1683100800000,97.55,5
1683104400000,97.77,22
1683108000000,96.4,5
1683111600000,94.275,4
1683115200000,88.303,2
1683118800000,87.606,1
1683122400000,93.088,11
1683126000000,87.233,7
1683129600000,88.13,5
1683133200000,89.503,6
1683136800000,91.983,5
1683140400000,88.307,10
1683144000000,90.69,16
1683147600000,93.714,12
1683151200000,83.34,5
1683154800000,92.664,14
1683158400000,90.23,6
1683162000000,95,13
1683165600000,93.89,7
1683169200000,97.155,16
1683172800000,97.75,11
1683176400000,98.612,14
1683180000000,99.21,13
1683183600000,95.22,5
1683187200000,99.43,5
1683190800000,93.844,2
1683198000000,95.148,5
1683201600000,98.972,14
1683205200000,94.997,1
1683208800000,91.702,6
1683212400000,95.047,16
1683216000000,97.47,6
1683219600000,95.979,10
1683223200000,94.45,6
1683226800000,91.59,15
1683230400000,99.266,6
1683234000000,99.29,13
1683237600000,98.895,14
1683241200000,99.37,7
1683244800000,94.553,2
1683248400000,99.693,13
1683252000000,93.783,4
1683255600000,94.29,14
1683259200000,99.49,10
1683262800000,98.359,6
1683266400000,98.14,4
1683270000000,97.026,18
1683273600000,97.36,3
1683277200000,97.53,7
1683280800000,87.084,5
1683284400000,92.339,5
1683288000000,94.565,14
1683291600000,88.874,10
1683295200000,91.34,9
1683298800000,91.932,5
1683302400000,86.347,4
1683306000000,89.759,14
1683309600000,91.676,8
1683313200000,92.244,12
1683316800000,91.601,7
1683320400000,90.484,8
1683324000000,89.674,15
1683327600000,92.77,9
1683331200000,91.215,14
1683334800000,93.045,13
1683338400000,95.48,7
1683342000000,96.471,14
1683345600000,95.361,8
1683349200000,95.865,10
1683352800000,96,15
1683356400000,93.353,14
1683360000000,93.225,8
1683363600000,91.742,7
1683367200000,88.4,1
1683370800000,82.079,10
1683374400000,81.99,3
1683378000000,82.08,7
1683381600000,85.852,2
1683385200000,82,10
1683388800000,86.324,4
1683392400000,85.467,11
1683396000000,85.355,8
1683399600000,85.292,17
1683403200000,86.555,11
1683406800000,90.465,19
1683410400000,92.73,14
1683414000000,90.939,5
1683417600000,88.49,11
1683421200000,94.09,11
1683424800000,94.592,6
1683428400000,95.181,8
1683432000000,95.28,15
1683435600000,95.29,15
1683439200000,95.115,8
1683442800000,95.42,3
1683446400000,95.703,7
1683453600000,87.873,3
1683457200000,91.662,8
1683460800000,93.175,8
1683464400000,88.409,9
1683468000000,85.201,5
1683471600000,89.381,10
1683475200000,86.369,5
1683478800000,88.482,8
1683482400000,83,7
1683486000000,90.088,8
1683489600000,81.972,12
1683493200000,89.015,12
1683496800000,89.977,7
1683500400000,81.28,7
1683504000000,88.762,23
1683507600000,93.63,15
1683511200000,94.438,4
1683514800000,94.57,12
1683518400000,94.57,16
1683522000000,94.665,8
1683525600000,92,4
1683529200000,94.57,13
1683532800000,93.85,5
1683536400000,94.57,7
1683540000000,87.23,4
1683543600000,84.26,4
1683547200000,86.478,2
1683550800000,82.482,5
1683554400000,82.19,2
1683558000000,85.673,4
1683561600000,84.532,5
1683565200000,82.37,5
1683568800000,80.18,7
1683572400000,82.955,2
1683576000000,82.475,18
1683579600000,85.806,8
1683583200000,85.2,18
1683586800000,90.9,11
1683590400000,91.68,11
1683594000000,91.925,16
1683597600000,92.7,15
1683601200000,93.2,5
1683604800000,93.47,19
1683608400000,93.15,9
1683612000000,94.171,14
1683615600000,92.74,4
1683619200000,94.32,3
1683622800000,94.13,3
1683626400000,94.106,1
1683633600000,91.52,8
1683637200000,88.953,4
1683640800000,89.745,10
1683644400000,90.207,6
1683648000000,79.804,13
1683651600000,79,7
1683655200000,90.032,12
1683658800000,89.797,7
1683662400000,83.58,11
1683666000000,81.384,2
1683669600000,88.04,7
1683673200000,87.636,8
1683676800000,88.534,4
1683680400000,89.964,3
1683684000000,87.65,4
1683687600000,90.85,15
1683691200000,91.19,4
1683694800000,91.065,2
1683698400000,90.005,8
1683702000000,91.9,6
1683705600000,92.06,4
1683709200000,88.93,1
1683712800000,88.777,4
1683716400000,86.36,3
1683720000000,87.99,3
1683723600000,88.088,11
1683727200000,90.07,9
1683730800000,88.043,9
1683734400000,88.549,9
1683738000000,88.28,7
1683741600000,88.739,6
1683745200000,87.99,7
1683748800000,80.641,8
1683752400000,82.11,8
1683756000000,82.68,3
1683759600000,84.357,7
1683763200000,86.747,6
1683766800000,87.27,8
1683770400000,89.44,17
1683774000000,90.27,7
1683777600000,89.891,3
1683781200000,86.25,3
1683784800000,86.465,8
1683788400000,90.25,17
1683792000000,90.699,1
1683795600000,90.69,3
1683799200000,90.472,5
1683802800000,90.605,7
1683806400000,89.602,3
1683810000000,90.699,9
1683813600000,87.589,4
1683817200000,86.262,8
1683820800000,88.32,3
1683824400000,88.383,20
1683828000000,89.621,10
1683831600000,89.21,13
1683835200000,89.441,6
1683838800000,87.488,8
1683842400000,87.09,9
1683846000000,89.07,12
1683849600000,89.47,13
1683853200000,90.32,16
1683856800000,90.545,8
1683860400000,91.601,20
1683864000000,92.277,15
1683867600000,93.35,15
1683871200000,93.14,6
1683874800000,93.335,4
1683878400000,90.29,7
1683882000000,92,6
1683885600000,91.61,3
1683889200000,91.052,1
1683892800000,84,5
1683896400000,88.37,7
1683900000000,89.9,9
1683903600000,87.278,2
1683907200000,86.229,6
1683910800000,90.36,7
1683914400000,85.764,9
1683918000000,85.988,10
1683921600000,85.1,7
1683925200000,86.18,7
1683928800000,86.745,13
1683932400000,90.062,15
1683936000000,90.875,10
1683939600000,91.37,8
1683943200000,91.68,4
1683946800000,91.688,11
1683950400000,92,12
1683954000000,91.999,23
1683957600000,92.799,20
1683961200000,91.074,12
1683964800000,84.637,3
1683968400000,84.922,2
1683972000000,90.13,9
1683975600000,87.64,4
1683979200000,91.96,20
1683982800000,92.769,11
1683986400000,93.454,11
1683990000000,89.36,6
1683993600000,93.462,11
1683997200000,87.547,5
1684000800000,84.055,5
1684004400000,89.189,11
1684008000000,91.612,15
1684011600000,89.6,3
1684015200000,87.552,3
1684018800000,83.17,5
1684022400000,87.012,8
1684026000000,91.36,8
1684029600000,91.922,3
1684033200000,92.555,6
1684036800000,93.102,10
1684040400000,93.65,9
1684044000000,93,15
1684047600000,93.79,10
1684051200000,91.17,3
1684054800000,80.772,6
1684058400000,90.845,9
1684062000000,93.401,7
1684065600000,93.4,12
1684069200000,90.845,5
1684072800000,90.713,2
1684076400000,90.481,12
1684080000000,86.995,3
1684083600000,88.004,4
1684087200000,85.044,10
1684090800000,84.076,1
1684094400000,87.543,15
1684098000000,86.875,10
1684101600000,89.426,3
1684105200000,88.1,5
1684108800000,90,7
1684112400000,90.62,9
1684116000000,92.118,18
1684119600000,93.18,19
1684123200000,93.495,8
1684126800000,93.53,3
1684130400000,93.53,6
1684134000000,93.56,5
1684137600000,91.867,1
1684141200000,90.695,2
1684144800000,92.26,23
1684148400000,94.098,8
1684152000000,93.254,3
1684155600000,93.313,8
1684159200000,87.548,5
1684162800000,89.95,5
1684166400000,91.264,6
1684170000000,92,15
1684173600000,92.281,8
1684177200000,88.969,14
1684180800000,93.261,12
1684184400000,90.82,13
1684188000000,92.25,13
1684191600000,92.48,16
1684195200000,91.643,10
1684198800000,93.47,6
1684202400000,93.98,12
1684206000000,93.95,2
1684209600000,94.39,9
1684213200000,94.39,5
1684216800000,86.246,3
1684220400000,82.49,5
1684224000000,90.955,4
1684227600000,91.89,9
1684231200000,89.065,8
1684234800000,92.847,1
1684238400000,92.84,10
1684242000000,87.841,1
1684245600000,87.591,5
1684249200000,86.999,3
1684252800000,84.007,3
1684256400000,86.999,10
1684260000000,87.82,2
1684263600000,86.993,9
1684267200000,89.032,17
1684270800000,89.172,14
1684274400000,88.345,9
1684278000000,90.714,1
1684281600000,92.4,22
1684285200000,92.4,5
1684288800000,93.494,20
1684292400000,94,17
1684296000000,94.21,4
1684299600000,94.23,5
1684303200000,94.255,4
1684306800000,94.339,10
1684310400000,94.5,12
1684314000000,93.31,5
1684317600000,91.955,4
1684321200000,91.97,7
1684324800000,92.745,1
1684328400000,80.884,7
1684332000000,81.545,5
1684335600000,86.941,12
1684339200000,89.49,5
1684342800000,89.64,10
1684346400000,86.966,7
1684350000000,87.108,6
1684353600000,86.89,7
1684357200000,86.518,15
1684360800000,85.345,12
1684364400000,89.898,10
1684368000000,91.341,25
1684371600000,93.03,9
1684375200000,93.561,13
1684378800000,94.67,13
1684382400000,94.999,13
1684386000000,94.19,3
1684389600000,89.506,4
1684393200000,92.759,4
1684396800000,93.013,3
1684400400000,94.26,8
1684404000000,94.02,7
1684407600000,89.77,6
1684411200000,82,2
1684414800000,87.051,7
1684418400000,91.944,16
1684422000000,93.2,14
1684425600000,88.307,6
1684429200000,94.056,10
1684432800000,89.48,4
1684436400000,90.365,10
1684440000000,92.73,9
1684443600000,83.117,4
1684447200000,89.92,5
1684450800000,87.99,7
1684454400000,90.56,9
1684458000000,90.505,6
1684461600000,88.43,7
1684465200000,91.05,7
1684468800000,92.366,6
1684472400000,92.37,9
1684476000000,92.37,8
1684479600000,92.903,6
1684483200000,86.97,5
1684486800000,83.46,8
1684490400000,86.27,5
1684494000000,89.82,12
1684497600000,90.658,4
1684501200000,82.022,1
1684504800000,86.491,11
1684508400000,89.791,11
1684512000000,91.651,19
1684515600000,88.562,6
1684519200000,92.12,25
1684522800000,93.801,8
1684526400000,86.274,3
1684530000000,87.53,13
1684533600000,88.82,13
1684537200000,87.175,8
1684540800000,86.55,4
1684544400000,90.795,6
1684548000000,91.59,15
1684551600000,94.19,14
1684555200000,94.43,12
1684558800000,94.768,9
