timestamp,price_dollar,sells
1385600400000,2.905,25
1385686800000,1.829,61
1385773200000,1.681,88
1385859600000,1.513,103
1385946000000,1.316,95
1386032400000,1.392,87
1386118800000,1.345,79
1386205200000,1.33,88
1386291600000,1.215,112
1386378000000,1.256,109
1386464400000,1.191,139
1386550800000,1.119,119
1386637200000,1.155,96
1386723600000,1.131,99
1386810000000,1.119,96
1386896400000,0.991,115
1386982800000,0.952,165
1387069200000,0.955,130
1387155600000,0.852,136
1387242000000,0.824,132
1387328400000,0.863,122
1387414800000,0.73,133
1387501200000,0.586,244
1387587600000,0.644,244
1387674000000,0.653,208
1387760400000,0.679,239
1387846800000,0.755,213
1387933200000,0.84,140
1388019600000,0.835,208
1388106000000,0.81,208
1388192400000,0.794,215
1388278800000,0.731,211
1388365200000,0.678,290
1388451600000,0.697,224
1388538000000,0.736,208
1388624400000,0.629,248
1388710800000,0.569,214
1388797200000,0.636,307
1388883600000,0.638,308
1388970000000,0.687,263
1389056400000,0.658,251
1389142800000,0.684,208
1389229200000,0.627,263
1389315600000,0.648,261
1389402000000,0.721,241
1389488400000,0.649,270
1389574800000,0.593,254
1389661200000,0.567,244
1389747600000,0.564,261
1389834000000,0.546,240
1389920400000,0.551,246
1390006800000,0.548,363
1390093200000,0.54,341
1390179600000,0.504,283
1390266000000,0.529,304
1390352400000,0.529,261
1390438800000,0.489,261
1390525200000,0.488,289
1390611600000,0.479,337
1390698000000,0.437,398
1390784400000,0.4,351
1390870800000,0.406,329
1390957200000,0.408,324
1391043600000,0.388,327
1391130000000,0.401,353
1391216400000,0.427,368
1391302800000,0.421,390
1391389200000,0.399,334
1391475600000,0.389,309
1391562000000,0.37,313
1391648400000,0.386,421
1391734800000,0.451,440
1391821200000,0.457,478
1391907600000,0.449,472
1391994000000,0.422,354
1392080400000,0.424,361
1392166800000,0.411,345
1392253200000,0.371,304
1392339600000,0.354,400
1392426000000,0.346,436
1392512400000,0.328,412
1392598800000,0.303,339
1392685200000,0.283,356
1392771600000,0.283,292
1392858000000,0.28,330
1392944400000,0.248,357
1393030800000,0.227,429
1393117200000,0.236,464
1393203600000,0.248,393
1393290000000,0.268,383
1393376400000,0.252,340
1393462800000,0.246,369
1393549200000,0.241,439
1393635600000,0.254,516
1393722000000,0.261,476
1393808400000,0.271,408
1393894800000,0.256,295
1393981200000,0.252,341
1394067600000,0.268,330
1394154000000,0.243,405
1394240400000,0.238,494
1394326800000,0.227,475
1394413200000,0.231,408
1394499600000,0.225,370
1394586000000,0.241,361
1394672400000,0.242,289
1394758800000,0.243,357
1394845200000,0.208,548
1394931600000,0.196,595
1395018000000,0.203,449
1395104400000,0.236,469
1395190800000,0.241,492
1395277200000,0.252,387
1395363600000,0.251,429
1395450000000,0.24,565
1395536400000,0.235,508
1395622800000,0.235,423
1395709200000,0.244,356
1395795600000,0.254,387
1395882000000,0.244,434
1395968400000,0.249,431
1396054800000,0.241,537
1396141200000,0.224,557
1396227600000,0.23,484
1396314000000,0.243,328
1396400400000,0.228,427
1396486800000,0.23,412
1396573200000,0.217,481
1396659600000,0.221,573
1396746000000,0.224,536
1396832400000,0.221,464
1396918800000,0.216,393
1397005200000,0.217,409
1397091600000,0.218,418
1397178000000,0.21,473
1397264400000,0.202,468
1397350800000,0.191,535
1397437200000,0.189,516
1397523600000,0.193,477
1397610000000,0.177,464
1397696400000,0.172,506
1397782800000,0.173,583
1397869200000,0.188,579
1397955600000,0.185,575
1398042000000,0.174,558
1398128400000,0.184,529
1398214800000,0.186,516
1398301200000,0.182,483
1398387600000,0.184,544
1398474000000,0.183,593
1398560400000,0.184,636
1398646800000,0.179,524
1398733200000,0.174,499
1398819600000,0.169,514
1398906000000,0.163,557
1398992400000,0.148,420
1399078800000,0.143,606
1399165200000,0.145,762
1399251600000,0.139,615
1399338000000,0.135,639
1399424400000,0.138,706
1399510800000,0.147,742
1399597200000,0.131,642
1399683600000,0.12,879
1399770000000,0.114,795
1399856400000,0.114,654
1399942800000,0.121,605
1400029200000,0.111,636
1400115600000,0.112,863
1400202000000,0.112,785
1400288400000,0.116,840
1400374800000,0.11,796
1400461200000,0.111,754
1400547600000,0.115,688
1400634000000,0.109,680
1400720400000,0.104,605
1400806800000,0.102,729
1400893200000,0.106,778
1400979600000,0.106,763
1401066000000,0.106,708
1401152400000,0.112,631
1401238800000,0.1,688
1401325200000,0.105,747
1401411600000,0.107,631
1401498000000,0.102,701
1401584400000,0.103,688
1401670800000,0.094,735
1401757200000,0.099,729
1401843600000,0.096,665
1401930000000,0.095,678
1402016400000,0.097,709
1402102800000,0.096,795
1402189200000,0.092,760
1402275600000,0.099,722
1402362000000,0.101,656
1402448400000,0.089,695
1402534800000,0.087,721
1402621200000,0.098,699
1402707600000,0.096,801
1402794000000,0.095,800
1402880400000,0.096,798
1402966800000,0.086,801
1403053200000,0.079,747
1403139600000,0.073,811
1403226000000,0.062,892
1403312400000,0.061,880
1403398800000,0.065,830
1403485200000,0.061,855
1403571600000,0.058,889
1403658000000,0.06,850
1403744400000,0.065,919
1403830800000,0.076,913
1403917200000,0.077,864
1404003600000,0.071,945
1404090000000,0.076,969
1404176400000,0.091,966
1404262800000,0.068,902
1404349200000,0.069,860
1404435600000,0.074,792
1404522000000,0.082,782
1404608400000,0.086,807
1404694800000,0.099,852
1404781200000,0.097,764
1404867600000,0.097,848
1404954000000,0.088,886
1405040400000,0.087,894
1405126800000,0.09,933
1405213200000,0.094,986
1405299600000,0.094,916
1405386000000,0.093,873
1405472400000,0.093,992
1405558800000,0.096,946
1405645200000,0.095,833
1405731600000,0.095,892
1405818000000,0.086,957
1405904400000,0.09,924
1405990800000,0.091,938
1406077200000,0.093,926
1406163600000,0.093,840
1406250000000,0.089,984
1406336400000,0.089,964
1406422800000,0.092,993
1406509200000,0.091,1011
1406595600000,0.092,1009
1406682000000,0.098,986
1406768400000,0.098,928
1406854800000,0.095,1060
1406941200000,0.096,1084
1407027600000,0.092,1083
1407114000000,0.099,1053
1407200400000,0.079,1129
1407286800000,0.081,1197
1407373200000,0.085,978
1407459600000,0.089,1077
1407546000000,0.088,1044
1407632400000,0.091,991
1407718800000,0.088,1081
1407805200000,0.09,1158
1407891600000,0.092,1049
1407978000000,0.09,1043
1408064400000,0.086,1097
1408150800000,0.088,1201
1408237200000,0.061,1465
1408323600000,0.064,1060
1408410000000,0.078,1163
1408496400000,0.088,1122
1408582800000,0.087,1055
1408669200000,0.09,1072
1408755600000,0.09,1122
1408842000000,0.094,1066
1408928400000,0.09,1111
1409014800000,0.096,1077
1409101200000,0.098,1036
1409187600000,0.1,1083
1409274000000,0.097,1144
1409360400000,0.097,1232
1409446800000,0.098,1173
1409533200000,0.099,1014
1409619600000,0.095,977
1409706000000,0.097,960
1409792400000,0.091,955
1409878800000,0.087,1078
1409965200000,0.094,1271
1410051600000,0.099,1196
1410138000000,0.094,880
1410224400000,0.094,901
1410310800000,0.097,925
1410397200000,0.087,1009
1410483600000,0.078,1161
1410570000000,0.082,1432
1410656400000,0.082,1253
1410742800000,0.082,917
1410829200000,0.085,967
1410915600000,0.082,922
1411002000000,0.079,981
1411088400000,0.083,986
1411174800000,0.081,1279
1411261200000,0.081,1085
1411347600000,0.075,888
1411434000000,0.079,890
1411520400000,0.075,867
1411606800000,0.084,838
1411693200000,0.079,1067
1411779600000,0.079,1245
1411866000000,0.081,1165
1411952400000,0.078,861
1412038800000,0.075,863
1412125200000,0.081,955
1412211600000,0.083,947
1412298000000,0.082,1114
1412384400000,0.083,1220
1412470800000,0.082,1285
1412557200000,0.084,957
1412643600000,0.085,894
1412730000000,0.082,916
1412816400000,0.082,879
1412902800000,0.079,1149
1412989200000,0.081,1336
1413075600000,0.081,1260
1413162000000,0.081,1049
1413248400000,0.088,994
1413334800000,0.084,978
1413421200000,0.082,990
1413507600000,0.078,1152
1413594000000,0.077,1390
1413680400000,0.073,1232
1413766800000,0.073,969
1413853200000,0.078,861
1413939600000,0.078,889
1414026000000,0.085,1110
1414112400000,0.081,1125
1414198800000,0.082,1144
1414285200000,0.07,1462
1414371600000,0.073,1067
1414458000000,0.074,1064
1414544400000,0.077,989
1414630800000,0.086,859
1414717200000,0.068,1353
1414803600000,0.073,1273
1414890000000,0.07,1474
1414976400000,0.07,1041
1415062800000,0.072,1020
1415149200000,0.075,988
1415235600000,0.074,1020
1415322000000,0.077,1049
1415408400000,0.075,1387
1415494800000,0.074,1258
1415581200000,0.071,1006
1415667600000,0.068,989
1415754000000,0.052,1029
1415840400000,0.046,1081
1415926800000,0.053,1137
1416013200000,0.059,1395
1416099600000,0.06,1245
1416186000000,0.061,958
1416272400000,0.059,933
1416358800000,0.061,908
1416445200000,0.059,1019
1416531600000,0.06,1119
1416618000000,0.058,1128
1416704400000,0.055,1040
1416790800000,0.057,1016
1416877200000,0.057,866
1416963600000,0.055,939
1417050000000,0.052,1165
1417136400000,0.052,1195
1417222800000,0.076,255
1417309200000,0.055,1798
1417395600000,0.045,1285
1417482000000,0.052,1249
1417568400000,0.061,1339
1417654800000,0.067,1000
1417741200000,0.069,1466
1417827600000,0.072,1696
1417914000000,0.071,1548
1418000400000,0.071,1206
1418086800000,0.07,1124
1418173200000,0.067,1236
1418259600000,0.072,1301
1418346000000,0.063,1372
1418432400000,0.065,1721
1418518800000,0.065,1653
1418605200000,0.057,1379
1418691600000,0.052,1392
1418778000000,0.063,1347
1418864400000,0.066,1331
1418950800000,0.06,1437
1419037200000,0.058,1502
1419123600000,0.058,1532
1419210000000,0.058,1456
1419296400000,0.057,1256
1419382800000,0.058,1289
1419469200000,0.065,1381
1419555600000,0.065,1555
1419642000000,0.066,2008
1419728400000,0.071,2084
1419814800000,0.074,1913
1419901200000,0.074,2139
1419987600000,0.074,1909
1420074000000,0.076,1670
1420160400000,0.078,2216
1420246800000,0.08,2104
1420333200000,0.082,2074
1420419600000,0.079,2074
1420506000000,0.078,1955
1420592400000,0.08,1618
1420678800000,0.079,2024
1420765200000,0.078,2305
1420851600000,0.076,2614
1420938000000,0.075,2535
1421024400000,0.075,2161
1421110800000,0.079,2159
1421197200000,0.075,2143
1421283600000,0.077,2154
1421370000000,0.077,2495
1421456400000,0.076,2624
1421542800000,0.078,2802
1421629200000,0.074,2296
1421715600000,0.076,2225
1421802000000,0.074,2222
1421888400000,0.077,2163
1421974800000,0.079,2506
1422061200000,0.082,2559
1422147600000,0.075,3106
1422234000000,0.075,2371
1422320400000,0.075,2353
1422406800000,0.077,2165
1422493200000,0.073,2427
1422579600000,0.072,2760
1422666000000,0.075,3169
1422752400000,0.072,3457
1422838800000,0.071,2446
1422925200000,0.073,2365
1423011600000,0.073,2358
1423098000000,0.07,2171
1423184400000,0.068,2724
1423270800000,0.075,2908
1423357200000,0.069,2823
1423443600000,0.072,2251
1423530000000,0.072,2003
1423616400000,0.069,2376
1423702800000,0.07,2349
1423789200000,0.069,2568
1423875600000,0.072,2938
1423962000000,0.069,2860
1424048400000,0.068,2454
1424134800000,0.068,2294
1424221200000,0.071,2253
1424307600000,0.07,2161
1424394000000,0.07,2520
1424480400000,0.073,2704
1424566800000,0.073,2867
1424653200000,0.072,2436
1424739600000,0.073,2347
1424826000000,0.072,2180
1424912400000,0.075,2070
1424998800000,0.071,2404
1425085200000,0.069,2723
1425171600000,0.068,2561
1425258000000,0.065,2102
1425344400000,0.068,2077
1425430800000,0.066,2141
1425517200000,0.066,2040
1425603600000,0.068,2433
1425690000000,0.066,2796
1425776400000,0.067,2759
1425862800000,0.065,2438
1425949200000,0.065,1916
1426035600000,0.065,1843
1426122000000,0.064,1804
1426208400000,0.062,2433
1426294800000,0.061,2970
1426381200000,0.052,3152
1426467600000,0.048,2461
1426554000000,0.056,2135
1426640400000,0.062,2065
1426726800000,0.066,2035
1426813200000,0.068,2451
1426899600000,0.065,3008
1426986000000,0.065,2817
1427072400000,0.063,2546
1427158800000,0.066,2495
1427245200000,0.07,2455
1427331600000,0.068,2475
1427418000000,0.069,2785
1427504400000,0.066,3025
1427590800000,0.066,2958
1427677200000,0.065,2507
1427763600000,0.065,2383
1427850000000,0.067,3246
1427936400000,0.07,2869
1428022800000,0.073,2805
1428109200000,0.067,3631
1428195600000,0.07,3055
1428282000000,0.07,2761
1428368400000,0.072,2578
1428454800000,0.073,2593
1428541200000,0.075,2477
1428627600000,0.075,2014
1428714000000,0.072,3109
1428800400000,0.071,2958
1428886800000,0.072,2432
1428973200000,0.073,2281
1429059600000,0.073,2128
1429146000000,0.061,2373
1429232400000,0.054,2886
1429318800000,0.057,3351
1429405200000,0.055,3103
1429491600000,0.055,2941
1429578000000,0.055,2709
1429664400000,0.056,2673
1429750800000,0.058,2647
1429837200000,0.058,2843
1429923600000,0.057,3319
1430010000000,0.057,3045
1430096400000,0.056,2634
1430182800000,0.057,2627
1430269200000,0.056,2320
1430355600000,0.057,2946
1430442000000,0.057,2559
1430528400000,0.057,3300
1430614800000,0.058,3146
1430701200000,0.055,2672
1430787600000,0.057,2452
1430874000000,0.057,2388
1430960400000,0.058,2320
1431046800000,0.056,2780
1431133200000,0.054,3075
1431219600000,0.056,3212
1431306000000,0.055,2502
1431392400000,0.058,2374
1431478800000,0.059,2381
1431565200000,0.059,2460
1431651600000,0.059,2312
1431738000000,0.059,2990
1431824400000,0.055,2781
1431910800000,0.057,2255
1431997200000,0.059,2065
1432083600000,0.058,2031
1432170000000,0.059,2106
1432256400000,0.058,2504
1432342800000,0.06,2794
1432429200000,0.061,2452
1432515600000,0.059,2020
1432602000000,0.056,2538
1432688400000,0.041,2916
1432774800000,0.038,2711
1432861200000,0.045,2781
1432947600000,0.049,2792
1433034000000,0.052,2698
1433120400000,0.051,2473
1433206800000,0.052,2399
1433293200000,0.054,2736
1433379600000,0.051,2543
1433466000000,0.047,2484
1433552400000,0.047,2391
1433638800000,0.049,2344
1433725200000,0.049,2140
1433811600000,0.049,1907
1433898000000,0.05,2566
1433984400000,0.047,1859
1434070800000,0.041,2019
1434157200000,0.04,2052
1434243600000,0.039,2377
1434330000000,0.036,1906
1434416400000,0.038,1989
1434502800000,0.039,2242
1434589200000,0.041,1916
1434675600000,0.038,2017
1434762000000,0.041,2540
1434848400000,0.039,2348
1434934800000,0.04,1876
1435021200000,0.043,1722
1435107600000,0.044,2038
1435194000000,0.045,2133
1435280400000,0.045,2135
1435366800000,0.048,2197
1435453200000,0.049,2155
1435539600000,0.05,1988
1435626000000,0.051,2303
1435712400000,0.05,2284
1435798800000,0.049,2097
1435885200000,0.05,1681
1435971600000,0.047,1499
1436058000000,0.047,1641
1436144400000,0.05,1855
1436230800000,0.048,1704
1436317200000,0.047,2027
1436403600000,0.048,1854
1436490000000,0.05,1660
1436576400000,0.049,1882
1436662800000,0.048,1846
1436749200000,0.047,2005
1436835600000,0.05,1766
1436922000000,0.049,2108
1437008400000,0.047,1968
1437094800000,0.048,1804
1437181200000,0.047,1776
1437267600000,0.051,1912
1437354000000,0.051,1893
1437440400000,0.049,1814
1437526800000,0.05,1878
1437613200000,0.047,1990
1437699600000,0.047,1887
1437786000000,0.051,1624
1437872400000,0.047,1516
1437958800000,0.049,1852
1438045200000,0.047,1574
1438131600000,0.045,1776
1438218000000,0.043,1835
1438304400000,0.044,1881
1438390800000,0.044,1730
1438477200000,0.042,1856
1438563600000,0.044,1893
1438650000000,0.044,1716
1438736400000,0.043,2013
1438822800000,0.042,2051
1438909200000,0.042,1847
1438995600000,0.044,1696
1439082000000,0.043,1886
1439168400000,0.045,1811
1439254800000,0.044,1805
1439341200000,0.043,1889
1439427600000,0.041,1890
1439514000000,0.042,1835
1439600400000,0.037,1525
1439686800000,0.035,1429
1439773200000,0.037,1590
1439859600000,0.037,1471
1439946000000,0.037,1677
1440032400000,0.033,1557
1440118800000,0.033,1680
1440205200000,0.033,1851
1440291600000,0.03,1817
1440378000000,0.03,2010
1440464400000,0.036,1772
1440550800000,0.035,2091
1440637200000,0.039,2414
1440723600000,0.039,2243
1440810000000,0.04,2111
1440896400000,0.042,2363
1440982800000,0.044,2046
1441069200000,0.044,1585
1441155600000,0.045,1809
1441242000000,0.043,1802
1441328400000,0.044,1818
1441414800000,0.043,2639
1441501200000,0.043,2135
1441587600000,0.045,1608
1441674000000,0.047,1748
1441760400000,0.047,1653
1441846800000,0.043,1860
1441933200000,0.043,2050
1442019600000,0.045,2313
1442106000000,0.044,2375
1442192400000,0.047,1774
1442278800000,0.044,1403
1442365200000,0.044,2294
1442451600000,0.043,1933
1442538000000,0.041,2369
1442624400000,0.042,2560
1442710800000,0.043,2688
1442797200000,0.041,2115
1442883600000,0.045,2251
1442970000000,0.046,2688
1443056400000,0.044,2301
1443142800000,0.044,2558
1443229200000,0.045,3146
1443315600000,0.046,3037
1443402000000,0.048,1996
1443488400000,0.047,1996
1443574800000,0.044,2268
1443661200000,0.046,2521
1443747600000,0.045,2554
1443834000000,0.045,2695
1443920400000,0.045,2343
1444006800000,0.047,2040
1444093200000,0.047,1813
1444179600000,0.045,2283
1444266000000,0.044,2021
1444352400000,0.045,2243
1444438800000,0.046,2467
1444525200000,0.046,2569
1444611600000,0.048,1754
1444698000000,0.046,1734
1444784400000,0.047,2363
1444870800000,0.042,1941
1444957200000,0.042,1715
1445043600000,0.042,2262
1445130000000,0.039,2126
1445216400000,0.04,1445
1445302800000,0.04,1490
1445389200000,0.037,2080
1445475600000,0.033,1572
1445562000000,0.034,2278
1445648400000,0.036,2517
1445734800000,0.034,2342
1445821200000,0.036,1884
1445907600000,0.037,1726
1445994000000,0.035,2129
1446080400000,0.032,1902
1446166800000,0.032,2356
1446253200000,0.03,2373
1446339600000,0.03,2617
1446426000000,0.03,2009
1446512400000,0.03,2182
1446598800000,0.03,2254
1446685200000,0.032,1934
1446771600000,0.036,2360
1446858000000,0.035,2512
1446944400000,0.033,2545
1447030800000,0.037,1677
1447117200000,0.036,1598
1447203600000,0.036,1872
1447290000000,0.033,1845
1447376400000,0.035,2038
1447462800000,0.034,2346
1447549200000,0.036,2348
1447635600000,0.035,1867
1447722000000,0.037,1980
1447808400000,0.035,2044
1447894800000,0.037,2109
1447981200000,0.034,2212
1448067600000,0.035,2483
1448154000000,0.032,2092
1448240400000,0.03,1499
1448326800000,0.031,1984
1448413200000,0.033,2077
1448499600000,0.03,2171
1448586000000,0.03,2250
1448672400000,0.03,2748
1448758800000,0.03,2653
1448845200000,0.03,1777
1448931600000,0.03,1632
1449018000000,0.032,1973
1449104400000,0.033,1809
1449190800000,0.035,2129
1449277200000,0.035,2692
1449363600000,0.036,2544
1449450000000,0.036,2027
1449536400000,0.037,1782
1449622800000,0.03,3133
1449709200000,0.032,2537
1449795600000,0.033,2730
1449882000000,0.036,3495
1449968400000,0.036,2991
1450054800000,0.038,2564
1450141200000,0.038,2190
1450227600000,0.037,2447
1450314000000,0.035,2024
1450400400000,0.037,2278
1450486800000,0.035,2614
1450573200000,0.036,2512
1450659600000,0.034,1915
1450746000000,0.035,2007
1450832400000,0.03,2514
1450918800000,0.03,2075
1451005200000,0.03,2224
1451091600000,0.03,2416
1451178000000,0.03,2434
1451264400000,0.03,2332
1451350800000,0.032,2433
1451437200000,0.03,2636
1451523600000,0.03,2181
1451610000000,0.03,2432
1451696400000,0.03,2594
1451782800000,0.03,2319
1451869200000,0.03,2310
1451955600000,0.033,2027
1452042000000,0.03,2182
1452128400000,0.03,1948
1452214800000,0.032,2413
1452301200000,0.032,2513
1452387600000,0.033,2238
1452474000000,0.034,1895
1452560400000,0.032,1817
1452646800000,0.033,1947
1452733200000,0.032,1840
1452819600000,0.033,2202
1452906000000,0.032,2213
1452992400000,0.033,2321
1453078800000,0.035,1887
1453165200000,0.034,1928
1453251600000,0.034,2117
1453338000000,0.033,2055
1453424400000,0.034,1925
1453510800000,0.035,2929
1453597200000,0.034,2316
1453683600000,0.034,2060
1453770000000,0.035,1933
1453856400000,0.034,2055
1453942800000,0.036,2373
1454029200000,0.035,2667
1454115600000,0.033,2930
1454202000000,0.033,2778
1454288400000,0.033,2352
1454374800000,0.033,2604
1454461200000,0.034,2276
1454547600000,0.033,2425
1454634000000,0.033,3102
1454720400000,0.03,2571
1454806800000,0.03,2443
1454893200000,0.03,1834
1454979600000,0.03,1826
1455066000000,0.03,2370
1455152400000,0.03,2310
1455238800000,0.03,2043
1455325200000,0.03,2811
1455411600000,0.03,2892
1455498000000,0.03,2142
1455584400000,0.03,2063
1455670800000,0.03,2639
1455757200000,0.03,2319
1455843600000,0.03,2643
1455930000000,0.03,3308
1456016400000,0.03,2942
1456102800000,0.03,2489
1456189200000,0.03,2487
1456275600000,0.03,2526
1456362000000,0.03,3432
1456448400000,0.03,3045
1456534800000,0.03,3057
1456621200000,0.034,2319
1456707600000,0.031,3246
1456794000000,0.031,2623
1456880400000,0.031,2439
1456966800000,0.031,2600
1457053200000,0.032,3567
1457139600000,0.032,3151
1457226000000,0.031,3363
1457312400000,0.031,2546
1457398800000,0.032,2320
1457485200000,0.033,2053
1457571600000,0.036,1642
1457658000000,0.036,1588
1457744400000,0.036,1420
1457830800000,0.036,1608
1457917200000,0.039,1272
1458003600000,0.038,1138
1458090000000,0.04,1341
1458176400000,0.037,1328
1458262800000,0.04,1687
1458349200000,0.038,1603
1458435600000,0.039,1764
1458522000000,0.038,1273
1458608400000,0.038,1281
1458694800000,0.039,1537
1458781200000,0.039,1765
1458867600000,0.037,1665
1458954000000,0.038,1736
1459040400000,0.039,1845
1459126800000,0.039,1581
1459213200000,0.039,1237
1459299600000,0.04,1585
1459386000000,0.039,1849
1459472400000,0.038,1749
1459558800000,0.039,1800
1459645200000,0.034,1832
1459731600000,0.034,1460
1459818000000,0.039,1298
1459904400000,0.044,1333
1459990800000,0.039,1119
1460077200000,0.042,1312
1460163600000,0.041,1572
1460250000000,0.04,1579
1460336400000,0.041,1257
1460422800000,0.043,1078
1460509200000,0.043,1571
1460595600000,0.044,1441
1460682000000,0.044,1223
1460768400000,0.043,1708
1460854800000,0.043,1444
1460941200000,0.043,1472
1461027600000,0.042,1113
1461114000000,0.044,1624
1461200400000,0.043,1749
1461286800000,0.044,1442
1461373200000,0.042,1661
1461459600000,0.041,1577
1461546000000,0.04,1318
1461632400000,0.041,1226
1461718800000,0.041,1262
1461805200000,0.039,1373
1461891600000,0.04,1703
1461978000000,0.041,1906
1462064400000,0.041,1600
1462150800000,0.043,1864
1462237200000,0.042,1320
1462323600000,0.041,1515
1462410000000,0.042,1649
1462496400000,0.043,1759
1462582800000,0.043,1739
1462669200000,0.042,1725
1462755600000,0.044,1540
1462842000000,0.043,1558
1462928400000,0.043,1523
1463014800000,0.042,1373
1463101200000,0.043,1485
1463187600000,0.042,1378
1463274000000,0.043,2076
1463360400000,0.043,1421
1463446800000,0.043,1357
1463533200000,0.041,1270
1463619600000,0.039,1289
1463706000000,0.038,1235
1463792400000,0.038,1344
1463878800000,0.037,1371
1463965200000,0.037,1119
1464051600000,0.037,1136
1464138000000,0.037,1383
1464224400000,0.039,1554
1464310800000,0.035,1716
1464397200000,0.033,1472
1464483600000,0.033,1327
1464570000000,0.033,1311
1464656400000,0.035,1204
1464742800000,0.035,1499
1464829200000,0.034,1414
1464915600000,0.031,1295
1465002000000,0.033,1628
1465088400000,0.033,1371
1465174800000,0.032,1382
1465261200000,0.034,1015
1465347600000,0.032,1335
1465434000000,0.033,1323
1465520400000,0.034,1207
1465606800000,0.034,1129
1465693200000,0.034,1317
1465779600000,0.034,1012
1465866000000,0.032,956
1465952400000,0.033,1830
1466038800000,0.031,1491
1466125200000,0.031,1139
1466211600000,0.031,1884
1466298000000,0.033,1525
1466384400000,0.034,1459
1466470800000,0.034,1525
1466557200000,0.033,1410
1466643600000,0.031,1375
1466730000000,0.03,1414
1466816400000,0.03,1283
1466902800000,0.03,1313
1466989200000,0.03,1192
1467075600000,0.03,1285
1467162000000,0.03,1643
1467248400000,0.03,1395
1467334800000,0.03,1293
1467421200000,0.03,1261
1467507600000,0.03,1386
1467594000000,0.03,1352
1467680400000,0.03,1034
1467766800000,0.03,1700
1467853200000,0.032,1314
1467939600000,0.032,1567
1468026000000,0.035,1557
1468112400000,0.032,1360
1468198800000,0.03,989
1468285200000,0.031,1202
1468371600000,0.034,1029
1468458000000,0.034,1409
1468544400000,0.035,1218
1468630800000,0.035,1706
1468717200000,0.035,1412
1468803600000,0.035,1649
1468890000000,0.035,1456
1468976400000,0.036,1411
1469062800000,0.036,1555
1469149200000,0.035,1313
1469235600000,0.037,1198
1469322000000,0.036,1026
1469408400000,0.035,1168
1469494800000,0.035,1439
1469581200000,0.035,1633
1469667600000,0.035,1806
1469754000000,0.036,2001
1469840400000,0.035,1260
1469926800000,0.035,1169
1470013200000,0.035,1237
1470099600000,0.035,1397
1470186000000,0.036,1976
1470272400000,0.036,1410
1470358800000,0.037,1464
1470445200000,0.035,2405
1470531600000,0.036,1466
1470618000000,0.037,1503
1470704400000,0.034,1098
1470790800000,0.034,1369
1470877200000,0.033,1640
1470963600000,0.034,1079
1471050000000,0.033,1023
1471136400000,0.034,1136
1471222800000,0.033,1215
1471309200000,0.032,1255
1471395600000,0.033,1401
1471482000000,0.032,1619
1471568400000,0.032,1476
1471654800000,0.031,1455
1471741200000,0.03,1470
1471827600000,0.03,2054
1471914000000,0.031,1810
1472000400000,0.032,2438
1472086800000,0.034,1429
1472173200000,0.033,2261
1472259600000,0.034,1935
1472346000000,0.035,1532
1472432400000,0.035,1453
1472518800000,0.034,2035
1472605200000,0.034,2191
1472691600000,0.034,1715
1472778000000,0.034,1680
1472864400000,0.034,1580
1472950800000,0.033,1495
1473037200000,0.033,1399
1473123600000,0.033,1106
1473210000000,0.032,1544
1473296400000,0.033,1315
1473382800000,0.032,1484
1473469200000,0.031,1897
1473555600000,0.032,1688
1473642000000,0.033,1239
1473728400000,0.031,1234
1473814800000,0.031,1409
1473901200000,0.031,1414
1473987600000,0.031,1577
1474074000000,0.031,1809
1474160400000,0.03,1586
1474246800000,0.03,1292
1474333200000,0.03,1350
1474419600000,0.03,1348
1474506000000,0.03,1308
1474592400000,0.03,1187
1474678800000,0.03,1609
1474765200000,0.03,1506
1474851600000,0.03,1205
1474938000000,0.03,1126
1475024400000,0.03,1668
1475110800000,0.03,1432
1475197200000,0.03,1318
1475283600000,0.03,1570
1475370000000,0.03,1953
1475456400000,0.031,1662
1475542800000,0.03,1081
1475629200000,0.03,1197
1475715600000,0.03,1140
1475802000000,0.03,1218
1475888400000,0.03,1731
1475974800000,0.03,1395
1476061200000,0.03,1463
1476147600000,0.03,1482
1476234000000,0.03,1337
1476320400000,0.03,997
1476406800000,0.03,1178
1476493200000,0.03,1478
1476579600000,0.03,1282
1476666000000,0.03,935
1476752400000,0.03,872
1476838800000,0.03,951
1476925200000,0.03,910
1477011600000,0.03,1066
1477098000000,0.03,1146
1477184400000,0.03,1196
1477270800000,0.03,881
1477357200000,0.03,825
1477443600000,0.03,997
1477530000000,0.03,826
1477616400000,0.03,1069
1477702800000,0.03,1221
1477789200000,0.03,1560
1477875600000,0.03,1063
1477962000000,0.03,1052
1478048400000,0.03,1061
1478134800000,0.03,684
1478221200000,0.03,1061
1478307600000,0.03,1610
1478394000000,0.03,1233
1478480400000,0.03,1145
1478566800000,0.03,988
1478653200000,0.03,1076
1478739600000,0.03,1009
1478826000000,0.03,1307
1478912400000,0.03,1468
1478998800000,0.03,1174
1479085200000,0.03,901
1479171600000,0.03,843
1479258000000,0.03,1729
1479344400000,0.03,1101
1479430800000,0.03,1145
1479517200000,0.03,1325
1479603600000,0.03,1116
1479690000000,0.03,1124
1479776400000,0.03,893
1479862800000,0.03,845
1479949200000,0.03,1297
1480035600000,0.03,1312
1480122000000,0.03,1271
1480208400000,0.03,1261
1480294800000,0.03,954
1480381200000,0.03,1145
1480467600000,0.03,1499
1480554000000,0.03,1569
1480640400000,0.03,1052
1480726800000,0.03,1446
1480813200000,0.03,1474
1480899600000,0.03,1126
1480986000000,0.03,1105
1481072400000,0.03,1081
1481158800000,0.03,1066
1481245200000,0.03,1079
1481331600000,0.03,1271
1481418000000,0.03,1323
1481504400000,0.03,1062
1481590800000,0.03,1053
1481677200000,0.03,1293
1481763600000,0.03,1240
1481850000000,0.03,1329
1481936400000,0.03,1343
1482022800000,0.03,1307
1482109200000,0.03,1013
1482195600000,0.03,886
1482282000000,0.03,892
1482368400000,0.03,904
1482454800000,0.03,901
1482541200000,0.03,1285
1482627600000,0.03,1387
1482714000000,0.03,1250
1482800400000,0.03,1796
1482886800000,0.03,1440
1482973200000,0.03,1400
1483059600000,0.03,1545
1483146000000,0.03,1225
1483232400000,0.03,1300
1483318800000,0.03,1520
1483405200000,0.03,1284
1483491600000,0.03,1293
1483578000000,0.03,1374
1483664400000,0.03,1574
1483750800000,0.03,1413
1483837200000,0.03,1534
1483923600000,0.03,1174
1484010000000,0.03,1117
1484096400000,0.03,1138
1484182800000,0.03,1082
1484269200000,0.03,1357
1484355600000,0.03,1806
1484442000000,0.03,1539
1484528400000,0.03,1454
1484614800000,0.03,1252
1484701200000,0.03,1135
1484787600000,0.03,1089
1484874000000,0.03,1201
1484960400000,0.03,1517
1485046800000,0.03,1404
1485133200000,0.03,1269
1485219600000,0.03,1382
1485306000000,0.03,1319
1485392400000,0.03,1356
1485478800000,0.03,1384
1485565200000,0.03,1634
1485651600000,0.03,1702
1485738000000,0.03,1282
1485824400000,0.03,1316
1485910800000,0.03,1385
1485997200000,0.03,1291
1486083600000,0.03,1144
1486170000000,0.03,1391
1486256400000,0.03,1477
1486342800000,0.03,1195
1486429200000,0.03,1010
1486515600000,0.03,1290
1486602000000,0.03,1183
1486688400000,0.03,1399
1486774800000,0.03,1680
1486861200000,0.03,1768
1486947600000,0.03,1382
1487034000000,0.03,1148
1487120400000,0.03,1093
1487206800000,0.03,1240
1487293200000,0.03,1228
1487379600000,0.03,1385
1487466000000,0.03,1432
1487552400000,0.03,1150
1487638800000,0.03,1136
1487725200000,0.03,1130
1487811600000,0.03,1113
1487898000000,0.03,1161
1487984400000,0.03,1363
1488070800000,0.03,1269
1488157200000,0.03,1101
1488243600000,0.03,1241
1488330000000,0.03,902
1488416400000,0.03,922
1488502800000,0.03,974
1488589200000,0.03,1310
1488675600000,0.03,1066
1488762000000,0.03,883
1488848400000,0.03,810
1488934800000,0.03,1014
1489021200000,0.03,874
1489107600000,0.03,973
1489194000000,0.03,1514
1489280400000,0.03,1274
1489366800000,0.03,935
1489453200000,0.03,898
1489539600000,0.03,977
1489626000000,0.03,1260
1489712400000,0.03,1429
1489798800000,0.03,2051
1489885200000,0.03,1801
1489971600000,0.03,1271
1490058000000,0.03,1340
1490144400000,0.03,1227
1490230800000,0.03,1225
1490317200000,0.03,1386
1490403600000,0.03,1715
1490490000000,0.032,1440
1490576400000,0.032,1389
1490662800000,0.03,960
1490749200000,0.03,1119
1490835600000,0.03,1165
1490922000000,0.03,1092
1491008400000,0.033,1825
1491094800000,0.03,1397
1491181200000,0.031,1048
1491267600000,0.031,1133
1491354000000,0.03,1150
1491440400000,0.03,1172
1491526800000,0.03,1172
1491613200000,0.03,1510
1491699600000,0.03,1543
1491786000000,0.03,1247
1491872400000,0.03,1180
1491958800000,0.03,1079
1492045200000,0.031,1177
1492131600000,0.03,1284
1492218000000,0.03,1331
1492304400000,0.03,1404
1492390800000,0.03,1377
1492477200000,0.03,1132
1492563600000,0.03,1306
1492650000000,0.03,1144
1492736400000,0.03,1222
1492822800000,0.03,1590
1492909200000,0.03,1505
1492995600000,0.03,1109
1493082000000,0.03,1121
1493168400000,0.03,1050
1493254800000,0.03,1102
1493341200000,0.03,1291
1493427600000,0.03,1361
1493514000000,0.03,1443
1493600400000,0.03,1144
1493686800000,0.03,954
1493773200000,0.03,1154
1493859600000,0.03,1053
1493946000000,0.03,1150
1494032400000,0.03,1553
1494118800000,0.03,1400
1494205200000,0.03,1149
1494291600000,0.03,1077
1494378000000,0.03,1029
1494464400000,0.03,949
1494550800000,0.03,1113
1494637200000,0.03,1400
1494723600000,0.03,1249
1494810000000,0.03,1171
1494896400000,0.03,1102
1494982800000,0.03,1111
1495069200000,0.03,1522
1495155600000,0.032,1123
1495242000000,0.03,1601
1495328400000,0.031,1360
1495414800000,0.032,982
1495501200000,0.03,862
1495587600000,0.03,1367
1495674000000,0.03,1115
1495760400000,0.03,1309
1495846800000,0.03,1336
1495933200000,0.03,1519
1496019600000,0.03,1313
1496106000000,0.031,1352
1496192400000,0.031,1232
1496278800000,0.03,1204
1496365200000,0.03,1249
1496451600000,0.031,1421
1496538000000,0.03,1378
1496624400000,0.032,1339
1496710800000,0.03,1252
1496797200000,0.031,1352
1496883600000,0.032,1194
1496970000000,0.031,1072
1497056400000,0.032,1235
1497142800000,0.031,1075
1497229200000,0.032,1201
1497315600000,0.032,1360
1497402000000,0.032,1250
1497488400000,0.031,1039
1497574800000,0.031,921
1497661200000,0.032,1207
1497747600000,0.031,1177
1497834000000,0.031,941
1497920400000,0.03,888
1498006800000,0.03,1023
1498093200000,0.03,1066
1498179600000,0.03,1318
1498266000000,0.03,1150
1498352400000,0.03,1121
1498438800000,0.03,1688
1498525200000,0.03,1093
1498611600000,0.03,1111
1498698000000,0.03,1124
1498784400000,0.03,1305
1498870800000,0.03,1389
1498957200000,0.03,1273
1499043600000,0.03,1100
1499130000000,0.03,1316
1499216400000,0.03,1150
1499302800000,0.03,822
1499389200000,0.03,911
1499475600000,0.03,1069
1499562000000,0.03,942
1499648400000,0.03,1078
1499734800000,0.03,1100
1499821200000,0.03,1171
1499907600000,0.03,872
1499994000000,0.03,923
1500080400000,0.03,952
1500166800000,0.03,1120
1500253200000,0.03,1070
1500339600000,0.03,947
1500426000000,0.03,1367
1500512400000,0.03,963
1500598800000,0.03,889
1500685200000,0.03,904
1500771600000,0.03,1110
1500858000000,0.03,1039
1500944400000,0.03,1531
1501030800000,0.03,1068
1501117200000,0.03,983
1501203600000,0.03,1094
1501290000000,0.03,1015
1501376400000,0.03,1048
1501462800000,0.03,1127
1501549200000,0.03,891
1501635600000,0.033,1050
1501722000000,0.033,987
1501808400000,0.031,833
1501894800000,0.031,892
1501981200000,0.031,878
1502067600000,0.032,1005
1502154000000,0.032,1095
1502240400000,0.031,981
1502326800000,0.033,1049
1502413200000,0.031,1000
1502499600000,0.032,1147
1502586000000,0.031,941
1502672400000,0.031,811
1502758800000,0.031,840
1502845200000,0.031,993
1502931600000,0.032,909
1503018000000,0.032,919
1503104400000,0.033,936
1503190800000,0.033,906
1503277200000,0.034,929
1503363600000,0.032,855
1503450000000,0.032,873
1503536400000,0.033,946
1503622800000,0.033,853
1503709200000,0.034,850
1503795600000,0.033,884
1503882000000,0.033,797
1503968400000,0.033,881
1504054800000,0.032,938
1504141200000,0.032,736
1504227600000,0.034,940
1504314000000,0.035,994
1504400400000,0.034,900
1504486800000,0.033,686
1504573200000,0.035,787
1504659600000,0.038,951
1504746000000,0.032,774
1504832400000,0.034,817
1504918800000,0.033,940
1505005200000,0.035,946
1505091600000,0.035,807
1505178000000,0.034,700
1505264400000,0.033,726
1505350800000,0.033,745
1505437200000,0.033,1000
1505523600000,0.033,1060
1505610000000,0.034,1230
1505696400000,0.035,856
1505782800000,0.034,770
1505869200000,0.034,801
1505955600000,0.035,988
1506042000000,0.034,923
1506128400000,0.035,1512
1506214800000,0.035,1019
1506301200000,0.034,798
1506387600000,0.035,805
1506474000000,0.035,772
1506560400000,0.036,772
1506646800000,0.036,927
1506733200000,0.035,1056
1506819600000,0.034,955
1506906000000,0.035,745
1506992400000,0.035,761
1507078800000,0.035,842
1507165200000,0.033,665
1507251600000,0.035,884
1507338000000,0.038,915
1507424400000,0.036,1046
1507510800000,0.036,800
1507597200000,0.036,658
1507683600000,0.035,697
1507770000000,0.034,669
1507856400000,0.035,722
1507942800000,0.035,972
1508029200000,0.036,1011
1508115600000,0.034,722
1508202000000,0.035,602
1508288400000,0.034,728
1508374800000,0.036,714
1508461200000,0.033,650
1508547600000,0.037,955
1508634000000,0.034,819
1508720400000,0.032,652
1508806800000,0.032,621
1508893200000,0.031,684
1508979600000,0.031,781
1509066000000,0.03,709
1509152400000,0.03,960
1509238800000,0.03,837
1509325200000,0.03,670
1509411600000,0.031,679
1509498000000,0.03,594
1509584400000,0.03,651
1509670800000,0.031,600
1509757200000,0.032,816
1509843600000,0.031,861
1509930000000,0.03,581
1510016400000,0.03,586
1510102800000,0.03,711
1510189200000,0.031,595
1510275600000,0.031,821
1510362000000,0.032,870
1510448400000,0.03,834
1510534800000,0.03,629
1510621200000,0.03,713
1510707600000,0.03,655
1510794000000,0.03,641
1510880400000,0.03,706
1510966800000,0.03,931
1511053200000,0.03,717
1511139600000,0.03,591
1511226000000,0.03,539
1511312400000,0.03,573
1511398800000,0.03,744
1511485200000,0.03,879
1511571600000,0.03,902
1511658000000,0.03,4136
1511744400000,0.03,646
1511830800000,0.03,584
1511917200000,0.03,522
1512003600000,0.03,551
1512090000000,0.03,621
1512176400000,0.03,724
1512262800000,0.03,750
1512349200000,0.03,637
1512435600000,0.03,632
1512522000000,0.032,734
1512608400000,0.03,574
1512694800000,0.03,589
1512781200000,0.031,824
1512867600000,0.032,707
1512954000000,0.03,582
1513040400000,0.034,516
1513126800000,0.031,542
1513213200000,0.032,596
1513299600000,0.03,583
1513386000000,0.03,702
1513472400000,0.03,740
1513558800000,0.031,531
1513645200000,0.03,513
1513731600000,0.03,529
1513818000000,0.03,660
1513904400000,0.03,823
1513990800000,0.03,920
1514077200000,0.03,806
1514163600000,0.03,783
1514250000000,0.03,671
1514336400000,0.03,888
1514422800000,0.03,957
1514509200000,0.03,882
1514595600000,0.03,940
1514682000000,0.03,812
1514768400000,0.03,1245
1514854800000,0.03,875
1514941200000,0.03,982
1515027600000,0.03,808
1515114000000,0.031,936
1515200400000,0.03,800
1515286800000,0.03,939
1515373200000,0.03,744
1515459600000,0.03,702
1515546000000,0.03,752
1515632400000,0.03,837
1515718800000,0.03,884
1515805200000,0.031,1002
1515891600000,0.032,947
1515978000000,0.031,888
1516064400000,0.03,865
1516150800000,0.03,769
1516237200000,0.03,701
1516323600000,0.031,910
1516410000000,0.032,1078
1516496400000,0.033,1002
1516582800000,0.031,858
1516669200000,0.031,791
1516755600000,0.032,838
1516842000000,0.032,822
1516928400000,0.038,1097
1517014800000,0.034,1055
1517101200000,0.031,997
1517187600000,0.03,935
1517274000000,0.031,822
1517360400000,0.034,1021
1517446800000,0.033,775
1517533200000,0.032,884
1517619600000,0.035,975
1517706000000,0.035,936
1517792400000,0.033,776
1517878800000,0.033,646
1517965200000,0.033,783
1518051600000,0.034,860
1518138000000,0.032,798
1518224400000,0.032,983
1518310800000,0.033,962
1518397200000,0.032,763
1518483600000,0.033,759
1518570000000,0.033,729
1518656400000,0.033,752
1518742800000,0.033,961
1518829200000,0.033,1229
1518915600000,0.033,1158
1519002000000,0.033,946
1519088400000,0.034,918
1519174800000,0.034,1037
1519261200000,0.034,939
1519347600000,0.033,1053
1519434000000,0.034,1229
1519520400000,0.034,1257
1519606800000,0.033,938
1519693200000,0.035,878
1519779600000,0.035,902
1519866000000,0.038,1109
1519952400000,0.034,908
1520038800000,0.034,1135
1520125200000,0.034,1114
1520211600000,0.034,812
1520298000000,0.035,890
1520384400000,0.034,813
1520470800000,0.034,870
1520557200000,0.035,939
1520643600000,0.034,1106
1520730000000,0.034,1157
1520816400000,0.032,750
1520902800000,0.032,698
1520989200000,0.033,732
1521075600000,0.033,824
1521162000000,0.035,918
1521248400000,0.034,1139
1521334800000,0.034,1207
1521421200000,0.034,808
1521507600000,0.033,662
1521594000000,0.033,735
1521680400000,0.034,752
1521766800000,0.034,782
1521853200000,0.033,882
1521939600000,0.034,899
1522026000000,0.033,800
1522112400000,0.034,652
1522198800000,0.033,783
1522285200000,0.032,846
1522371600000,0.033,814
1522458000000,0.034,850
1522544400000,0.033,794
1522630800000,0.033,862
1522717200000,0.033,734
1522803600000,0.034,675
1522890000000,0.033,655
1522976400000,0.035,655
1523062800000,0.034,883
1523149200000,0.034,836
1523235600000,0.033,620
1523322000000,0.034,632
1523408400000,0.033,652
1523494800000,0.034,601
1523581200000,0.034,630
1523667600000,0.035,767
1523754000000,0.035,716
1523840400000,0.034,609
1523926800000,0.036,594
1524013200000,0.037,609
1524099600000,0.036,596
1524186000000,0.036,667
1524272400000,0.035,661
1524358800000,0.035,733
1524445200000,0.036,628
1524531600000,0.035,562
1524618000000,0.036,598
1524704400000,0.035,556
1524790800000,0.035,696
1524877200000,0.035,761
1524963600000,0.035,695
1525050000000,0.036,698
1525136400000,0.039,733
1525222800000,0.04,551
1525309200000,0.036,534
1525395600000,0.036,618
1525482000000,0.036,706
1525568400000,0.036,603
1525654800000,0.035,597
1525741200000,0.036,731
1525827600000,0.035,590
1525914000000,0.035,613
1526000400000,0.037,609
1526086800000,0.035,604
1526173200000,0.037,699
1526259600000,0.038,492
1526346000000,0.035,432
1526432400000,0.034,468
1526518800000,0.035,489
1526605200000,0.035,589
1526691600000,0.035,700
1526778000000,0.034,568
1526864400000,0.035,510
1526950800000,0.035,449
1527037200000,0.034,487
1527123600000,0.035,487
1527210000000,0.034,605
1527296400000,0.034,671
1527382800000,0.034,588
1527469200000,0.034,541
1527555600000,0.037,550
1527642000000,0.036,536
1527728400000,0.037,623
1527814800000,0.035,620
1527901200000,0.035,550
1527987600000,0.034,486
1528074000000,0.035,523
1528160400000,0.036,467
1528246800000,0.034,543
1528333200000,0.036,560
1528419600000,0.035,584
1528506000000,0.035,559
1528592400000,0.033,537
1528678800000,0.034,501
1528765200000,0.034,457
1528851600000,0.033,550
1528938000000,0.032,498
1529024400000,0.033,478
1529110800000,0.032,474
1529197200000,0.034,590
1529283600000,0.034,570
1529370000000,0.034,649
1529456400000,0.032,566
1529542800000,0.03,696
1529629200000,0.03,834
1529715600000,0.03,783
1529802000000,0.03,756
1529888400000,0.03,686
1529974800000,0.03,711
1530061200000,0.03,683
1530147600000,0.03,720
1530234000000,0.03,726
1530320400000,0.03,654
1530406800000,0.03,709
1530493200000,0.03,634
1530579600000,0.03,656
1530666000000,0.03,671
1530752400000,0.03,731
1530838800000,0.03,695
1530925200000,0.03,762
1531011600000,0.03,595
1531098000000,0.03,589
1531184400000,0.03,570
1531270800000,0.031,641
1531357200000,0.03,596
1531443600000,0.03,602
1531530000000,0.032,520
1531616400000,0.031,592
1531702800000,0.032,576
1531789200000,0.034,909
1531875600000,0.034,605
1531962000000,0.035,900
1532048400000,0.035,572
1532134800000,0.036,573
1532221200000,0.035,578
1532307600000,0.038,656
1532394000000,0.037,598
1532480400000,0.037,645
1532566800000,0.037,563
1532653200000,0.039,615
1532739600000,0.038,580
1532826000000,0.037,655
1532912400000,0.038,644
1532998800000,0.039,610
1533085200000,0.038,619
1533171600000,0.039,588
1533258000000,0.038,699
1533344400000,0.039,945
1533430800000,0.038,851
1533517200000,0.038,958
1533603600000,0.038,848
1533690000000,0.039,831
1533776400000,0.038,894
1533862800000,0.037,939
1533949200000,0.036,941
1534035600000,0.038,987
1534122000000,0.036,842
1534208400000,0.037,934
1534294800000,0.037,883
1534381200000,0.037,841
1534467600000,0.038,796
1534554000000,0.038,1062
1534640400000,0.038,862
1534726800000,0.04,899
1534813200000,0.038,856
1534899600000,0.037,875
1534986000000,0.039,802
1535072400000,0.039,885
1535158800000,0.039,795
1535245200000,0.039,934
1535331600000,0.04,857
1535418000000,0.041,827
1535504400000,0.041,883
1535590800000,0.04,883
1535677200000,0.042,830
1535763600000,0.042,908
1535850000000,0.042,707
1535936400000,0.041,735
1536022800000,0.041,659
1536109200000,0.04,720
1536195600000,0.042,773
1536282000000,0.041,880
1536368400000,0.042,832
1536454800000,0.04,869
1536541200000,0.041,738
1536627600000,0.043,877
1536714000000,0.04,716
1536800400000,0.04,667
1536886800000,0.041,783
1536973200000,0.04,1002
1537059600000,0.04,897
1537146000000,0.041,692
1537232400000,0.039,569
1537318800000,0.041,711
1537405200000,0.041,796
1537491600000,0.042,821
1537578000000,0.04,978
1537664400000,0.04,1077
1537750800000,0.038,749
1537837200000,0.039,617
1537923600000,0.04,639
1538010000000,0.04,560
1538096400000,0.04,701
1538182800000,0.04,764
1538269200000,0.041,830
1538355600000,0.041,627
1538442000000,0.041,633
1538528400000,0.041,841
1538614800000,0.041,805
1538701200000,0.039,930
1538787600000,0.04,1089
1538874000000,0.039,1030
1538960400000,0.04,773
1539046800000,0.04,859
1539133200000,0.04,827
1539219600000,0.04,862
1539306000000,0.04,821
1539392400000,0.04,1092
1539478800000,0.04,1075
1539565200000,0.041,890
1539651600000,0.04,753
1539738000000,0.04,776
1539824400000,0.04,785
1539910800000,0.04,830
1539997200000,0.04,1088
1540083600000,0.039,1039
1540170000000,0.04,768
1540256400000,0.04,719
1540342800000,0.039,803
1540429200000,0.038,695
1540515600000,0.038,851
1540602000000,0.038,1004
1540688400000,0.038,927
1540774800000,0.039,1409
1540861200000,0.038,860
1540947600000,0.037,918
1541034000000,0.038,883
1541120400000,0.038,901
1541206800000,0.038,909
1541293200000,0.038,871
1541379600000,0.039,750
1541466000000,0.038,624
1541552400000,0.038,617
1541638800000,0.039,764
1541725200000,0.039,795
1541811600000,0.038,1049
1541898000000,0.039,969
1541984400000,0.039,725
1542070800000,0.039,561
1542157200000,0.04,734
1542243600000,0.038,793
1542330000000,0.039,847
1542416400000,0.038,993
1542502800000,0.036,963
1542589200000,0.036,703
1542675600000,0.037,735
1542762000000,0.035,717
1542848400000,0.033,865
1542934800000,0.035,901
1543021200000,0.036,1149
1543107600000,0.036,1019
1543194000000,0.035,766
1543280400000,0.035,691
1543366800000,0.035,691
1543453200000,0.036,689
1543539600000,0.036,809
1543626000000,0.038,1146
1543712400000,0.036,976
1543798800000,0.038,659
1543885200000,0.036,699
1543971600000,0.037,823
1544058000000,0.036,732
1544144400000,0.035,995
1544230800000,0.037,1234
1544317200000,0.036,1173
1544403600000,0.037,1030
1544490000000,0.036,1013
1544576400000,0.036,999
1544662800000,0.036,1014
1544749200000,0.037,1198
1544835600000,0.036,1334
1544922000000,0.037,1289
1545008400000,0.036,1051
1545094800000,0.037,985
1545181200000,0.036,1107
1545267600000,0.035,929
1545354000000,0.032,1426
1545440400000,0.033,1544
1545526800000,0.034,1206
1545613200000,0.034,1298
1545699600000,0.035,1100
1545786000000,0.034,1217
1545872400000,0.036,1210
1545958800000,0.034,1093
1546045200000,0.036,1384
1546131600000,0.033,1299
1546218000000,0.032,1212
1546304400000,0.034,1256
1546390800000,0.033,1356
1546477200000,0.034,1404
1546563600000,0.035,1341
1546650000000,0.038,1362
1546736400000,0.039,1378
1546822800000,0.037,1336
1546909200000,0.038,1211
1546995600000,0.038,1314
1547082000000,0.038,1232
1547168400000,0.039,1478
1547254800000,0.041,1780
1547341200000,0.043,1433
1547427600000,0.042,1266
1547514000000,0.042,1217
1547600400000,0.042,1245
1547686800000,0.042,1154
1547773200000,0.045,1314
1547859600000,0.044,1686
1547946000000,0.043,1465
1548032400000,0.044,1184
1548118800000,0.044,1127
1548205200000,0.044,1312
1548291600000,0.044,1199
1548378000000,0.047,1354
1548464400000,0.048,1509
1548550800000,0.049,1557
1548637200000,0.049,1233
1548723600000,0.048,1053
1548810000000,0.046,1164
1548896400000,0.046,1288
1548982800000,0.047,1281
1549069200000,0.047,1523
1549155600000,0.048,1417
1549242000000,0.047,1118
1549328400000,0.045,1240
1549414800000,0.046,1343
1549501200000,0.044,1214
1549587600000,0.044,1267
1549674000000,0.043,1484
1549760400000,0.037,1782
1549846800000,0.038,1146
1549933200000,0.039,1146
1550019600000,0.044,1200
1550106000000,0.045,1005
1550192400000,0.045,1130
1550278800000,0.047,1449
1550365200000,0.047,1203
1550451600000,0.047,1081
1550538000000,0.047,975
1550624400000,0.047,1198
1550710800000,0.047,1038
1550797200000,0.047,1253
1550883600000,0.048,1396
1550970000000,0.048,1333
1551056400000,0.049,1228
1551142800000,0.049,1038
1551229200000,0.049,1140
1551315600000,0.05,1246
1551402000000,0.049,1067
1551488400000,0.046,1671
1551574800000,0.044,1533
1551661200000,0.042,1201
1551747600000,0.041,999
1551834000000,0.041,1071
1551920400000,0.043,1217
1552006800000,0.045,1261
1552093200000,0.045,1374
1552179600000,0.047,1295
1552266000000,0.046,972
1552352400000,0.047,968
1552438800000,0.045,996
1552525200000,0.047,1338
1552611600000,0.047,1507
1552698000000,0.047,1612
1552784400000,0.048,1689
1552870800000,0.046,1396
1552957200000,0.048,1238
1553043600000,0.046,1285
1553130000000,0.047,1323
1553216400000,0.046,1377
1553302800000,0.046,1609
1553389200000,0.045,1652
1553475600000,0.046,1369
1553562000000,0.045,1331
1553648400000,0.045,1388
1553734800000,0.044,1380
1553821200000,0.044,1631
1553907600000,0.044,1695
1553994000000,0.042,1668
1554080400000,0.042,1231
1554166800000,0.043,1199
1554253200000,0.044,1399
1554339600000,0.043,1322
1554426000000,0.043,1296
1554512400000,0.042,1679
1554598800000,0.044,1626
1554685200000,0.043,1240
1554771600000,0.041,1057
1554858000000,0.042,1152
1554944400000,0.042,1213
1555030800000,0.041,1435
1555117200000,0.041,1591
1555203600000,0.041,1636
1555290000000,0.042,1234
1555376400000,0.042,1123
1555462800000,0.042,1159
1555549200000,0.043,1188
1555635600000,0.043,1245
1555722000000,0.043,1424
1555808400000,0.042,1321
1555894800000,0.044,1197
1555981200000,0.042,1110
1556067600000,0.041,1193
1556154000000,0.041,1167
1556240400000,0.041,1149
1556326800000,0.042,1420
1556413200000,0.041,1409
1556499600000,0.041,1139
1556586000000,0.041,1218
1556672400000,0.042,1549
1556758800000,0.041,1096
1556845200000,0.04,1244
1556931600000,0.041,1289
1557018000000,0.04,1287
1557104400000,0.042,1119
1557190800000,0.041,992
1557277200000,0.04,1284
1557363600000,0.039,1048
1557450000000,0.04,1074
1557536400000,0.04,1208
1557622800000,0.038,1101
1557709200000,0.039,898
1557795600000,0.04,1003
1557882000000,0.04,1085
1557968400000,0.04,1129
1558054800000,0.041,1178
1558141200000,0.039,1298
1558227600000,0.04,1377
1558314000000,0.04,1119
1558400400000,0.039,1023
1558486800000,0.039,1088
1558573200000,0.039,1045
1558659600000,0.039,1049
1558746000000,0.039,1256
1558832400000,0.04,1204
1558918800000,0.039,1115
1559005200000,0.039,1176
1559091600000,0.038,1169
1559178000000,0.038,1110
1559264400000,0.038,1206
1559350800000,0.039,1276
1559437200000,0.039,1233
1559523600000,0.039,1127
1559610000000,0.039,1023
1559696400000,0.038,1133
1559782800000,0.039,1139
1559869200000,0.039,1317
1559955600000,0.037,1244
1560042000000,0.038,1239
1560128400000,0.039,1267
1560214800000,0.04,1008
1560301200000,0.04,1157
1560387600000,0.041,1250
1560474000000,0.04,1116
1560560400000,0.041,1592
1560646800000,0.039,1744
1560733200000,0.039,1469
1560819600000,0.042,1294
1560906000000,0.04,1320
1560992400000,0.041,1119
1561078800000,0.04,1116
1561165200000,0.042,1243
1561251600000,0.042,1176
1561338000000,0.041,1124
1561424400000,0.04,1362
1561510800000,0.036,1464
1561597200000,0.034,1326
1561683600000,0.034,1209
1561770000000,0.035,1224
1561856400000,0.036,1316
1561942800000,0.035,1164
1562029200000,0.035,1122
1562115600000,0.036,1322
1562202000000,0.036,1198
1562288400000,0.037,1142
1562374800000,0.037,1049
1562461200000,0.036,1155
1562547600000,0.036,1163
1562634000000,0.038,1090
1562720400000,0.038,1035
1562806800000,0.039,1204
1562893200000,0.039,1047
1562979600000,0.038,1017
1563066000000,0.038,1058
1563152400000,0.038,1260
1563238800000,0.038,1161
1563325200000,0.039,1362
1563411600000,0.038,1298
1563498000000,0.039,1423
1563584400000,0.038,1194
1563670800000,0.038,1128
1563757200000,0.041,1156
1563843600000,0.04,1133
1563930000000,0.04,1150
1564016400000,0.04,1281
1564102800000,0.04,1222
1564189200000,0.042,1165
1564275600000,0.04,1085
1564362000000,0.04,1206
1564448400000,0.04,1289
1564534800000,0.039,1444
1564621200000,0.041,1365
1564707600000,0.04,1231
1564794000000,0.04,1142
1564880400000,0.04,1084
1564966800000,0.04,1201
1565053200000,0.042,1217
1565139600000,0.042,1257
1565226000000,0.039,1252
1565312400000,0.04,1233
1565398800000,0.041,1249
1565485200000,0.043,1241
1565571600000,0.041,1272
1565658000000,0.04,1236
1565744400000,0.041,1435
1565830800000,0.039,1284
1565917200000,0.04,1394
1566003600000,0.041,1359
1566090000000,0.04,1201
1566176400000,0.04,1284
1566262800000,0.04,1232
1566349200000,0.039,1323
1566435600000,0.04,1317
1566522000000,0.04,1276
1566608400000,0.041,1304
1566694800000,0.042,1396
1566781200000,0.041,1485
1566867600000,0.041,1458
1566954000000,0.041,1042
1567040400000,0.04,1570
1567126800000,0.041,1471
1567213200000,0.041,1439
1567299600000,0.04,1407
1567386000000,0.041,1143
1567472400000,0.041,1162
1567558800000,0.04,1170
1567645200000,0.041,1114
1567731600000,0.042,1275
1567818000000,0.042,1688
1567904400000,0.038,1642
1567990800000,0.037,1438
1568077200000,0.038,1198
1568163600000,0.039,1189
1568250000000,0.038,1105
1568336400000,0.038,1252
1568422800000,0.04,1622
1568509200000,0.038,1489
1568595600000,0.039,1065
1568682000000,0.039,1041
1568768400000,0.039,1135
1568854800000,0.04,1183
1568941200000,0.039,1230
1569027600000,0.038,1306
1569114000000,0.039,1447
1569200400000,0.038,1087
1569286800000,0.037,973
1569373200000,0.039,1093
1569459600000,0.038,1072
1569546000000,0.039,1208
1569632400000,0.04,1418
1569718800000,0.04,1454
1569805200000,0.04,1106
1569891600000,0.04,1028
1569978000000,0.039,1056
1570064400000,0.038,1312
1570150800000,0.04,1764
1570237200000,0.04,2080
1570323600000,0.039,1895
1570410000000,0.042,1331
1570496400000,0.042,1421
1570582800000,0.044,1330
1570669200000,0.044,1359
1570755600000,0.044,1553
1570842000000,0.045,1783
1570928400000,0.045,1587
1571014800000,0.044,1289
1571101200000,0.045,1041
1571187600000,0.046,1151
1571274000000,0.046,1084
1571360400000,0.045,1435
1571446800000,0.04,2344
1571533200000,0.04,2057
1571619600000,0.04,1565
1571706000000,0.042,1494
1571792400000,0.042,1519
1571878800000,0.042,1580
1571965200000,0.041,1449
1572051600000,0.04,1630
1572138000000,0.041,1588
1572224400000,0.041,1262
1572310800000,0.038,1375
1572397200000,0.038,1394
1572483600000,0.036,1231
1572570000000,0.037,1260
1572656400000,0.04,1483
1572742800000,0.04,1376
1572829200000,0.04,1205
1572915600000,0.041,1202
1573002000000,0.04,1120
1573088400000,0.04,1062
1573174800000,0.041,1220
1573261200000,0.041,1430
1573347600000,0.041,1298
1573434000000,0.04,1073
1573520400000,0.042,1022
1573606800000,0.041,1020
1573693200000,0.041,1046
1573779600000,0.041,1216
1573866000000,0.042,1475
1573952400000,0.04,1185
1574038800000,0.04,1086
1574125200000,0.037,1464
1574211600000,0.037,1334
1574298000000,0.037,1093
1574384400000,0.038,1940
1574470800000,0.041,1507
1574557200000,0.039,1416
1574643600000,0.039,1240
1574730000000,0.039,1103
1574816400000,0.037,1552
1574902800000,0.037,1250
1574989200000,0.037,1435
1575075600000,0.038,2892
1575162000000,0.038,1540
1575248400000,0.041,1305
1575334800000,0.039,1158
1575421200000,0.041,1134
1575507600000,0.041,1076
1575594000000,0.042,1331
1575680400000,0.044,1587
1575766800000,0.045,1817
1575853200000,0.043,1416
1575939600000,0.045,1243
1576026000000,0.046,1420
1576112400000,0.045,1409
1576198800000,0.046,1341
1576285200000,0.048,1592
1576371600000,0.048,1416
1576458000000,0.048,1265
1576544400000,0.05,1290
1576630800000,0.049,1191
1576717200000,0.048,1570
1576803600000,0.043,1525
1576890000000,0.043,1770
1576976400000,0.042,1635
1577062800000,0.043,1356
1577149200000,0.045,1280
1577235600000,0.043,1282
1577322000000,0.044,1340
1577408400000,0.044,1623
1577494800000,0.045,1615
1577581200000,0.044,1319
1577667600000,0.044,1400
1577754000000,0.045,1142
1577840400000,0.048,1515
1577926800000,0.047,1649
1578013200000,0.049,1654
1578099600000,0.05,2007
1578186000000,0.05,1713
1578272400000,0.05,1678
1578358800000,0.051,1560
1578445200000,0.053,2236
1578531600000,0.053,1527
1578618000000,0.055,1690
1578704400000,0.056,2034
1578790800000,0.056,1628
1578877200000,0.056,1333
1578963600000,0.058,1298
1579050000000,0.058,1461
1579136400000,0.06,1463
1579222800000,0.059,1588
1579309200000,0.059,1791
1579395600000,0.06,1841
1579482000000,0.06,1446
1579568400000,0.059,1544
1579654800000,0.06,1497
1579741200000,0.058,1550
1579827600000,0.056,1961
1579914000000,0.055,2103
1580000400000,0.056,2036
1580086800000,0.054,1432
1580173200000,0.055,1546
1580259600000,0.056,1521
1580346000000,0.057,1268
1580432400000,0.056,1835
1580518800000,0.059,2165
1580605200000,0.061,1826
1580691600000,0.062,1564
1580778000000,0.064,1468
1580864400000,0.065,1784
1580950800000,0.064,1780
1581037200000,0.065,1719
1581123600000,0.065,2064
1581210000000,0.066,1949
1581296400000,0.065,1511
1581382800000,0.066,1561
1581469200000,0.065,1976
1581555600000,0.067,1928
1581642000000,0.068,1828
1581728400000,0.069,2212
1581814800000,0.069,2292
1581901200000,0.071,1629
1581987600000,0.072,1957
1582074000000,0.072,1683
1582160400000,0.072,1758
1582246800000,0.071,1799
1582333200000,0.075,2268
1582419600000,0.077,2038
1582506000000,0.077,1857
1582592400000,0.077,2015
1582678800000,0.077,2023
1582765200000,0.075,2067
1582851600000,0.077,2252
1582938000000,0.083,2901
1583024400000,0.081,2406
1583110800000,0.083,1810
1583197200000,0.087,1968
1583283600000,0.089,2153
1583370000000,0.088,1904
1583456400000,0.088,1958
1583542800000,0.088,2551
1583629200000,0.089,2084
1583715600000,0.086,1714
1583802000000,0.084,1712
1583888400000,0.084,1740
1583974800000,0.084,1968
1584061200000,0.084,2029
1584147600000,0.084,1962
1584234000000,0.083,2174
1584320400000,0.083,1846
1584406800000,0.081,1822
1584493200000,0.079,2063
1584579600000,0.076,1997
1584666000000,0.073,2254
1584752400000,0.075,1740
1584838800000,0.073,2165
1584925200000,0.074,1944
1585011600000,0.072,1900
1585098000000,0.071,2340
1585184400000,0.069,2258
1585270800000,0.07,2107
1585357200000,0.07,2165
1585443600000,0.07,1907
1585530000000,0.07,1691
1585616400000,0.066,2803
1585702800000,0.065,2947
1585789200000,0.063,2807
1585875600000,0.063,2781
1585962000000,0.061,2936
1586048400000,0.061,2662
1586134800000,0.06,2785
1586221200000,0.061,2914
1586307600000,0.061,2867
1586394000000,0.062,2561
1586480400000,0.064,2809
1586566800000,0.064,2915
1586653200000,0.063,2513
1586739600000,0.063,2558
1586826000000,0.063,2765
1586912400000,0.062,2952
1586998800000,0.062,2848
1587085200000,0.061,2646
1587171600000,0.061,2411
1587258000000,0.061,2493
1587344400000,0.062,2598
1587430800000,0.061,2466
1587517200000,0.059,3000
1587603600000,0.058,2806
1587690000000,0.058,2598
1587776400000,0.058,2583
1587862800000,0.057,2446
1587949200000,0.057,2605
1588035600000,0.057,2259
1588122000000,0.057,2727
1588208400000,0.057,2575
1588294800000,0.056,2517
1588381200000,0.055,2446
1588467600000,0.055,2655
1588554000000,0.055,2587
1588640400000,0.055,2690
1588726800000,0.055,3016
1588813200000,0.054,2937
1588899600000,0.055,2557
1588986000000,0.056,3113
1589072400000,0.056,2563
1589158800000,0.055,2232
1589245200000,0.054,2330
1589331600000,0.054,2453
1589418000000,0.055,2630
1589504400000,0.054,2208
1589590800000,0.053,2359
1589677200000,0.054,2123
1589763600000,0.054,2139
1589850000000,0.055,1983
1589936400000,0.055,2252
1590022800000,0.054,2064
1590109200000,0.053,2030
1590195600000,0.054,2080
1590282000000,0.053,1992
1590368400000,0.053,2017
1590454800000,0.05,2046
1590541200000,0.05,2080
1590627600000,0.05,2075
1590714000000,0.05,2026
1590800400000,0.052,2255
1590886800000,0.052,2522
1590973200000,0.053,2057
1591059600000,0.053,2119
1591146000000,0.054,2021
1591232400000,0.055,1865
1591318800000,0.053,1751
1591405200000,0.055,2154
1591491600000,0.055,1767
1591578000000,0.054,1657
1591664400000,0.055,1544
1591750800000,0.054,1771
1591837200000,0.056,1753
1591923600000,0.056,1689
1592010000000,0.056,1601
1592096400000,0.055,1580
1592182800000,0.056,1975
1592269200000,0.055,2035
1592355600000,0.055,1867
1592442000000,0.054,1858
1592528400000,0.053,1579
1592614800000,0.054,1719
1592701200000,0.054,1554
1592787600000,0.053,1658
1592874000000,0.054,1558
1592960400000,0.053,1731
1593046800000,0.052,1957
1593133200000,0.049,2256
1593219600000,0.048,1971
1593306000000,0.046,1520
1593392400000,0.044,1724
1593478800000,0.045,1748
1593565200000,0.047,2035
1593651600000,0.047,1954
1593738000000,0.048,1772
1593824400000,0.047,1640
1593910800000,0.047,1600
1593997200000,0.048,1769
1594083600000,0.047,1524
1594170000000,0.045,1707
1594256400000,0.047,1674
1594342800000,0.048,1563
1594429200000,0.049,1656
1594515600000,0.05,1677
1594602000000,0.049,1538
1594688400000,0.05,1517
1594774800000,0.05,1690
1594861200000,0.051,1837
1594947600000,0.052,1695
1595034000000,0.052,1632
1595120400000,0.052,1646
1595206800000,0.054,1769
1595293200000,0.054,1574
1595379600000,0.054,1635
1595466000000,0.054,1794
1595552400000,0.055,1871
1595638800000,0.054,1830
1595725200000,0.055,1561
1595811600000,0.055,1531
1595898000000,0.056,1552
1595984400000,0.056,1632
1596070800000,0.055,1513
1596157200000,0.056,1365
1596243600000,0.056,1335
1596330000000,0.056,1291
1596416400000,0.056,1544
1596502800000,0.056,1423
1596589200000,0.055,1682
1596675600000,0.055,1339
1596762000000,0.054,1791
1596848400000,0.055,1878
1596934800000,0.055,1759
1597021200000,0.056,1930
1597107600000,0.056,1920
1597194000000,0.055,2118
1597280400000,0.053,1723
1597366800000,0.055,1738
1597453200000,0.055,1574
1597539600000,0.055,1538
1597626000000,0.054,1755
1597712400000,0.055,1627
1597798800000,0.055,1602
1597885200000,0.054,1685
1597971600000,0.054,1719
1598058000000,0.054,1663
1598144400000,0.054,1582
1598230800000,0.054,1576
1598317200000,0.053,1552
1598403600000,0.053,1717
1598490000000,0.052,1571
1598576400000,0.053,1524
1598662800000,0.053,1627
1598749200000,0.052,1485
1598835600000,0.052,1503
1598922000000,0.052,1281
1599008400000,0.053,1589
1599094800000,0.05,1305
1599181200000,0.052,1454
1599267600000,0.051,1596
1599354000000,0.049,1370
1599440400000,0.049,1288
1599526800000,0.049,1313
1599613200000,0.048,1352
1599699600000,0.05,1410
1599786000000,0.05,1361
1599872400000,0.05,1487
1599958800000,0.05,1459
1600045200000,0.048,1199
1600131600000,0.049,1203
1600218000000,0.048,1303
1600304400000,0.048,1295
1600390800000,0.048,2217
1600477200000,0.047,1767
1600563600000,0.047,1663
1600650000000,0.046,1332
1600736400000,0.047,1357
1600822800000,0.048,1563
1600909200000,0.046,1396
1600995600000,0.046,1505
1601082000000,0.046,1611
1601168400000,0.046,1700
1601254800000,0.045,1313
1601341200000,0.046,1343
1601427600000,0.046,1345
1601514000000,0.046,1353
1601600400000,0.045,1272
1601686800000,0.046,1423
1601773200000,0.045,1607
1601859600000,0.046,1354
1601946000000,0.046,1427
1602032400000,0.046,1648
1602118800000,0.045,1530
1602205200000,0.045,1376
1602291600000,0.046,1401
1602378000000,0.046,1603
1602464400000,0.046,1271
1602550800000,0.046,1288
1602637200000,0.046,1677
1602723600000,0.045,1273
1602810000000,0.046,1380
1602896400000,0.047,1529
1602982800000,0.047,1548
1603069200000,0.047,1325
1603155600000,0.047,1059
1603242000000,0.048,1381
1603328400000,0.047,1513
1603414800000,0.047,1437
1603501200000,0.048,1585
1603587600000,0.048,1603
1603674000000,0.048,1333
1603760400000,0.047,1371
1603846800000,0.046,1651
1603933200000,0.045,1623
1604019600000,0.044,1520
1604106000000,0.043,1594
1604192400000,0.043,1560
1604278800000,0.043,1133
1604365200000,0.043,1487
1604451600000,0.044,1670
1604538000000,0.044,1538
1604624400000,0.045,1451
1604710800000,0.045,1526
1604797200000,0.044,1454
1604883600000,0.045,1370
1604970000000,0.046,1574
1605056400000,0.048,1378
1605142800000,0.045,1171
1605229200000,0.045,1302
1605315600000,0.046,1491
1605402000000,0.048,1678
1605488400000,0.047,1448
1605574800000,0.048,1581
1605661200000,0.048,1693
1605747600000,0.05,1639
1605834000000,0.05,1735
1605920400000,0.051,1834
1606006800000,0.051,1656
1606093200000,0.05,1798
1606179600000,0.049,2116
1606266000000,0.05,1667
1606352400000,0.045,1916
1606438800000,0.043,1838
1606525200000,0.044,1937
1606611600000,0.043,1757
1606698000000,0.043,1748
1606784400000,0.044,1787
1606870800000,0.044,1296
1606957200000,0.044,1553
1607043600000,0.044,2328
1607130000000,0.047,2425
1607216400000,0.051,2382
1607302800000,0.054,2029
1607389200000,0.054,2267
1607475600000,0.055,2406
1607562000000,0.055,1995
1607648400000,0.056,2004
1607734800000,0.06,2755
1607821200000,0.06,1957
1607907600000,0.062,1735
1607994000000,0.063,1872
1608080400000,0.064,2183
1608166800000,0.064,1969
1608253200000,0.065,1891
1608339600000,0.066,2113
1608426000000,0.068,2139
1608512400000,0.068,1803
1608598800000,0.065,1762
1608685200000,0.062,2329
1608771600000,0.06,2205
1608858000000,0.061,2056
1608944400000,0.061,2268
1609030800000,0.064,1373
1609117200000,0.063,1846
1609203600000,0.064,2222
1609290000000,0.066,2592
1609376400000,0.066,1729
1609462800000,0.069,1856
1609549200000,0.069,1909
1609635600000,0.069,2112
1609722000000,0.071,2264
1609808400000,0.073,2215
1609894800000,0.074,2160
1609981200000,0.077,2180
1610067600000,0.081,2033
1610154000000,0.079,1955
1610240400000,0.078,1998
1610326800000,0.081,2453
1610413200000,0.079,2191
1610499600000,0.081,2246
1610586000000,0.079,1799
1610672400000,0.08,1840
1610758800000,0.08,1876
1610845200000,0.082,1731
1610931600000,0.082,1716
1611018000000,0.08,1854
1611104400000,0.081,2211
1611190800000,0.081,3423
1611277200000,0.081,1745
1611363600000,0.08,1677
1611450000000,0.081,1558
1611536400000,0.081,1703
1611622800000,0.081,1343
1611709200000,0.083,1939
1611795600000,0.072,2118
1611882000000,0.07,1877
1611968400000,0.07,2017
1612054800000,0.068,1757
1612141200000,0.068,1526
1612227600000,0.071,1873
1612314000000,0.069,1902
1612400400000,0.069,1821
1612486800000,0.07,1545
1612573200000,0.069,1663
1612659600000,0.072,1981
1612746000000,0.07,1689
1612832400000,0.071,1940
1612918800000,0.069,1985
1613005200000,0.069,2113
1613091600000,0.065,1770
1613178000000,0.064,2172
1613264400000,0.064,2014
1613350800000,0.063,1574
1613437200000,0.065,1714
1613523600000,0.066,2186
1613610000000,0.067,1951
1613696400000,0.068,1634
1613782800000,0.069,1961
1613869200000,0.07,1730
1613955600000,0.073,2007
1614042000000,0.073,1748
1614128400000,0.074,2255
1614214800000,0.075,2035
1614301200000,0.074,2067
1614387600000,0.074,2142
1614474000000,0.074,1808
1614560400000,0.074,1769
1614646800000,0.072,1624
1614733200000,0.075,2325
1614819600000,0.075,1975
1614906000000,0.076,2079
1614992400000,0.077,2193
1615078800000,0.078,1961
1615165200000,0.08,2217
1615251600000,0.08,2240
1615338000000,0.083,2394
1615424400000,0.083,2413
1615510800000,0.087,2468
1615597200000,0.087,2841
1615683600000,0.09,2067
1615770000000,0.09,1945
1615856400000,0.089,1803
1615942800000,0.09,2484
1616029200000,0.09,2625
1616115600000,0.089,2387
1616202000000,0.089,2598
1616288400000,0.09,2319
1616374800000,0.09,2339
1616461200000,0.096,2284
1616547600000,0.098,2207
1616634000000,0.096,1858
1616720400000,0.1,2403
1616806800000,0.105,2155
1616893200000,0.105,1828
1616979600000,0.105,1981
1617066000000,0.1,1957
1617152400000,0.099,2098
1617238800000,0.098,1895
1617325200000,0.1,2458
1617411600000,0.098,2175
1617498000000,0.099,2021
1617584400000,0.103,2254
1617670800000,0.102,1788
1617757200000,0.089,2052
1617843600000,0.075,2174
1617930000000,0.074,2710
1618016400000,0.073,2426
1618102800000,0.074,1909
1618189200000,0.073,1792
1618275600000,0.076,1936
1618362000000,0.077,536
1618448400000,0.081,2353
1618534800000,0.082,2115
1618621200000,0.084,2121
1618707600000,0.088,1654
1618794000000,0.09,1771
1618880400000,0.092,1913
1618966800000,0.093,2330
1619053200000,0.097,1545
1619139600000,0.098,1762
1619226000000,0.104,1591
1619312400000,0.1,1701
1619398800000,0.102,1349
1619485200000,0.102,1409
1619571600000,0.101,1598
1619658000000,0.103,1745
1619744400000,0.105,2156
1619830800000,0.107,1563
1619917200000,0.109,1792
1620003600000,0.11,1723
1620090000000,0.112,2239
1620176400000,0.115,2809
1620262800000,0.12,2016
1620349200000,0.119,1976
1620435600000,0.124,2014
1620522000000,0.124,1571
1620608400000,0.126,1966
1620694800000,0.129,1522
1620781200000,0.125,1751
1620867600000,0.125,1852
1620954000000,0.124,1803
1621040400000,0.122,1599
1621126800000,0.12,1496
1621213200000,0.114,1278
1621299600000,0.11,1137
1621386000000,0.109,1594
1621472400000,0.109,1687
1621558800000,0.104,1319
1621645200000,0.102,1677
1621731600000,0.102,1702
1621818000000,0.114,1681
1621904400000,0.105,1351
1621990800000,0.111,1769
1622077200000,0.108,1621
1622163600000,0.109,1717
1622250000000,0.111,1843
1622336400000,0.108,1742
1622422800000,0.108,1483
1622509200000,0.107,1284
1622595600000,0.108,1767
1622682000000,0.105,1546
1622768400000,0.103,1802
1622854800000,0.102,1724
1622941200000,0.1,1388
1623027600000,0.099,1311
1623114000000,0.1,1273
1623200400000,0.102,1679
1623286800000,0.106,1402
1623373200000,0.102,1330
1623459600000,0.1,1255
1623546000000,0.1,1350
1623632400000,0.1,1244
1623718800000,0.099,1198
1623805200000,0.098,1294
1623891600000,0.096,1186
1623978000000,0.095,1232
1624064400000,0.097,1303
1624150800000,0.095,1056
1624237200000,0.094,1234
1624323600000,0.09,1179
1624410000000,0.087,1370
1624496400000,0.082,1578
1624582800000,0.078,1871
1624669200000,0.076,1504
1624755600000,0.076,1066
1624842000000,0.074,1235
1624928400000,0.073,1195
1625014800000,0.075,1305
1625101200000,0.072,1106
1625187600000,0.072,1458
1625274000000,0.071,1377
1625360400000,0.07,1233
1625446800000,0.069,1272
1625533200000,0.068,1245
1625619600000,0.068,1410
1625706000000,0.066,1856
1625792400000,0.069,1015
1625878800000,0.067,859
1625965200000,0.07,1108
1626051600000,0.067,910
1626138000000,0.066,1041
1626224400000,0.065,952
1626310800000,0.065,1218
1626397200000,0.063,939
1626483600000,0.063,916
1626570000000,0.065,1136
1626656400000,0.064,1171
1626742800000,0.062,955
1626829200000,0.062,1347
1626915600000,0.062,1398
1627002000000,0.063,1100
1627088400000,0.063,1094
1627174800000,0.063,1130
1627261200000,0.063,1031
1627347600000,0.065,421
1627434000000,0.061,1085
1627520400000,0.062,1271
1627606800000,0.064,1323
1627693200000,0.064,1270
1627779600000,0.064,984
1627866000000,0.063,1163
1627952400000,0.065,1000
1628038800000,0.063,1083
1628125200000,0.063,776
1628211600000,0.065,1415
1628298000000,0.065,1091
1628384400000,0.063,929
1628470800000,0.061,1092
1628557200000,0.064,1074
1628643600000,0.061,1036
1628730000000,0.063,1048
1628816400000,0.062,1060
1628902800000,0.062,1005
1628989200000,0.064,834
1629075600000,0.062,1032
1629162000000,0.062,964
1629248400000,0.061,1027
1629334800000,0.061,1048
1629421200000,0.062,1072
1629507600000,0.062,1147
1629594000000,0.062,1041
1629680400000,0.061,1011
1629766800000,0.063,1195
1629853200000,0.066,1499
1629939600000,0.061,1081
1630026000000,0.061,1107
1630112400000,0.063,1075
1630198800000,0.063,1107
1630285200000,0.063,1080
1630371600000,0.062,943
1630458000000,0.062,907
1630544400000,0.062,1011
1630630800000,0.061,1043
1630717200000,0.061,1122
1630803600000,0.062,1179
1630890000000,0.062,1033
1630976400000,0.061,910
1631062800000,0.061,978
1631149200000,0.06,845
1631235600000,0.061,1455
1631322000000,0.06,1484
1631408400000,0.059,1173
1631494800000,0.061,1267
1631581200000,0.061,979
1631667600000,0.058,779
1631754000000,0.057,983
1631840400000,0.058,1010
1631926800000,0.058,1234
1632013200000,0.059,1210
1632099600000,0.06,954
1632186000000,0.059,1057
1632272400000,0.061,2819
1632358800000,0.065,2974
1632445200000,0.069,2096
1632531600000,0.073,2408
1632618000000,0.076,1767
1632704400000,0.078,1445
1632790800000,0.081,1378
1632877200000,0.082,1567
1632963600000,0.082,1436
1633050000000,0.084,1067
1633136400000,0.087,1722
1633222800000,0.089,1478
1633309200000,0.092,1543
1633395600000,0.094,1319
1633482000000,0.095,1602
1633568400000,0.095,1213
1633654800000,0.095,1086
1633741200000,0.097,1411
1633827600000,0.097,1044
1633914000000,0.099,1135
1634000400000,0.095,1484
1634086800000,0.094,987
1634173200000,0.091,1003
1634259600000,0.091,1124
1634346000000,0.091,1015
1634432400000,0.09,859
1634518800000,0.087,783
1634605200000,0.089,818
1634691600000,0.089,1045
1634778000000,0.083,853
1634864400000,0.077,1089
1634950800000,0.078,1418
1635037200000,0.079,1035
1635123600000,0.076,1052
1635210000000,0.075,819
1635296400000,0.076,1083
1635382800000,0.076,1046
1635469200000,0.074,1295
1635555600000,0.073,1178
1635642000000,0.075,1103
1635728400000,0.073,1110
1635814800000,0.073,802
1635901200000,0.075,1221
1635987600000,0.078,1267
1636074000000,0.079,949
1636160400000,0.077,1087
1636246800000,0.076,1000
1636333200000,0.077,1068
1636419600000,0.077,823
1636506000000,0.073,1154
1636592400000,0.072,1048
1636678800000,0.073,1115
1636765200000,0.072,1013
1636851600000,0.072,943
1636938000000,0.073,827
1637024400000,0.075,1009
1637110800000,0.076,1034
1637197200000,0.077,893
1637283600000,0.077,984
1637370000000,0.079,1085
1637456400000,0.079,930
1637542800000,0.078,766
1637629200000,0.08,878
1637715600000,0.078,997
1637802000000,0.074,1181
1637888400000,0.072,1136
1637974800000,0.071,1150
1638061200000,0.072,1089
1638147600000,0.072,1053
1638234000000,0.069,1108
1638320400000,0.067,1117
1638406800000,0.068,1035
1638493200000,0.073,1059
1638579600000,0.077,1434
1638666000000,0.081,1402
1638752400000,0.083,1059
1638838800000,0.078,891
1638925200000,0.078,874
1639011600000,0.08,885
1639098000000,0.08,705
1639184400000,0.079,1528
1639270800000,0.077,1173
1639357200000,0.079,758
1639443600000,0.082,861
1639530000000,0.079,835
1639616400000,0.081,839
1639702800000,0.081,929
1639789200000,0.078,837
1639875600000,0.079,862
1639962000000,0.08,877
1640048400000,0.083,748
1640134800000,0.09,1036
1640221200000,0.09,1020
1640307600000,0.087,1028
1640394000000,0.086,1096
1640480400000,0.087,1006
1640566800000,0.083,851
1640653200000,0.085,893
1640739600000,0.083,1086
1640826000000,0.084,1021
1640912400000,0.087,1123
1640998800000,0.082,852
1641085200000,0.086,980
1641171600000,0.088,1191
1641258000000,0.087,1033
1641344400000,0.086,1110
1641430800000,0.087,1128
1641517200000,0.09,867
1641603600000,0.095,1302
1641690000000,0.091,879
1641776400000,0.093,918
1641862800000,0.094,926
1641949200000,0.092,834
1642035600000,0.094,995
1642122000000,0.101,1404
1642208400000,0.101,952
1642294800000,0.096,789
1642381200000,0.103,879
1642467600000,0.103,820
1642554000000,0.101,872
1642640400000,0.1,991
1642726800000,0.102,1783
1642813200000,0.096,1006
1642899600000,0.096,1191
1642986000000,0.096,1057
1643072400000,0.095,827
1643158800000,0.096,1175
1643245200000,0.091,1057
1643331600000,0.087,1338
1643418000000,0.086,1557
1643504400000,0.084,1408
1643590800000,0.084,1311
1643677200000,0.083,1081
1643763600000,0.088,2097
1643850000000,0.082,1119
1643936400000,0.085,1397
1644022800000,0.085,1095
1644109200000,0.086,1032
1644195600000,0.086,1073
1644282000000,0.086,937
1644368400000,0.088,1272
1644454800000,0.084,959
1644541200000,0.085,1037
1644627600000,0.086,1085
1644714000000,0.088,1363
1644800400000,0.091,1067
1644886800000,0.087,717
1644973200000,0.086,953
1645059600000,0.092,865
1645146000000,0.085,941
1645232400000,0.085,952
1645318800000,0.087,1247
1645405200000,0.087,819
1645491600000,0.089,1063
1645578000000,0.089,1143
1645664400000,0.089,889
1645750800000,0.088,772
1645837200000,0.084,995
1645923600000,0.088,1183
1646010000000,0.085,801
1646096400000,0.083,742
1646182800000,0.085,976
1646269200000,0.085,979
1646355600000,0.08,980
1646442000000,0.082,1345
1646528400000,0.081,1269
1646614800000,0.079,1199
1646701200000,0.076,1428
1646787600000,0.08,1715
1646874000000,0.079,1018
1646960400000,0.085,949
1647046800000,0.084,1316
1647133200000,0.083,1099
1647219600000,0.086,888
1647306000000,0.084,811
1647392400000,0.083,1111
1647478800000,0.08,892
1647565200000,0.085,1019
1647651600000,0.084,1058
1647738000000,0.084,1073
1647824400000,0.082,804
1647910800000,0.084,803
1647997200000,0.085,959
1648083600000,0.086,1062
1648170000000,0.089,869
1648256400000,0.084,817
1648342800000,0.083,869
1648429200000,0.083,871
1648515600000,0.083,1119
1648602000000,0.087,715
1648688400000,0.093,588
1648774800000,0.09,696
1648861200000,0.09,900
1648947600000,0.089,1296
1649034000000,0.095,1269
1649120400000,0.088,592
1649206800000,0.088,754
1649293200000,0.088,729
1649379600000,0.089,831
1649466000000,0.089,746
1649552400000,0.088,733
1649638800000,0.09,748
1649725200000,0.088,932
1649811600000,0.09,1074
1649898000000,0.088,804
1649984400000,0.089,862
1650070800000,0.092,1086
1650157200000,0.091,722
1650243600000,0.089,679
1650330000000,0.094,699
1650416400000,0.09,784
1650502800000,0.088,809
1650589200000,0.094,811
1650675600000,0.099,953
1650762000000,0.092,735
1650848400000,0.094,853
1650934800000,0.098,826
1651021200000,0.099,1009
1651107600000,0.094,726
1651194000000,0.096,878
1651280400000,0.092,761
1651366800000,0.092,898
1651453200000,0.105,973
1651539600000,0.109,1090
1651626000000,0.098,938
1651712400000,0.088,763
1651798800000,0.082,728
1651885200000,0.083,780
1651971600000,0.085,897
1652058000000,0.083,750
1652144400000,0.085,807
1652230800000,0.086,973
1652317200000,0.085,1400
1652403600000,0.094,683
1652490000000,0.094,1003
1652576400000,0.091,990
1652662800000,0.085,748
1652749200000,0.086,604
1652835600000,0.089,746
1652922000000,0.085,727
1653008400000,0.084,715
1653094800000,0.085,804
1653181200000,0.085,807
1653267600000,0.084,595
1653354000000,0.084,796
1653440400000,0.081,675
1653526800000,0.079,631
1653613200000,0.079,970
1653699600000,0.08,986
1653786000000,0.08,888
1653872400000,0.079,626
1653958800000,0.08,466
1654045200000,0.088,726
1654131600000,0.082,954
1654218000000,0.081,952
1654304400000,0.078,657
1654390800000,0.079,911
1654477200000,0.08,812
1654563600000,0.082,841
1654650000000,0.081,807
1654736400000,0.078,731
1654822800000,0.078,575
1654909200000,0.08,857
1654995600000,0.081,986
1655082000000,0.08,682
1655168400000,0.078,610
1655254800000,0.08,930
1655341200000,0.076,788
1655427600000,0.074,651
1655514000000,0.072,731
1655600400000,0.076,667
1655686800000,0.075,593
1655773200000,0.073,558
1655859600000,0.073,844
1655946000000,0.071,536
1656032400000,0.069,856
1656118800000,0.066,910
1656205200000,0.067,1557
1656291600000,0.065,1045
1656378000000,0.067,912
1656464400000,0.067,953
1656550800000,0.069,726
1656637200000,0.069,675
1656723600000,0.069,721
1656810000000,0.07,793
1656896400000,0.072,850
1656982800000,0.071,969
1657069200000,0.067,775
1657155600000,0.064,658
1657242000000,0.064,793
1657328400000,0.069,791
1657414800000,0.071,974
1657501200000,0.071,958
1657587600000,0.072,808
1657674000000,0.071,639
1657760400000,0.072,826
1657846800000,0.074,844
1657933200000,0.073,725
1658019600000,0.074,825
1658106000000,0.075,925
1658192400000,0.077,788
1658278800000,0.076,710
1658365200000,0.076,909
1658451600000,0.076,1425
1658538000000,0.077,798
1658624400000,0.077,823
1658710800000,0.081,1047
1658797200000,0.083,743
1658883600000,0.079,1074
1658970000000,0.077,725
1659056400000,0.078,716
1659142800000,0.077,649
1659229200000,0.08,803
1659315600000,0.081,1103
1659402000000,0.076,662
1659488400000,0.082,1073
1659574800000,0.075,805
1659661200000,0.075,734
1659747600000,0.076,816
1659834000000,0.076,963
1659920400000,0.075,894
1660006800000,0.072,319
1660093200000,0.078,1094
1660179600000,0.078,1189
1660266000000,0.081,873
1660352400000,0.085,843
1660438800000,0.082,631
1660525200000,0.082,957
1660611600000,0.083,881
1660698000000,0.08,1103
1660784400000,0.083,1136
1660870800000,0.087,1037
1660957200000,0.089,884
1661043600000,0.094,764
1661130000000,0.085,571
1661216400000,0.081,608
1661302800000,0.081,876
1661389200000,0.083,1081
1661475600000,0.082,696
1661562000000,0.084,821
1661648400000,0.089,908
1661734800000,0.09,818
1661821200000,0.093,729
1661907600000,0.091,685
1661994000000,0.091,691
1662080400000,0.083,1010
1662166800000,0.08,819
1662253200000,0.082,981
1662339600000,0.08,612
1662426000000,0.079,676
1662512400000,0.079,769
1662598800000,0.082,773
1662685200000,0.081,781
1662771600000,0.081,798
1662858000000,0.081,809
1662944400000,0.078,692
1663030800000,0.08,854
1663117200000,0.08,812
1663203600000,0.08,970
1663290000000,0.076,623
1663376400000,0.076,921
1663462800000,0.077,988
1663549200000,0.076,682
1663635600000,0.078,763
1663722000000,0.077,760
1663808400000,0.078,952
1663894800000,0.075,838
1663981200000,0.079,959
1664067600000,0.077,985
1664154000000,0.075,689
1664240400000,0.075,769
1664326800000,0.077,898
1664413200000,0.076,721
1664499600000,0.076,823
1664586000000,0.075,1066
1664672400000,0.077,1075
1664758800000,0.076,649
1664845200000,0.079,915
1664931600000,0.078,997
1665018000000,0.078,674
1665104400000,0.08,801
1665190800000,0.083,1175
1665277200000,0.084,1062
1665363600000,0.085,653
1665450000000,0.087,600
1665536400000,0.084,607
1665622800000,0.086,819
1665709200000,0.086,498
1665795600000,0.085,784
1665882000000,0.088,960
1665968400000,0.091,693
1666054800000,0.09,601
1666141200000,0.093,1131
1666227600000,0.086,973
1666314000000,0.087,695
1666400400000,0.085,959
1666486800000,0.089,839
1666573200000,0.087,725
1666659600000,0.083,613
1666746000000,0.083,813
1666832400000,0.082,769
1666918800000,0.082,709
1667005200000,0.077,729
1667091600000,0.076,797
1667178000000,0.075,731
1667264400000,0.078,894
1667350800000,0.082,597
1667437200000,0.077,680
1667523600000,0.075,826
1667610000000,0.077,944
1667696400000,0.077,809
1667782800000,0.076,799
1667869200000,0.076,586
1667955600000,0.075,731
1668042000000,0.075,754
1668128400000,0.075,722
1668214800000,0.078,1048
1668301200000,0.078,918
1668387600000,0.079,617
1668474000000,0.08,681
1668560400000,0.078,703
1668646800000,0.08,745
1668733200000,0.08,759
1668819600000,0.077,798
1668906000000,0.078,863
1668992400000,0.081,1062
1669078800000,0.078,789
1669165200000,0.072,1000
1669251600000,0.071,1150
1669338000000,0.07,883
1669424400000,0.072,1023
1669510800000,0.07,860
1669597200000,0.071,1062
1669683600000,0.072,800
1669770000000,0.071,682
1669856400000,0.073,729
1669942800000,0.077,1097
1670029200000,0.076,722
1670115600000,0.078,727
1670202000000,0.076,602
1670288400000,0.079,736
1670374800000,0.08,624
1670461200000,0.08,609
1670547600000,0.08,729
1670634000000,0.078,668
1670720400000,0.078,746
1670806800000,0.078,617
1670893200000,0.077,688
1670979600000,0.077,749
1671066000000,0.074,792
1671152400000,0.074,785
1671238800000,0.075,736
1671325200000,0.074,820
1671411600000,0.074,923
1671498000000,0.076,940
1671584400000,0.076,1125
1671670800000,0.073,808
1671757200000,0.07,1203
1671843600000,0.07,1229
1671930000000,0.07,1249
1672016400000,0.073,1685
1672102800000,0.073,1150
1672189200000,0.07,1006
1672275600000,0.07,1170
1672362000000,0.066,1037
1672448400000,0.062,668
1672534800000,0.066,1058
1672621200000,0.062,890
1672707600000,0.065,1140
1672794000000,0.064,956
1672880400000,0.066,1120
1672966800000,0.067,983
1673053200000,0.071,1094
1673139600000,0.071,950
1673226000000,0.069,657
1673312400000,0.071,995
1673398800000,0.072,1082
1673485200000,0.072,806
1673571600000,0.071,695
1673658000000,0.072,965
1673744400000,0.072,835
1673830800000,0.071,736
1673917200000,0.075,799
1674003600000,0.075,849
1674090000000,0.076,890
1674176400000,0.078,1016
1674262800000,0.078,1026
1674349200000,0.076,990
1674435600000,0.075,801
1674522000000,0.075,745
1674608400000,0.076,904
1674694800000,0.078,954
1674781200000,0.079,990
1674867600000,0.08,1052
1674954000000,0.08,971
1675040400000,0.08,906
1675126800000,0.079,767
1675213200000,0.081,922
1675299600000,0.084,1086
1675386000000,0.083,866
1675472400000,0.082,986
1675558800000,0.081,1185
1675645200000,0.082,965
1675731600000,0.083,1021
1675818000000,0.083,1007
1675904400000,0.082,924
1675990800000,0.081,1175
1676077200000,0.081,1526
1676163600000,0.086,2029
1676250000000,0.089,1406
1676336400000,0.088,1609
1676422800000,0.088,1558
1676509200000,0.085,1305
1676595600000,0.093,1642
1676682000000,0.088,1346
1676768400000,0.085,1404
1676854800000,0.089,1478
1676941200000,0.087,1229
1677027600000,0.086,1245
1677114000000,0.086,1488
1677200400000,0.084,1480
1677286800000,0.085,1526
1677373200000,0.085,1313
1677459600000,0.083,1142
1677546000000,0.094,1513
1677632400000,0.083,1144
1677718800000,0.089,1667
1677805200000,0.089,1221
1677891600000,0.084,1282
1677978000000,0.084,1263
1678064400000,0.088,1445
1678150800000,0.089,1583
1678237200000,0.09,1309
1678323600000,0.092,1251
1678410000000,0.094,1225
1678496400000,0.095,1399
1678582800000,0.094,1635
1678669200000,0.093,1197
1678755600000,0.098,1666
1678842000000,0.094,1182
1678928400000,0.104,2208
1679014800000,0.098,1770
1679101200000,0.089,1421
1679187600000,0.087,1829
1679274000000,0.087,1497
1679360400000,0.083,1317
1679446800000,0.084,1839
1679533200000,0.08,1585
1679619600000,0.082,1973
1679706000000,0.09,2106
1679792400000,0.09,1743
1679878800000,0.084,1590
1679965200000,0.086,1762
1680051600000,0.088,2143
1680138000000,0.088,1677
1680224400000,0.091,1351
1680310800000,0.094,1458
1680397200000,0.097,1549
1680483600000,0.096,1700
1680570000000,0.11,1797
1680656400000,0.11,1548
1680742800000,0.111,1476
1680829200000,0.102,998
1680915600000,0.109,1362
1681002000000,0.111,1447
1681088400000,0.112,1536
1681174800000,0.116,1500
1681261200000,0.113,1647
1681347600000,0.111,1240
1681434000000,0.115,1150
1681520400000,0.114,972
1681606800000,0.111,956
1681693200000,0.113,1307
1681779600000,0.125,1566
1681866000000,0.126,1324
1681952400000,0.118,332
1681977600000,0.123,76
1681981200000,0.122,45
1681984800000,0.134,136
1681988400000,0.113,69
1681992000000,0.118,92
1681995600000,0.118,67
1681999200000,0.122,70
1682002800000,0.119,99
1682006400000,0.119,131
1682010000000,0.118,106
1682013600000,0.115,106
1682017200000,0.113,68
1682020800000,0.122,36
1682024400000,0.118,112
1682028000000,0.115,90
1682031600000,0.118,81
1682035200000,0.13,75
1682038800000,0.116,44
1682042400000,0.115,38
1682046000000,0.126,58
1682049600000,0.117,24
1682053200000,0.13,41
1682056800000,0.12,31
1682060400000,0.12,40
1682064000000,0.119,58
1682067600000,0.12,61
1682071200000,0.12,72
1682074800000,0.12,67
1682078400000,0.117,75
1682082000000,0.122,87
1682085600000,0.12,78
1682089200000,0.12,98
1682092800000,0.122,97
1682096400000,0.125,106
1682100000000,0.119,112
1682103600000,0.119,141
1682107200000,0.13,104
1682110800000,0.128,93
1682114400000,0.128,67
1682118000000,0.128,61
1682121600000,0.126,39
1682125200000,0.13,58
1682128800000,0.127,36
1682132400000,0.127,37
1682136000000,0.14,71
1682139600000,0.132,69
1682143200000,0.117,28
1682146800000,0.125,88
1682150400000,0.129,52
1682154000000,0.13,71
1682157600000,0.14,149
1682161200000,0.132,104
1682164800000,0.129,75
1682168400000,0.13,77
1682172000000,0.133,138
1682175600000,0.13,92
1682179200000,0.13,61
1682182800000,0.132,118
1682186400000,0.126,70
1682190000000,0.125,110
1682193600000,0.125,101
1682197200000,0.125,113
1682200800000,0.126,94
1682204400000,0.125,80
1682208000000,0.126,81
1682211600000,0.134,94
1682215200000,0.134,61
1682218800000,0.133,54
1682222400000,0.135,79
1682226000000,0.14,146
1682229600000,0.133,41
1682233200000,0.14,64
1682236800000,0.138,49
1682240400000,0.133,57
1682244000000,0.125,69
1682247600000,0.125,63
1682251200000,0.125,78
1682254800000,0.138,141
1682258400000,0.125,77
1682262000000,0.126,100
1682265600000,0.135,118
1682269200000,0.137,103
1682272800000,0.135,96
1682276400000,0.135,103
1682280000000,0.135,108
1682283600000,0.134,55
1682287200000,0.125,54
1682290800000,0.124,40
1682294400000,0.125,43
1682298000000,0.122,23
1682301600000,0.14,69
1682305200000,0.138,37
1682308800000,0.14,24
1682312400000,0.15,116
1682316000000,0.116,39
1682319600000,0.15,231
1682323200000,0.125,29
1682326800000,0.135,37
1682330400000,0.135,35
1682334000000,0.139,47
1682337600000,0.135,48
1682341200000,0.135,52
1682344800000,0.138,85
1682348400000,0.135,100
1682352000000,0.138,91
1682355600000,0.135,83
1682359200000,0.13,83
1682362800000,0.138,157
1682366400000,0.135,82
1682370000000,0.128,66
1682373600000,0.128,54
1682377200000,0.125,47
1682380800000,0.126,27
1682384400000,0.129,39
1682388000000,0.15,188
1682391600000,0.151,169
1682395200000,0.155,143
1682398800000,0.16,137
1682402400000,0.167,130
1682406000000,0.172,139
1682409600000,0.16,100
1682413200000,0.165,133
1682416800000,0.162,124
1682420400000,0.184,189
1682424000000,0.167,167
1682427600000,0.159,143
1682431200000,0.165,169
1682434800000,0.168,152
1682438400000,0.159,149
1682442000000,0.16,184
1682445600000,0.154,127
1682449200000,0.149,162
1682452800000,0.151,186
1682456400000,0.154,186
1682460000000,0.164,102
1682463600000,0.157,38
1682467200000,0.151,47
1682470800000,0.144,47
1682474400000,0.15,48
1682478000000,0.15,47
1682481600000,0.164,48
1682485200000,0.16,26
1682488800000,0.15,26
1682492400000,0.151,38
1682496000000,0.15,49
1682499600000,0.154,59
1682503200000,0.159,60
1682506800000,0.151,44
1682510400000,0.15,73
1682514000000,0.153,113
1682517600000,0.159,85
1682521200000,0.156,121
1682524800000,0.146,76
1682528400000,0.153,138
1682532000000,0.148,103
1682535600000,0.146,105
1682539200000,0.144,118
1682542800000,0.146,74
1682546400000,0.14,86
1682550000000,0.145,122
1682553600000,0.14,52
1682557200000,0.14,39
1682560800000,0.152,29
1682564400000,0.16,71
1682568000000,0.14,29
1682571600000,0.137,22
1682575200000,0.148,47
1682578800000,0.15,42
1682582400000,0.153,68
1682586000000,0.15,54
1682589600000,0.142,30
1682593200000,0.142,65
1682596800000,0.155,61
1682600400000,0.144,54
1682604000000,0.144,85
1682607600000,0.144,112
1682611200000,0.14,97
1682614800000,0.145,93
1682618400000,0.14,91
1682622000000,0.14,90
1682625600000,0.14,103
1682629200000,0.146,97
1682632800000,0.136,59
1682636400000,0.141,51
1682640000000,0.138,60
1682643600000,0.14,55
1682647200000,0.128,34
1682650800000,0.14,30
1682654400000,0.15,43
1682658000000,0.146,30
1682661600000,0.143,32
1682665200000,0.147,35
1682668800000,0.143,41
1682672400000,0.151,42
1682676000000,0.146,57
1682679600000,0.145,65
1682683200000,0.142,49
1682686800000,0.144,56
1682690400000,0.142,67
1682694000000,0.14,103
1682697600000,0.147,127
1682701200000,0.146,110
1682704800000,0.141,104
1682708400000,0.141,94
1682712000000,0.138,98
1682715600000,0.139,88
1682719200000,0.138,84
1682722800000,0.139,68
1682726400000,0.144,63
1682730000000,0.14,22
1682733600000,0.138,38
1682737200000,0.14,37
1682740800000,0.143,43
1682744400000,0.147,40
1682748000000,0.144,35
1682751600000,0.151,74
1682755200000,0.148,50
1682758800000,0.142,69
1682762400000,0.15,78
1682766000000,0.14,87
1682769600000,0.14,77
1682773200000,0.14,74
1682776800000,0.139,84
1682780400000,0.142,105
1682784000000,0.14,92
1682787600000,0.14,72
1682791200000,0.139,71
1682794800000,0.14,90
1682798400000,0.139,89
1682802000000,0.144,98
1682805600000,0.139,82
1682809200000,0.139,57
1682812800000,0.137,57
1682816400000,0.14,44
1682820000000,0.144,41
1682823600000,0.14,32
1682827200000,0.139,28
1682830800000,0.156,47
1682834400000,0.14,31
1682838000000,0.139,32
1682841600000,0.142,41
1682845200000,0.139,39
1682848800000,0.14,56
1682852400000,0.15,53
1682856000000,0.139,68
1682859600000,0.139,81
1682863200000,0.139,54
1682866800000,0.139,64
1682870400000,0.139,65
1682874000000,0.139,83
1682877600000,0.135,83
1682881200000,0.139,93
1682884800000,0.139,91
1682888400000,0.139,105
1682892000000,0.139,84
1682895600000,0.134,69
1682899200000,0.13,36
1682902800000,0.131,38
1682906400000,0.129,39
1682910000000,0.134,29
1682913600000,0.132,25
1682917200000,0.137,24
1682920800000,0.14,35
1682924400000,0.137,35
1682928000000,0.138,49
1682931600000,0.15,240
1682935200000,0.15,91
1682938800000,0.13,71
1682942400000,0.137,74
1682946000000,0.132,73
1682949600000,0.142,117
1682953200000,0.132,73
1682956800000,0.137,76
1682960400000,0.131,68
1682964000000,0.136,73
1682967600000,0.132,83
1682971200000,0.132,87
1682974800000,0.124,53
1682978400000,0.129,81
1682982000000,0.13,44
1682985600000,0.13,19
1682989200000,0.134,36
1682992800000,0.124,15
1682996400000,0.124,27
1683000000000,0.129,23
1683003600000,0.136,23
1683007200000,0.134,20
1683010800000,0.137,45
1683014400000,0.137,48
1683018000000,0.133,41
1683021600000,0.13,47
1683025200000,0.138,53
1683028800000,0.135,64
1683032400000,0.145,192
1683036000000,0.129,51
1683039600000,0.133,63
1683043200000,0.139,74
1683046800000,0.137,109
1683050400000,0.137,92
1683054000000,0.133,88
1683057600000,0.134,70
1683061200000,0.129,55
1683064800000,0.129,57
1683068400000,0.128,43
1683072000000,0.127,42
1683075600000,0.128,34
1683079200000,0.133,26
1683082800000,0.126,34
1683086400000,0.143,60
1683090000000,0.146,42
1683093600000,0.146,50
1683097200000,0.142,19
1683100800000,0.14,34
1683104400000,0.139,36
1683108000000,0.139,37
1683111600000,0.136,39
1683115200000,0.138,72
1683118800000,0.138,68
1683122400000,0.139,74
1683126000000,0.138,72
1683129600000,0.13,56
1683133200000,0.129,52
1683136800000,0.135,87
1683140400000,0.135,120
1683144000000,0.129,97
1683147600000,0.133,104
1683151200000,0.131,80
1683154800000,0.127,54
1683158400000,0.132,40
1683162000000,0.13,21
1683165600000,0.139,27
1683169200000,0.127,22
1683172800000,0.136,20
1683176400000,0.136,17
1683180000000,0.136,22
1683183600000,0.129,20
1683187200000,0.136,22
1683190800000,0.139,45
1683194400000,0.143,74
1683198000000,0.136,36
1683201600000,0.137,48
1683205200000,0.137,46
1683208800000,0.139,60
1683212400000,0.136,58
1683216000000,0.137,76
1683219600000,0.134,62
1683223200000,0.133,83
1683226800000,0.133,79
1683230400000,0.15,165
1683234000000,0.133,70
1683237600000,0.133,62
1683241200000,0.128,50
1683244800000,0.127,30
1683248400000,0.136,79
1683252000000,0.134,33
1683255600000,0.133,31
1683259200000,0.129,46
1683262800000,0.134,42
1683266400000,0.134,47
1683270000000,0.128,45
1683273600000,0.129,76
1683277200000,0.127,61
1683280800000,0.133,61
1683284400000,0.138,79
1683288000000,0.14,81
1683291600000,0.14,68
1683295200000,0.14,58
1683298800000,0.14,27
1683302400000,0.14,41
1683306000000,0.14,108
1683309600000,0.14,68
1683313200000,0.126,81
1683316800000,0.127,103
1683320400000,0.126,69
1683324000000,0.13,80
1683327600000,0.119,37
1683331200000,0.128,52
1683334800000,0.13,39
1683338400000,0.14,62
1683342000000,0.129,24
1683345600000,0.126,33
1683349200000,0.128,66
1683352800000,0.128,30
1683356400000,0.128,63
1683360000000,0.133,101
1683363600000,0.134,76
1683367200000,0.13,62
1683370800000,0.14,170
1683374400000,0.127,66
1683378000000,0.131,63
1683381600000,0.13,43
1683385200000,0.13,36
1683388800000,0.13,80
1683392400000,0.127,85
1683396000000,0.126,88
1683399600000,0.127,68
1683403200000,0.13,77
1683406800000,0.13,73
1683410400000,0.129,61
1683414000000,0.113,61
1683417600000,0.118,58
1683421200000,0.113,27
1683424800000,0.115,31
1683428400000,0.115,33
1683432000000,0.116,18
1683435600000,0.13,43
1683439200000,0.127,33
1683442800000,0.118,41
1683446400000,0.121,28
1683450000000,0.117,49
1683453600000,0.115,56
1683457200000,0.118,79
1683460800000,0.117,43
1683464400000,0.117,83
1683468000000,0.12,85
1683471600000,0.126,100
1683475200000,0.123,92
1683478800000,0.117,76
1683482400000,0.118,74
1683486000000,0.117,84
1683489600000,0.117,92
1683493200000,0.118,71
1683496800000,0.117,67
1683500400000,0.118,58
1683504000000,0.113,37
1683507600000,0.126,79
1683511200000,0.115,33
1683514800000,0.115,23
1683518400000,0.108,31
1683522000000,0.121,30
1683525600000,0.121,38
1683529200000,0.124,34
1683532800000,0.125,29
1683536400000,0.121,33
1683540000000,0.113,49
1683543600000,0.117,55
1683547200000,0.123,68
1683550800000,0.123,71
1683554400000,0.117,52
1683558000000,0.115,69
1683561600000,0.126,92
1683565200000,0.118,74
1683568800000,0.12,79
1683572400000,0.116,64
1683576000000,0.117,52
1683579600000,0.118,82
1683583200000,0.116,34
1683586800000,0.118,37
1683590400000,0.113,39
1683594000000,0.107,16
1683597600000,0.114,26
1683601200000,0.103,11
1683604800000,0.121,17
1683608400000,0.126,33
1683612000000,0.105,13
1683615600000,0.116,17
1683619200000,0.125,30
1683622800000,0.117,52
1683626400000,0.116,35
1683630000000,0.118,57
1683633600000,0.118,57
1683637200000,0.127,47
1683640800000,0.126,83
1683644400000,0.123,62
1683648000000,0.122,70
1683651600000,0.116,60
1683655200000,0.115,58
1683658800000,0.115,82
1683662400000,0.122,62
1683666000000,0.116,55
1683669600000,0.113,44
1683673200000,0.115,48
1683676800000,0.113,40
1683680400000,0.109,24
1683684000000,0.115,27
1683687600000,0.115,28
1683691200000,0.117,32
1683694800000,0.115,26
1683698400000,0.117,23
1683702000000,0.118,23
1683705600000,0.118,43
1683709200000,0.124,53
1683712800000,0.115,30
1683716400000,0.124,58
1683720000000,0.124,64
1683723600000,0.121,69
1683727200000,0.117,59
1683730800000,0.123,85
1683734400000,0.115,57
1683738000000,0.124,136
1683741600000,0.124,138
1683745200000,0.12,77
1683748800000,0.115,69
1683752400000,0.115,62
1683756000000,0.118,47
1683759600000,0.113,46
1683763200000,0.118,31
1683766800000,0.117,36
1683770400000,0.123,31
1683774000000,0.122,20
1683777600000,0.123,22
1683781200000,0.124,74
1683784800000,0.118,22
1683788400000,0.113,29
1683792000000,0.124,59
1683795600000,0.124,77
1683799200000,0.117,41
1683802800000,0.121,55
1683806400000,0.12,43
1683810000000,0.128,51
1683813600000,0.118,46
1683817200000,0.118,70
1683820800000,0.12,70
1683824400000,0.113,50
1683828000000,0.12,85
1683831600000,0.12,59
1683835200000,0.12,59
1683838800000,0.12,70
1683842400000,0.118,52
1683846000000,0.119,46
1683849600000,0.119,23
1683853200000,0.119,17
1683856800000,0.118,23
1683860400000,0.121,37
1683864000000,0.127,99
1683867600000,0.116,16
1683871200000,0.122,25
1683874800000,0.122,23
1683878400000,0.125,32
1683882000000,0.124,88
1683885600000,0.124,89
1683889200000,0.122,89
1683892800000,0.112,33
1683896400000,0.119,49
1683900000000,0.117,47
1683903600000,0.117,49
1683907200000,0.117,68
1683910800000,0.117,49
1683914400000,0.117,71
1683918000000,0.117,73
1683921600000,0.117,102
1683925200000,0.116,76
1683928800000,0.115,49
1683932400000,0.115,58
1683936000000,0.114,36
1683939600000,0.118,36
1683943200000,0.115,19
1683946800000,0.124,31
1683950400000,0.116,23
1683954000000,0.115,25
1683957600000,0.121,46
1683961200000,0.115,20
1683964800000,0.114,50
1683968400000,0.115,64
1683972000000,0.122,94
1683975600000,0.115,63
1683979200000,0.115,42
1683982800000,0.118,70
1683986400000,0.122,66
1683990000000,0.121,56
1683993600000,0.119,55
1683997200000,0.14,169
1684000800000,0.14,154
1684004400000,0.13,127
1684008000000,0.124,83
1684011600000,0.117,56
1684015200000,0.118,62
1684018800000,0.124,59
1684022400000,0.112,31
1684026000000,0.112,33
1684029600000,0.117,16
1684033200000,0.116,21
1684036800000,0.118,21
1684040400000,0.115,23
1684044000000,0.107,24
1684047600000,0.119,43
1684051200000,0.118,46
1684054800000,0.121,62
1684058400000,0.112,40
1684062000000,0.121,102
1684065600000,0.112,63
1684069200000,0.112,76
1684072800000,0.116,71
1684076400000,0.112,65
1684080000000,0.11,68
1684083600000,0.103,57
1684087200000,0.113,75
1684090800000,0.13,167
1684094400000,0.13,180
1684098000000,0.113,78
1684101600000,0.113,76
1684105200000,0.102,35
1684108800000,0.117,41
1684112400000,0.106,19
1684116000000,0.104,20
1684119600000,0.101,14
1684123200000,0.109,20
1684126800000,0.103,18
1684130400000,0.112,21
1684134000000,0.122,11
1684137600000,0.111,31
1684141200000,0.111,26
1684144800000,0.112,39
1684148400000,0.112,49
1684152000000,0.11,38
1684155600000,0.112,46
1684159200000,0.113,59
1684162800000,0.112,47
1684166400000,0.114,72
1684170000000,0.114,84
1684173600000,0.111,65
1684177200000,0.109,79
1684180800000,0.112,78
1684184400000,0.112,72
1684188000000,0.109,64
1684191600000,0.103,30
1684195200000,0.112,44
1684198800000,0.107,24
1684202400000,0.105,17
1684206000000,0.103,20
1684209600000,0.108,19
1684213200000,0.117,36
1684216800000,0.114,22
1684220400000,0.112,23
1684224000000,0.101,19
1684227600000,0.109,29
1684231200000,0.107,36
1684234800000,0.108,33
1684238400000,0.1,38
1684242000000,0.109,72
1684245600000,0.119,99
1684249200000,0.109,58
1684252800000,0.109,55
1684256400000,0.101,49
1684260000000,0.111,72
1684263600000,0.108,52
1684267200000,0.101,64
1684270800000,0.111,66
1684274400000,0.111,58
1684278000000,0.1,18
1684281600000,0.092,21
1684285200000,0.103,25
1684288800000,0.101,22
1684292400000,0.11,20
1684296000000,0.11,28
1684299600000,0.105,22
1684303200000,0.12,46
1684306800000,0.104,13
1684310400000,0.103,43
1684314000000,0.121,95
1684317600000,0.1,36
1684321200000,0.11,81
1684324800000,0.11,70
1684328400000,0.109,69
1684332000000,0.107,85
1684335600000,0.107,73
1684339200000,0.107,68
1684342800000,0.102,73
1684346400000,0.107,73
1684350000000,0.106,84
1684353600000,0.106,92
1684357200000,0.109,115
1684360800000,0.103,50
1684364400000,0.102,53
1684368000000,0.11,76
1684371600000,0.107,19
1684375200000,0.104,26
1684378800000,0.105,20
1684382400000,0.103,21
1684386000000,0.104,21
1684389600000,0.107,24
1684393200000,0.11,40
1684396800000,0.107,42
1684400400000,0.115,51
1684404000000,0.1,35
1684407600000,0.105,51
1684411200000,0.109,61
1684414800000,0.11,68
1684418400000,0.107,59
1684422000000,0.108,74
1684425600000,0.111,84
1684429200000,0.107,71
1684432800000,0.107,74
1684436400000,0.107,73
1684440000000,0.099,61
1684443600000,0.102,81
1684447200000,0.1,40
1684450800000,0.108,48
1684454400000,0.106,36
1684458000000,0.12,62
1684461600000,0.108,29
1684465200000,0.104,15
1684468800000,0.097,13
1684472400000,0.108,40
1684476000000,0.106,13
1684479600000,0.111,22
1684483200000,0.104,30
1684486800000,0.106,33
1684490400000,0.106,26
1684494000000,0.104,34
1684497600000,0.106,59
1684501200000,0.106,58
1684504800000,0.102,46
1684508400000,0.106,73
1684512000000,0.106,61
1684515600000,0.106,84
1684519200000,0.1,45
1684522800000,0.106,88
1684526400000,0.106,68
1684530000000,0.104,70
1684533600000,0.104,65
1684537200000,0.106,41
1684540800000,0.102,37
1684544400000,0.101,27
1684548000000,0.101,30
1684551600000,0.105,20
1684555200000,0.108,26
1684558800000,0.108,25
1684562400000,0.104,25
