2026-04-25 15:17:46,921 [INFO] 🚀 Steam CS2 Market Scraper iniciado
2026-04-25 15:17:46,922 [INFO] [1/27] A processar: Rifles
2026-04-25 15:17:46,923 [INFO] ━━━ Categoria: Rifles ━━━
2026-04-25 15:17:46,923 [INFO]   [Rifles] start=0...
2026-04-25 15:17:47,540 [INFO]   [Rifles] +10 itens | total desta cat: 10/2517
2026-04-25 15:17:49,636 [INFO]   [Rifles] start=10...
2026-04-25 15:17:49,901 [INFO]   [Rifles] +10 itens | total desta cat: 20/2517
2026-04-25 15:17:52,511 [INFO]   [Rifles] start=20...
2026-04-25 15:17:52,774 [INFO]   [Rifles] +10 itens | total desta cat: 30/2517
2026-04-25 15:17:54,430 [INFO]   [Rifles] start=30...
2026-04-25 15:17:54,690 [INFO]   [Rifles] +10 itens | total desta cat: 40/2517
2026-04-25 15:17:56,568 [INFO]   [Rifles] start=40...
2026-04-25 15:17:56,866 [INFO]   [Rifles] +10 itens | total desta cat: 50/2517
2026-04-25 15:17:59,265 [INFO]   [Rifles] start=50...
2026-04-25 15:17:59,543 [INFO]   [Rifles] +10 itens | total desta cat: 60/2517
2026-04-25 15:18:01,314 [INFO]   [Rifles] start=60...
2026-04-25 15:18:01,611 [INFO]   [Rifles] +10 itens | total desta cat: 70/2517
2026-04-25 15:18:04,546 [INFO]   [Rifles] start=70...
2026-04-25 15:18:04,931 [INFO]   [Rifles] +10 itens | total desta cat: 80/2517
2026-04-25 15:18:07,522 [INFO]   [Rifles] start=80...
2026-04-25 15:18:07,818 [INFO]   [Rifles] +10 itens | total desta cat: 90/2517
2026-04-25 15:18:09,692 [INFO]   [Rifles] start=90...
2026-04-25 15:18:09,976 [INFO]   [Rifles] +10 itens | total desta cat: 100/2517
2026-04-25 15:18:12,836 [INFO]   [Rifles] start=100...
2026-04-25 15:18:13,108 [INFO]   [Rifles] +10 itens | total desta cat: 110/2517
2026-04-25 15:18:15,478 [INFO]   [Rifles] start=110...
2026-04-25 15:18:15,825 [INFO]   [Rifles] +10 itens | total desta cat: 120/2517
2026-04-25 15:18:18,566 [INFO]   [Rifles] start=120...
2026-04-25 15:18:18,851 [INFO]   [Rifles] +10 itens | total desta cat: 130/2517
2026-04-25 15:18:20,771 [INFO]   [Rifles] start=130...
2026-04-25 15:18:21,151 [INFO]   [Rifles] +10 itens | total desta cat: 140/2517
2026-04-25 15:18:24,141 [INFO]   [Rifles] start=140...
2026-04-25 15:18:24,546 [INFO]   [Rifles] +10 itens | total desta cat: 150/2517
2026-04-25 15:18:27,503 [INFO]   [Rifles] start=150...
2026-04-25 15:18:27,786 [INFO]   [Rifles] +10 itens | total desta cat: 160/2517
2026-04-25 15:18:29,940 [INFO]   [Rifles] start=160...
2026-04-25 15:18:30,221 [INFO]   [Rifles] +10 itens | total desta cat: 170/2517
2026-04-25 15:18:33,106 [INFO]   [Rifles] start=170...
2026-04-25 15:18:33,393 [INFO]   [Rifles] +10 itens | total desta cat: 180/2517
2026-04-25 15:18:35,643 [INFO]   [Rifles] start=180...
2026-04-25 15:18:35,928 [INFO]   [Rifles] +10 itens | total desta cat: 190/2517
2026-04-25 15:18:37,789 [INFO]   [Rifles] start=190...
2026-04-25 15:18:38,092 [INFO]   [Rifles] +10 itens | total desta cat: 200/2517
2026-04-25 15:18:40,326 [INFO]   [Rifles] start=200...
2026-04-25 15:18:40,612 [INFO]   [Rifles] +10 itens | total desta cat: 210/2517
2026-04-25 15:18:43,257 [INFO]   [Rifles] start=210...
2026-04-25 15:18:43,548 [INFO]   [Rifles] +10 itens | total desta cat: 220/2517
2026-04-25 15:18:46,125 [INFO]   [Rifles] start=220...
2026-04-25 15:18:46,406 [INFO]   [Rifles] +10 itens | total desta cat: 230/2517
2026-04-25 15:18:49,098 [INFO]   [Rifles] start=230...
2026-04-25 15:18:49,383 [INFO]   [Rifles] +10 itens | total desta cat: 240/2517
2026-04-25 15:18:51,177 [INFO]   [Rifles] start=240...
2026-04-25 15:18:51,465 [INFO]   [Rifles] +10 itens | total desta cat: 250/2517
2026-04-25 15:18:53,350 [INFO]   [Rifles] start=250...
2026-04-25 15:18:53,655 [INFO]   [Rifles] +10 itens | total desta cat: 260/2517
2026-04-25 15:18:55,667 [INFO]   [Rifles] start=260...
2026-04-25 15:18:55,949 [INFO]   [Rifles] +10 itens | total desta cat: 270/2517
2026-04-25 15:18:58,380 [INFO]   [Rifles] start=270...
2026-04-25 15:18:58,668 [INFO]   [Rifles] +10 itens | total desta cat: 280/2517
2026-04-25 15:19:00,717 [INFO]   [Rifles] start=280...
2026-04-25 15:19:01,004 [INFO]   [Rifles] +10 itens | total desta cat: 290/2517
2026-04-25 15:19:02,553 [INFO]   [Rifles] start=290...
2026-04-25 15:19:02,855 [INFO]   [Rifles] +10 itens | total desta cat: 300/2517
2026-04-25 15:19:04,401 [INFO]   [Rifles] start=300...
2026-04-25 15:19:04,681 [INFO]   [Rifles] +10 itens | total desta cat: 310/2517
2026-04-25 15:19:07,582 [INFO]   [Rifles] start=310...
2026-04-25 15:19:07,868 [INFO]   [Rifles] +10 itens | total desta cat: 320/2517
2026-04-25 15:19:10,651 [INFO]   [Rifles] start=320...
2026-04-25 15:19:10,934 [INFO]   [Rifles] +10 itens | total desta cat: 330/2517
2026-04-25 15:19:13,444 [INFO]   [Rifles] start=330...
2026-04-25 15:19:13,739 [INFO]   [Rifles] +10 itens | total desta cat: 340/2517
2026-04-25 15:19:15,990 [INFO]   [Rifles] start=340...
2026-04-25 15:19:16,295 [INFO]   [Rifles] +10 itens | total desta cat: 350/2517
2026-04-25 15:19:19,251 [INFO]   [Rifles] start=350...
2026-04-25 15:19:19,519 [INFO]   [Rifles] +10 itens | total desta cat: 360/2517
2026-04-25 15:19:22,427 [INFO]   [Rifles] start=360...
2026-04-25 15:19:22,704 [INFO]   [Rifles] +10 itens | total desta cat: 370/2517
2026-04-25 15:19:24,310 [INFO]   [Rifles] start=370...
2026-04-25 15:19:24,601 [INFO]   [Rifles] +10 itens | total desta cat: 380/2517
2026-04-25 15:19:27,557 [INFO]   [Rifles] start=380...
2026-04-25 15:19:27,895 [INFO]   [Rifles] +10 itens | total desta cat: 390/2517
2026-04-25 15:19:30,703 [INFO]   [Rifles] start=390...
2026-04-25 15:19:30,994 [INFO]   [Rifles] +10 itens | total desta cat: 400/2517
2026-04-25 15:19:32,571 [INFO]   [Rifles] start=400...
2026-04-25 15:19:32,850 [INFO]   [Rifles] +10 itens | total desta cat: 410/2517
2026-04-25 15:19:34,849 [INFO]   [Rifles] start=410...
2026-04-25 15:19:35,136 [INFO]   [Rifles] +10 itens | total desta cat: 420/2517
2026-04-25 15:19:37,392 [INFO]   [Rifles] start=420...
2026-04-25 15:19:37,706 [INFO]   [Rifles] +10 itens | total desta cat: 430/2517
2026-04-25 15:19:39,625 [INFO]   [Rifles] start=430...
2026-04-25 15:19:39,933 [INFO]   [Rifles] +10 itens | total desta cat: 440/2517
2026-04-25 15:19:42,641 [INFO]   [Rifles] start=440...
2026-04-25 15:19:42,919 [INFO]   [Rifles] +10 itens | total desta cat: 450/2517
2026-04-25 15:19:45,142 [INFO]   [Rifles] start=450...
2026-04-25 15:19:45,425 [INFO]   [Rifles] +10 itens | total desta cat: 460/2517
2026-04-25 15:19:47,646 [INFO]   [Rifles] start=460...
2026-04-25 15:19:47,921 [INFO]   [Rifles] +10 itens | total desta cat: 470/2517
2026-04-25 15:19:50,873 [INFO]   [Rifles] start=470...
2026-04-25 15:19:51,188 [INFO]   [Rifles] +10 itens | total desta cat: 480/2517
2026-04-25 15:19:53,958 [INFO]   [Rifles] start=480...
2026-04-25 15:19:54,294 [INFO]   [Rifles] +10 itens | total desta cat: 490/2517
2026-04-25 15:19:56,731 [INFO]   [Rifles] start=490...
2026-04-25 15:19:57,032 [INFO]   [Rifles] +10 itens | total desta cat: 500/2517
2026-04-25 15:19:58,671 [INFO]   [Rifles] start=500...
2026-04-25 15:19:58,950 [INFO]   [Rifles] +10 itens | total desta cat: 510/2517
2026-04-25 15:20:01,731 [INFO]   [Rifles] start=510...
2026-04-25 15:20:02,015 [INFO]   [Rifles] +10 itens | total desta cat: 520/2517
2026-04-25 15:20:04,025 [INFO]   [Rifles] start=520...
2026-04-25 15:20:04,452 [INFO]   [Rifles] +10 itens | total desta cat: 530/2517
2026-04-25 15:20:06,585 [INFO]   [Rifles] start=530...
2026-04-25 15:20:06,876 [INFO]   [Rifles] +10 itens | total desta cat: 540/2517
2026-04-25 15:20:08,612 [INFO]   [Rifles] start=540...
2026-04-25 15:20:08,886 [INFO]   [Rifles] +10 itens | total desta cat: 550/2517
2026-04-25 15:20:10,918 [INFO]   [Rifles] start=550...
2026-04-25 15:20:11,203 [INFO]   [Rifles] +10 itens | total desta cat: 560/2517
2026-04-25 15:20:13,754 [INFO]   [Rifles] start=560...
2026-04-25 15:20:14,034 [INFO]   [Rifles] +10 itens | total desta cat: 570/2517
2026-04-25 15:20:16,070 [INFO]   [Rifles] start=570...
2026-04-25 15:20:16,457 [INFO]   [Rifles] +10 itens | total desta cat: 580/2517
2026-04-25 15:20:19,456 [INFO]   [Rifles] start=580...
2026-04-25 15:20:19,742 [INFO]   [Rifles] +10 itens | total desta cat: 590/2517
2026-04-25 15:20:22,450 [INFO]   [Rifles] start=590...
2026-04-25 15:20:22,775 [INFO]   [Rifles] +10 itens | total desta cat: 600/2517
2026-04-25 15:20:24,657 [INFO]   [Rifles] start=600...
2026-04-25 15:20:24,941 [INFO]   [Rifles] +10 itens | total desta cat: 610/2517
2026-04-25 15:20:27,890 [INFO]   [Rifles] start=610...
2026-04-25 15:20:28,177 [INFO]   [Rifles] +10 itens | total desta cat: 620/2517
2026-04-25 15:20:30,830 [INFO]   [Rifles] start=620...
2026-04-25 15:20:31,095 [INFO]   [Rifles] +10 itens | total desta cat: 630/2517
2026-04-25 15:20:33,832 [INFO]   [Rifles] start=630...
2026-04-25 15:20:34,126 [INFO]   [Rifles] +10 itens | total desta cat: 640/2517
2026-04-25 15:20:36,189 [INFO]   [Rifles] start=640...
2026-04-25 15:20:36,516 [INFO]   [Rifles] +10 itens | total desta cat: 650/2517
2026-04-25 15:20:38,244 [INFO]   [Rifles] start=650...
2026-04-25 15:20:38,523 [INFO]   [Rifles] +10 itens | total desta cat: 660/2517
2026-04-25 15:20:41,460 [INFO]   [Rifles] start=660...
2026-04-25 15:20:41,740 [INFO]   [Rifles] +10 itens | total desta cat: 670/2517
2026-04-25 15:20:44,449 [INFO]   [Rifles] start=670...
2026-04-25 15:20:44,749 [INFO]   [Rifles] +10 itens | total desta cat: 680/2517
2026-04-25 15:20:47,692 [INFO]   [Rifles] start=680...
2026-04-25 15:20:47,985 [INFO]   [Rifles] +10 itens | total desta cat: 690/2517
2026-04-25 15:20:50,609 [INFO]   [Rifles] start=690...
2026-04-25 15:20:50,879 [INFO]   [Rifles] +10 itens | total desta cat: 700/2517
2026-04-25 15:20:53,078 [INFO]   [Rifles] start=700...
2026-04-25 15:20:53,347 [INFO]   [Rifles] +10 itens | total desta cat: 710/2517
2026-04-25 15:20:55,756 [INFO]   [Rifles] start=710...
2026-04-25 15:20:56,046 [INFO]   [Rifles] +10 itens | total desta cat: 720/2517
2026-04-25 15:20:57,653 [INFO]   [Rifles] start=720...
2026-04-25 15:20:58,082 [INFO]   [Rifles] +10 itens | total desta cat: 730/2517
2026-04-25 15:21:01,014 [INFO]   [Rifles] start=730...
2026-04-25 15:21:01,309 [INFO]   [Rifles] +10 itens | total desta cat: 740/2517
2026-04-25 15:21:03,078 [INFO]   [Rifles] start=740...
2026-04-25 15:21:03,359 [INFO]   [Rifles] +10 itens | total desta cat: 750/2517
2026-04-25 15:21:05,794 [INFO]   [Rifles] start=750...
2026-04-25 15:21:06,100 [INFO]   [Rifles] +10 itens | total desta cat: 760/2517
2026-04-25 15:21:08,735 [INFO]   [Rifles] start=760...
2026-04-25 15:21:09,002 [INFO]   [Rifles] +10 itens | total desta cat: 770/2517
2026-04-25 15:21:12,000 [INFO]   [Rifles] start=770...
2026-04-25 15:21:12,272 [INFO]   [Rifles] +10 itens | total desta cat: 780/2517
2026-04-25 15:21:14,944 [INFO]   [Rifles] start=780...
2026-04-25 15:21:15,523 [INFO]   [Rifles] +10 itens | total desta cat: 790/2517
2026-04-25 15:21:17,171 [INFO]   [Rifles] start=790...
2026-04-25 15:21:17,455 [INFO]   [Rifles] +10 itens | total desta cat: 800/2517
2026-04-25 15:21:19,965 [INFO]   [Rifles] start=800...
2026-04-25 15:21:20,253 [INFO]   [Rifles] +10 itens | total desta cat: 810/2517
2026-04-25 15:21:22,593 [INFO]   [Rifles] start=810...
2026-04-25 15:21:22,864 [INFO]   [Rifles] +10 itens | total desta cat: 820/2517
2026-04-25 15:21:24,932 [INFO]   [Rifles] start=820...
2026-04-25 15:21:25,377 [INFO]   [Rifles] +10 itens | total desta cat: 830/2517
2026-04-25 15:21:27,365 [INFO]   [Rifles] start=830...
2026-04-25 15:21:27,643 [INFO]   [Rifles] +10 itens | total desta cat: 840/2517
2026-04-25 15:21:29,263 [INFO]   [Rifles] start=840...
2026-04-25 15:21:29,537 [INFO]   [Rifles] +10 itens | total desta cat: 850/2517
2026-04-25 15:21:31,990 [INFO]   [Rifles] start=850...
2026-04-25 15:21:32,267 [INFO]   [Rifles] +10 itens | total desta cat: 860/2517
2026-04-25 15:21:34,739 [INFO]   [Rifles] start=860...
2026-04-25 15:21:35,022 [INFO]   [Rifles] +10 itens | total desta cat: 870/2517
2026-04-25 15:21:37,358 [INFO]   [Rifles] start=870...
2026-04-25 15:21:37,630 [INFO]   [Rifles] +10 itens | total desta cat: 880/2517
2026-04-25 15:21:39,782 [INFO]   [Rifles] start=880...
2026-04-25 15:21:40,073 [INFO]   [Rifles] +10 itens | total desta cat: 890/2517
2026-04-25 15:21:42,934 [INFO]   [Rifles] start=890...
2026-04-25 15:21:43,213 [INFO]   [Rifles] +10 itens | total desta cat: 900/2517
2026-04-25 15:21:45,930 [INFO]   [Rifles] start=900...
2026-04-25 15:21:46,201 [INFO]   [Rifles] +10 itens | total desta cat: 910/2517
2026-04-25 15:21:48,883 [INFO]   [Rifles] start=910...
2026-04-25 15:21:49,191 [INFO]   [Rifles] +10 itens | total desta cat: 920/2517
2026-04-25 15:21:50,700 [INFO]   [Rifles] start=920...
2026-04-25 15:21:50,984 [INFO]   [Rifles] +10 itens | total desta cat: 930/2517
2026-04-25 15:21:52,901 [INFO]   [Rifles] start=930...
2026-04-25 15:21:53,182 [INFO]   [Rifles] +10 itens | total desta cat: 940/2517
2026-04-25 15:21:55,780 [INFO]   [Rifles] start=940...
2026-04-25 15:21:56,070 [INFO]   [Rifles] +10 itens | total desta cat: 950/2517
2026-04-25 15:21:57,758 [INFO]   [Rifles] start=950...
2026-04-25 15:21:58,042 [INFO]   [Rifles] +10 itens | total desta cat: 960/2517
2026-04-25 15:22:00,979 [INFO]   [Rifles] start=960...
2026-04-25 15:22:01,257 [INFO]   [Rifles] +10 itens | total desta cat: 970/2517
2026-04-25 15:22:03,897 [INFO]   [Rifles] start=970...
2026-04-25 15:22:04,178 [INFO]   [Rifles] +10 itens | total desta cat: 980/2517
2026-04-25 15:22:06,266 [INFO]   [Rifles] start=980...
2026-04-25 15:22:06,572 [INFO]   [Rifles] +10 itens | total desta cat: 990/2517
2026-04-25 15:22:09,129 [INFO]   [Rifles] start=990...
2026-04-25 15:22:09,398 [INFO]   [Rifles] +10 itens | total desta cat: 1000/2517
2026-04-25 15:22:11,416 [INFO]   [Rifles] start=1000...
2026-04-25 15:22:11,645 [WARNING] Rate limited (429). A aguardar 60s...
2026-04-25 15:23:11,937 [INFO]   [Rifles] +10 itens | total desta cat: 1010/2517
2026-04-25 15:23:14,585 [INFO]   [Rifles] start=1010...
2026-04-25 15:23:14,919 [INFO]   [Rifles] +10 itens | total desta cat: 1020/2517
2026-04-25 15:23:17,474 [INFO]   [Rifles] start=1020...
2026-04-25 15:23:17,756 [INFO]   [Rifles] +10 itens | total desta cat: 1030/2517
2026-04-25 15:23:20,154 [INFO]   [Rifles] start=1030...
2026-04-25 15:23:20,422 [INFO]   [Rifles] +10 itens | total desta cat: 1040/2517
2026-04-25 15:23:23,130 [INFO]   [Rifles] start=1040...
2026-04-25 15:23:23,418 [INFO]   [Rifles] +10 itens | total desta cat: 1050/2517
2026-04-25 15:23:26,273 [INFO]   [Rifles] start=1050...
2026-04-25 15:23:26,558 [INFO]   [Rifles] +10 itens | total desta cat: 1060/2517
2026-04-25 15:23:29,006 [INFO]   [Rifles] start=1060...
2026-04-25 15:23:29,388 [INFO]   [Rifles] +10 itens | total desta cat: 1070/2517
2026-04-25 15:23:32,319 [INFO]   [Rifles] start=1070...
2026-04-25 15:23:32,614 [INFO]   [Rifles] +10 itens | total desta cat: 1080/2517
2026-04-25 15:23:34,144 [INFO]   [Rifles] start=1080...
2026-04-25 15:23:34,511 [INFO]   [Rifles] +10 itens | total desta cat: 1090/2517
2026-04-25 15:23:36,765 [INFO]   [Rifles] start=1090...
2026-04-25 15:23:37,102 [INFO]   [Rifles] +10 itens | total desta cat: 1100/2517
2026-04-25 15:23:39,580 [INFO]   [Rifles] start=1100...
2026-04-25 15:23:39,880 [INFO]   [Rifles] +10 itens | total desta cat: 1110/2517
2026-04-25 15:23:41,855 [INFO]   [Rifles] start=1110...
2026-04-25 15:23:42,193 [INFO]   [Rifles] +10 itens | total desta cat: 1120/2517
2026-04-25 15:23:44,059 [INFO]   [Rifles] start=1120...
2026-04-25 15:23:44,457 [INFO]   [Rifles] +10 itens | total desta cat: 1130/2517
2026-04-25 15:23:47,288 [INFO]   [Rifles] start=1130...
2026-04-25 15:23:47,575 [INFO]   [Rifles] +10 itens | total desta cat: 1140/2517
2026-04-25 15:23:49,631 [INFO]   [Rifles] start=1140...
2026-04-25 15:23:49,895 [INFO]   [Rifles] +10 itens | total desta cat: 1150/2517
2026-04-25 15:23:51,478 [INFO]   [Rifles] start=1150...
2026-04-25 15:23:51,761 [INFO]   [Rifles] +10 itens | total desta cat: 1160/2517
2026-04-25 15:23:53,497 [INFO]   [Rifles] start=1160...
2026-04-25 15:23:53,767 [INFO]   [Rifles] +10 itens | total desta cat: 1170/2517
2026-04-25 15:23:55,362 [INFO]   [Rifles] start=1170...
2026-04-25 15:23:55,646 [INFO]   [Rifles] +10 itens | total desta cat: 1180/2517
2026-04-25 15:23:57,475 [INFO]   [Rifles] start=1180...
2026-04-25 15:23:57,786 [INFO]   [Rifles] +10 itens | total desta cat: 1190/2517
2026-04-25 15:24:00,477 [INFO]   [Rifles] start=1190...
2026-04-25 15:24:00,774 [INFO]   [Rifles] +10 itens | total desta cat: 1200/2517
2026-04-25 15:24:03,085 [INFO]   [Rifles] start=1200...
2026-04-25 15:24:03,357 [INFO]   [Rifles] +10 itens | total desta cat: 1210/2517
2026-04-25 15:24:04,925 [INFO]   [Rifles] start=1210...
2026-04-25 15:24:05,280 [INFO]   [Rifles] +10 itens | total desta cat: 1220/2517
2026-04-25 15:24:08,278 [INFO]   [Rifles] start=1220...
2026-04-25 15:24:08,552 [INFO]   [Rifles] +10 itens | total desta cat: 1230/2517
2026-04-25 15:24:11,125 [INFO]   [Rifles] start=1230...
2026-04-25 15:24:11,406 [INFO]   [Rifles] +10 itens | total desta cat: 1240/2517
2026-04-25 15:24:13,123 [INFO]   [Rifles] start=1240...
2026-04-25 15:24:13,421 [INFO]   [Rifles] +10 itens | total desta cat: 1250/2517
2026-04-25 15:24:15,925 [INFO]   [Rifles] start=1250...
2026-04-25 15:24:16,203 [INFO]   [Rifles] +10 itens | total desta cat: 1260/2517
2026-04-25 15:24:19,117 [INFO]   [Rifles] start=1260...
2026-04-25 15:24:19,464 [INFO]   [Rifles] +10 itens | total desta cat: 1270/2517
2026-04-25 15:24:21,744 [INFO]   [Rifles] start=1270...
2026-04-25 15:24:22,018 [INFO]   [Rifles] +10 itens | total desta cat: 1280/2517
2026-04-25 15:24:24,132 [INFO]   [Rifles] start=1280...
2026-04-25 15:24:24,464 [INFO]   [Rifles] +10 itens | total desta cat: 1290/2517
2026-04-25 15:24:26,635 [INFO]   [Rifles] start=1290...
2026-04-25 15:24:26,925 [INFO]   [Rifles] +10 itens | total desta cat: 1300/2517
2026-04-25 15:24:28,725 [INFO]   [Rifles] start=1300...
2026-04-25 15:24:28,993 [INFO]   [Rifles] +10 itens | total desta cat: 1310/2517
2026-04-25 15:24:31,830 [INFO]   [Rifles] start=1310...
2026-04-25 15:24:32,103 [INFO]   [Rifles] +10 itens | total desta cat: 1320/2517
2026-04-25 15:24:34,142 [INFO]   [Rifles] start=1320...
2026-04-25 15:24:34,441 [INFO]   [Rifles] +10 itens | total desta cat: 1330/2517
2026-04-25 15:24:37,069 [INFO]   [Rifles] start=1330...
2026-04-25 15:24:37,339 [INFO]   [Rifles] +10 itens | total desta cat: 1340/2517
2026-04-25 15:24:38,879 [INFO]   [Rifles] start=1340...
2026-04-25 15:24:39,155 [INFO]   [Rifles] +10 itens | total desta cat: 1350/2517
2026-04-25 15:24:41,727 [INFO]   [Rifles] start=1350...
2026-04-25 15:24:42,000 [INFO]   [Rifles] +10 itens | total desta cat: 1360/2517
2026-04-25 15:24:43,581 [INFO]   [Rifles] start=1360...
2026-04-25 15:24:43,864 [INFO]   [Rifles] +10 itens | total desta cat: 1370/2517
2026-04-25 15:24:46,528 [INFO]   [Rifles] start=1370...
2026-04-25 15:24:46,810 [INFO]   [Rifles] +10 itens | total desta cat: 1380/2517
2026-04-25 15:24:49,681 [INFO]   [Rifles] start=1380...
2026-04-25 15:24:49,967 [INFO]   [Rifles] +10 itens | total desta cat: 1390/2517
2026-04-25 15:24:52,481 [INFO]   [Rifles] start=1390...
2026-04-25 15:24:52,761 [INFO]   [Rifles] +10 itens | total desta cat: 1400/2517
2026-04-25 15:24:54,876 [INFO]   [Rifles] start=1400...
2026-04-25 15:24:55,154 [INFO]   [Rifles] +10 itens | total desta cat: 1410/2517
2026-04-25 15:24:56,965 [INFO]   [Rifles] start=1410...
2026-04-25 15:24:57,239 [INFO]   [Rifles] +10 itens | total desta cat: 1420/2517
2026-04-25 15:24:59,271 [INFO]   [Rifles] start=1420...
2026-04-25 15:24:59,539 [INFO]   [Rifles] +10 itens | total desta cat: 1430/2517
2026-04-25 15:25:01,618 [INFO]   [Rifles] start=1430...
2026-04-25 15:25:01,889 [INFO]   [Rifles] +10 itens | total desta cat: 1440/2517
2026-04-25 15:25:04,581 [INFO]   [Rifles] start=1440...
2026-04-25 15:25:04,859 [INFO]   [Rifles] +10 itens | total desta cat: 1450/2517
2026-04-25 15:25:07,195 [INFO]   [Rifles] start=1450...
2026-04-25 15:25:07,478 [INFO]   [Rifles] +10 itens | total desta cat: 1460/2517
2026-04-25 15:25:09,760 [INFO]   [Rifles] start=1460...
2026-04-25 15:25:10,054 [INFO]   [Rifles] +10 itens | total desta cat: 1470/2517
2026-04-25 15:25:11,984 [INFO]   [Rifles] start=1470...
2026-04-25 15:25:12,411 [INFO]   [Rifles] +10 itens | total desta cat: 1480/2517
2026-04-25 15:25:13,973 [INFO]   [Rifles] start=1480...
2026-04-25 15:25:14,270 [INFO]   [Rifles] +10 itens | total desta cat: 1490/2517
2026-04-25 15:25:16,565 [INFO]   [Rifles] start=1490...
2026-04-25 15:25:16,852 [INFO]   [Rifles] +10 itens | total desta cat: 1500/2517
2026-04-25 15:25:19,840 [INFO]   [Rifles] start=1500...
2026-04-25 15:25:20,120 [INFO]   [Rifles] +10 itens | total desta cat: 1510/2517
2026-04-25 15:25:21,944 [INFO]   [Rifles] start=1510...
2026-04-25 15:25:22,254 [INFO]   [Rifles] +10 itens | total desta cat: 1520/2517
2026-04-25 15:25:24,172 [INFO]   [Rifles] start=1520...
2026-04-25 15:25:24,438 [INFO]   [Rifles] +10 itens | total desta cat: 1530/2517
2026-04-25 15:25:26,661 [INFO]   [Rifles] start=1530...
2026-04-25 15:25:26,950 [INFO]   [Rifles] +10 itens | total desta cat: 1540/2517
2026-04-25 15:25:29,344 [INFO]   [Rifles] start=1540...
2026-04-25 15:25:29,643 [INFO]   [Rifles] +10 itens | total desta cat: 1550/2517
2026-04-25 15:25:32,030 [INFO]   [Rifles] start=1550...
2026-04-25 15:25:32,299 [INFO]   [Rifles] +10 itens | total desta cat: 1560/2517
2026-04-25 15:25:33,827 [INFO]   [Rifles] start=1560...
2026-04-25 15:25:34,103 [INFO]   [Rifles] +10 itens | total desta cat: 1570/2517
2026-04-25 15:25:36,929 [INFO]   [Rifles] start=1570...
2026-04-25 15:25:37,211 [INFO]   [Rifles] +10 itens | total desta cat: 1580/2517
2026-04-25 15:25:39,811 [INFO]   [Rifles] start=1580...
2026-04-25 15:25:40,104 [INFO]   [Rifles] +10 itens | total desta cat: 1590/2517
2026-04-25 15:25:41,654 [INFO]   [Rifles] start=1590...
2026-04-25 15:25:41,986 [INFO]   [Rifles] +10 itens | total desta cat: 1600/2517
2026-04-25 15:25:43,829 [INFO]   [Rifles] start=1600...
2026-04-25 15:25:44,106 [INFO]   [Rifles] +10 itens | total desta cat: 1610/2517
2026-04-25 15:25:45,895 [INFO]   [Rifles] start=1610...
2026-04-25 15:25:46,186 [INFO]   [Rifles] +10 itens | total desta cat: 1620/2517
2026-04-25 15:25:47,970 [INFO]   [Rifles] start=1620...
2026-04-25 15:25:48,303 [INFO]   [Rifles] +10 itens | total desta cat: 1630/2517
2026-04-25 15:25:51,003 [INFO]   [Rifles] start=1630...
2026-04-25 15:25:51,286 [INFO]   [Rifles] +10 itens | total desta cat: 1640/2517
2026-04-25 15:25:53,641 [INFO]   [Rifles] start=1640...
2026-04-25 15:25:53,925 [INFO]   [Rifles] +10 itens | total desta cat: 1650/2517
2026-04-25 15:25:55,911 [INFO]   [Rifles] start=1650...
2026-04-25 15:25:56,192 [INFO]   [Rifles] +10 itens | total desta cat: 1660/2517
2026-04-25 15:25:58,702 [INFO]   [Rifles] start=1660...
2026-04-25 15:25:58,985 [INFO]   [Rifles] +10 itens | total desta cat: 1670/2517
2026-04-25 15:26:01,242 [INFO]   [Rifles] start=1670...
2026-04-25 15:26:01,518 [INFO]   [Rifles] +10 itens | total desta cat: 1680/2517
2026-04-25 15:26:03,226 [INFO]   [Rifles] start=1680...
2026-04-25 15:26:03,486 [INFO]   [Rifles] +10 itens | total desta cat: 1690/2517
2026-04-25 15:26:05,972 [INFO]   [Rifles] start=1690...
2026-04-25 15:26:06,330 [INFO]   [Rifles] +10 itens | total desta cat: 1700/2517
2026-04-25 15:26:08,226 [INFO]   [Rifles] start=1700...
2026-04-25 15:26:08,500 [INFO]   [Rifles] +10 itens | total desta cat: 1710/2517
2026-04-25 15:26:10,546 [INFO]   [Rifles] start=1710...
2026-04-25 15:26:10,838 [INFO]   [Rifles] +10 itens | total desta cat: 1720/2517
2026-04-25 15:26:12,964 [INFO]   [Rifles] start=1720...
2026-04-25 15:26:13,257 [INFO]   [Rifles] +10 itens | total desta cat: 1730/2517
2026-04-25 15:26:15,866 [INFO]   [Rifles] start=1730...
2026-04-25 15:26:16,217 [INFO]   [Rifles] +10 itens | total desta cat: 1740/2517
2026-04-25 15:26:18,724 [INFO]   [Rifles] start=1740...
2026-04-25 15:26:19,014 [INFO]   [Rifles] +10 itens | total desta cat: 1750/2517
2026-04-25 15:26:21,198 [INFO]   [Rifles] start=1750...
2026-04-25 15:26:21,461 [INFO]   [Rifles] +10 itens | total desta cat: 1760/2517
2026-04-25 15:26:22,977 [INFO]   [Rifles] start=1760...
2026-04-25 15:26:23,311 [INFO]   [Rifles] +10 itens | total desta cat: 1770/2517
2026-04-25 15:26:25,477 [INFO]   [Rifles] start=1770...
2026-04-25 15:26:25,754 [INFO]   [Rifles] +10 itens | total desta cat: 1780/2517
2026-04-25 15:26:27,285 [INFO]   [Rifles] start=1780...
2026-04-25 15:26:27,564 [INFO]   [Rifles] +10 itens | total desta cat: 1790/2517
2026-04-25 15:26:29,473 [INFO]   [Rifles] start=1790...
2026-04-25 15:26:29,739 [INFO]   [Rifles] +10 itens | total desta cat: 1800/2517
2026-04-25 15:26:31,939 [INFO]   [Rifles] start=1800...
2026-04-25 15:26:32,232 [INFO]   [Rifles] +10 itens | total desta cat: 1810/2517
2026-04-25 15:26:34,838 [INFO]   [Rifles] start=1810...
2026-04-25 15:26:35,110 [INFO]   [Rifles] +10 itens | total desta cat: 1820/2517
2026-04-25 15:26:36,860 [INFO]   [Rifles] start=1820...
2026-04-25 15:26:37,122 [INFO]   [Rifles] +10 itens | total desta cat: 1830/2517
2026-04-25 15:26:39,784 [INFO]   [Rifles] start=1830...
2026-04-25 15:26:40,059 [INFO]   [Rifles] +10 itens | total desta cat: 1840/2517
2026-04-25 15:26:42,763 [INFO]   [Rifles] start=1840...
2026-04-25 15:26:43,034 [INFO]   [Rifles] +10 itens | total desta cat: 1850/2517
2026-04-25 15:26:45,881 [INFO]   [Rifles] start=1850...
2026-04-25 15:26:46,156 [INFO]   [Rifles] +10 itens | total desta cat: 1860/2517
2026-04-25 15:26:48,483 [INFO]   [Rifles] start=1860...
2026-04-25 15:26:48,752 [INFO]   [Rifles] +10 itens | total desta cat: 1870/2517
2026-04-25 15:26:51,133 [INFO]   [Rifles] start=1870...
2026-04-25 15:26:51,431 [INFO]   [Rifles] +10 itens | total desta cat: 1880/2517
2026-04-25 15:26:53,826 [INFO]   [Rifles] start=1880...
2026-04-25 15:26:54,108 [INFO]   [Rifles] +10 itens | total desta cat: 1890/2517
2026-04-25 15:26:56,634 [INFO]   [Rifles] start=1890...
2026-04-25 15:26:56,897 [INFO]   [Rifles] +10 itens | total desta cat: 1900/2517
2026-04-25 15:26:59,108 [INFO]   [Rifles] start=1900...
2026-04-25 15:26:59,383 [INFO]   [Rifles] +10 itens | total desta cat: 1910/2517
2026-04-25 15:27:02,283 [INFO]   [Rifles] start=1910...
2026-04-25 15:27:02,567 [INFO]   [Rifles] +10 itens | total desta cat: 1920/2517
2026-04-25 15:27:05,414 [INFO]   [Rifles] start=1920...
2026-04-25 15:27:05,702 [INFO]   [Rifles] +10 itens | total desta cat: 1930/2517
2026-04-25 15:27:08,553 [INFO]   [Rifles] start=1930...
2026-04-25 15:27:08,828 [INFO]   [Rifles] +10 itens | total desta cat: 1940/2517
2026-04-25 15:27:10,828 [INFO]   [Rifles] start=1940...
2026-04-25 15:27:11,127 [INFO]   [Rifles] +10 itens | total desta cat: 1950/2517
2026-04-25 15:27:12,961 [INFO]   [Rifles] start=1950...
2026-04-25 15:27:13,223 [INFO]   [Rifles] +10 itens | total desta cat: 1960/2517
2026-04-25 15:27:16,091 [INFO]   [Rifles] start=1960...
2026-04-25 15:27:16,366 [INFO]   [Rifles] +10 itens | total desta cat: 1970/2517
2026-04-25 15:27:19,084 [INFO]   [Rifles] start=1970...
2026-04-25 15:27:19,385 [INFO]   [Rifles] +10 itens | total desta cat: 1980/2517
2026-04-25 15:27:22,023 [INFO]   [Rifles] start=1980...
2026-04-25 15:27:22,290 [INFO]   [Rifles] +10 itens | total desta cat: 1990/2517
2026-04-25 15:27:23,885 [INFO]   [Rifles] start=1990...
2026-04-25 15:27:24,198 [INFO]   [Rifles] +10 itens | total desta cat: 2000/2517
2026-04-25 15:27:25,700 [INFO]   [Rifles] start=2000...
2026-04-25 15:27:25,917 [WARNING] Rate limited (429). A aguardar 60s...
2026-04-25 15:28:26,191 [INFO]   [Rifles] +10 itens | total desta cat: 2010/2517
2026-04-25 15:28:28,011 [INFO]   [Rifles] start=2010...
2026-04-25 15:28:28,306 [INFO]   [Rifles] +10 itens | total desta cat: 2020/2517
2026-04-25 15:28:30,186 [INFO]   [Rifles] start=2020...
2026-04-25 15:28:30,495 [INFO]   [Rifles] +10 itens | total desta cat: 2030/2517
2026-04-25 15:28:32,844 [INFO]   [Rifles] start=2030...
2026-04-25 15:28:33,126 [INFO]   [Rifles] +10 itens | total desta cat: 2040/2517
2026-04-25 15:28:35,160 [INFO]   [Rifles] start=2040...
2026-04-25 15:28:35,469 [INFO]   [Rifles] +10 itens | total desta cat: 2050/2517
2026-04-25 15:28:37,656 [INFO]   [Rifles] start=2050...
2026-04-25 15:28:37,956 [INFO]   [Rifles] +10 itens | total desta cat: 2060/2517
2026-04-25 15:28:40,136 [INFO]   [Rifles] start=2060...
2026-04-25 15:28:40,435 [INFO]   [Rifles] +10 itens | total desta cat: 2070/2517
2026-04-25 15:28:42,864 [INFO]   [Rifles] start=2070...
2026-04-25 15:28:43,130 [INFO]   [Rifles] +10 itens | total desta cat: 2080/2517
2026-04-25 15:28:44,822 [INFO]   [Rifles] start=2080...
2026-04-25 15:28:45,107 [INFO]   [Rifles] +10 itens | total desta cat: 2090/2517
2026-04-25 15:28:47,823 [INFO]   [Rifles] start=2090...
2026-04-25 15:28:48,089 [INFO]   [Rifles] +10 itens | total desta cat: 2100/2517
2026-04-25 15:28:49,691 [INFO]   [Rifles] start=2100...
2026-04-25 15:28:49,961 [INFO]   [Rifles] +10 itens | total desta cat: 2110/2517
2026-04-25 15:28:52,312 [INFO]   [Rifles] start=2110...
2026-04-25 15:28:52,601 [INFO]   [Rifles] +10 itens | total desta cat: 2120/2517
2026-04-25 15:28:55,024 [INFO]   [Rifles] start=2120...
2026-04-25 15:28:55,298 [INFO]   [Rifles] +10 itens | total desta cat: 2130/2517
2026-04-25 15:28:57,635 [INFO]   [Rifles] start=2130...
2026-04-25 15:28:57,911 [INFO]   [Rifles] +10 itens | total desta cat: 2140/2517
2026-04-25 15:28:59,496 [INFO]   [Rifles] start=2140...
2026-04-25 15:28:59,769 [INFO]   [Rifles] +10 itens | total desta cat: 2150/2517
2026-04-25 15:29:01,990 [INFO]   [Rifles] start=2150...
2026-04-25 15:29:02,266 [INFO]   [Rifles] +10 itens | total desta cat: 2160/2517
2026-04-25 15:29:04,643 [INFO]   [Rifles] start=2160...
2026-04-25 15:29:04,913 [INFO]   [Rifles] +10 itens | total desta cat: 2170/2517
2026-04-25 15:29:07,594 [INFO]   [Rifles] start=2170...
2026-04-25 15:29:07,867 [INFO]   [Rifles] +10 itens | total desta cat: 2180/2517
2026-04-25 15:29:09,466 [INFO]   [Rifles] start=2180...
2026-04-25 15:29:09,730 [INFO]   [Rifles] +10 itens | total desta cat: 2190/2517
2026-04-25 15:29:11,787 [INFO]   [Rifles] start=2190...
2026-04-25 15:29:12,059 [INFO]   [Rifles] +10 itens | total desta cat: 2200/2517
2026-04-25 15:29:13,835 [INFO]   [Rifles] start=2200...
2026-04-25 15:29:14,115 [INFO]   [Rifles] +10 itens | total desta cat: 2210/2517
2026-04-25 15:29:15,640 [INFO]   [Rifles] start=2210...
2026-04-25 15:29:15,916 [INFO]   [Rifles] +10 itens | total desta cat: 2220/2517
2026-04-25 15:29:18,217 [INFO]   [Rifles] start=2220...
2026-04-25 15:29:18,502 [INFO]   [Rifles] +10 itens | total desta cat: 2230/2517
2026-04-25 15:29:21,476 [INFO]   [Rifles] start=2230...
2026-04-25 15:29:21,867 [INFO]   [Rifles] +10 itens | total desta cat: 2240/2517
2026-04-25 15:29:24,243 [INFO]   [Rifles] start=2240...
2026-04-25 15:29:24,569 [INFO]   [Rifles] +10 itens | total desta cat: 2250/2517
2026-04-25 15:29:27,370 [INFO]   [Rifles] start=2250...
2026-04-25 15:29:27,647 [INFO]   [Rifles] +10 itens | total desta cat: 2260/2517
2026-04-25 15:29:29,965 [INFO]   [Rifles] start=2260...
2026-04-25 15:29:30,236 [INFO]   [Rifles] +10 itens | total desta cat: 2270/2517
2026-04-25 15:29:33,120 [INFO]   [Rifles] start=2270...
2026-04-25 15:29:33,503 [INFO]   [Rifles] +10 itens | total desta cat: 2280/2517
2026-04-25 15:29:36,335 [INFO]   [Rifles] start=2280...
2026-04-25 15:29:36,644 [INFO]   [Rifles] +10 itens | total desta cat: 2290/2517
2026-04-25 15:29:38,580 [INFO]   [Rifles] start=2290...
2026-04-25 15:29:38,867 [INFO]   [Rifles] +10 itens | total desta cat: 2300/2517
2026-04-25 15:29:40,961 [INFO]   [Rifles] start=2300...
2026-04-25 15:29:41,229 [INFO]   [Rifles] +10 itens | total desta cat: 2310/2517
2026-04-25 15:29:43,801 [INFO]   [Rifles] start=2310...
2026-04-25 15:29:44,095 [INFO]   [Rifles] +10 itens | total desta cat: 2320/2517
2026-04-25 15:29:46,487 [INFO]   [Rifles] start=2320...
2026-04-25 15:29:46,891 [INFO]   [Rifles] +10 itens | total desta cat: 2330/2517
2026-04-25 15:29:49,537 [INFO]   [Rifles] start=2330...
2026-04-25 15:29:49,900 [INFO]   [Rifles] +10 itens | total desta cat: 2340/2517
2026-04-25 15:29:51,486 [INFO]   [Rifles] start=2340...
2026-04-25 15:29:51,817 [INFO]   [Rifles] +10 itens | total desta cat: 2350/2517
2026-04-25 15:29:54,098 [INFO]   [Rifles] start=2350...
2026-04-25 15:29:54,374 [INFO]   [Rifles] +10 itens | total desta cat: 2360/2517
2026-04-25 15:29:57,072 [INFO]   [Rifles] start=2360...
2026-04-25 15:29:57,485 [INFO]   [Rifles] +10 itens | total desta cat: 2370/2517
2026-04-25 15:29:59,492 [INFO]   [Rifles] start=2370...
2026-04-25 15:29:59,770 [INFO]   [Rifles] +10 itens | total desta cat: 2380/2517
2026-04-25 15:30:02,466 [INFO]   [Rifles] start=2380...
2026-04-25 15:30:02,753 [INFO]   [Rifles] +10 itens | total desta cat: 2390/2517
2026-04-25 15:30:04,680 [INFO]   [Rifles] start=2390...
2026-04-25 15:30:05,038 [INFO]   [Rifles] +10 itens | total desta cat: 2400/2517
2026-04-25 15:30:07,274 [INFO]   [Rifles] start=2400...
2026-04-25 15:30:07,563 [INFO]   [Rifles] +10 itens | total desta cat: 2410/2517
2026-04-25 15:30:09,225 [INFO]   [Rifles] start=2410...
2026-04-25 15:30:09,507 [INFO]   [Rifles] +10 itens | total desta cat: 2420/2517
2026-04-25 15:30:11,759 [INFO]   [Rifles] start=2420...
2026-04-25 15:30:12,043 [INFO]   [Rifles] +10 itens | total desta cat: 2430/2517
2026-04-25 15:30:13,556 [INFO]   [Rifles] start=2430...
2026-04-25 15:30:13,829 [INFO]   [Rifles] +10 itens | total desta cat: 2440/2517
2026-04-25 15:30:15,488 [INFO]   [Rifles] start=2440...
2026-04-25 15:30:15,791 [INFO]   [Rifles] +10 itens | total desta cat: 2450/2517
2026-04-25 15:30:17,886 [INFO]   [Rifles] start=2450...
2026-04-25 15:30:18,170 [INFO]   [Rifles] +10 itens | total desta cat: 2460/2517
2026-04-25 15:30:20,847 [INFO]   [Rifles] start=2460...
2026-04-25 15:30:21,123 [INFO]   [Rifles] +10 itens | total desta cat: 2470/2517
2026-04-25 15:30:22,673 [INFO]   [Rifles] start=2470...
2026-04-25 15:30:23,018 [INFO]   [Rifles] +10 itens | total desta cat: 2480/2517
2026-04-25 15:30:25,150 [INFO]   [Rifles] start=2480...
2026-04-25 15:30:25,446 [INFO]   [Rifles] +10 itens | total desta cat: 2490/2517
2026-04-25 15:30:27,454 [INFO]   [Rifles] start=2490...
2026-04-25 15:30:27,729 [INFO]   [Rifles] +10 itens | total desta cat: 2500/2517
2026-04-25 15:30:30,229 [INFO]   [Rifles] start=2500...
2026-04-25 15:30:30,501 [INFO]   [Rifles] +10 itens | total desta cat: 2510/2517
2026-04-25 15:30:32,210 [INFO]   [Rifles] start=2510...
2026-04-25 15:30:32,521 [INFO]   [Rifles] +7 itens | total desta cat: 2517/2517
2026-04-25 15:30:32,521 [INFO]   [Rifles] ✓ 2517 itens recolhidos.
2026-04-25 15:30:32,588 [INFO] 💾 Guardado: 1994 itens únicos → cs2_market_prices.json + cs2_market_prices.csv
2026-04-25 15:30:32,590 [INFO] ⏸  Pausa entre categorias: 3.1s
2026-04-25 15:30:35,668 [INFO] [2/27] A processar: Pistols
2026-04-25 15:30:35,668 [INFO] ━━━ Categoria: Pistols ━━━
2026-04-25 15:30:35,669 [INFO]   [Pistols] start=0...
2026-04-25 15:30:35,942 [INFO]   [Pistols] +10 itens | total desta cat: 10/3316
2026-04-25 15:30:38,846 [INFO]   [Pistols] start=10...
2026-04-25 15:30:39,138 [INFO]   [Pistols] +10 itens | total desta cat: 20/3316
2026-04-25 15:30:42,034 [INFO]   [Pistols] start=20...
2026-04-25 15:30:42,313 [INFO]   [Pistols] +10 itens | total desta cat: 30/3316
2026-04-25 15:30:45,228 [INFO]   [Pistols] start=30...
2026-04-25 15:30:45,562 [INFO]   [Pistols] +10 itens | total desta cat: 40/3316
2026-04-25 15:30:47,516 [INFO]   [Pistols] start=40...
2026-04-25 15:30:47,803 [INFO]   [Pistols] +10 itens | total desta cat: 50/3316
2026-04-25 15:30:50,764 [INFO]   [Pistols] start=50...
2026-04-25 15:30:51,045 [INFO]   [Pistols] +10 itens | total desta cat: 60/3316
2026-04-25 15:30:53,312 [INFO]   [Pistols] start=60...
2026-04-25 15:30:53,588 [INFO]   [Pistols] +10 itens | total desta cat: 70/3316
2026-04-25 15:30:55,549 [INFO]   [Pistols] start=70...
2026-04-25 15:30:55,850 [INFO]   [Pistols] +10 itens | total desta cat: 80/3316
2026-04-25 15:30:58,625 [INFO]   [Pistols] start=80...
2026-04-25 15:30:58,947 [INFO]   [Pistols] +10 itens | total desta cat: 90/3316
2026-04-25 15:31:00,687 [INFO]   [Pistols] start=90...
2026-04-25 15:31:00,982 [INFO]   [Pistols] +10 itens | total desta cat: 100/3316
2026-04-25 15:31:03,944 [INFO]   [Pistols] start=100...
2026-04-25 15:31:04,250 [INFO]   [Pistols] +10 itens | total desta cat: 110/3316
2026-04-25 15:31:06,841 [INFO]   [Pistols] start=110...
2026-04-25 15:31:07,117 [INFO]   [Pistols] +10 itens | total desta cat: 120/3316
2026-04-25 15:31:09,555 [INFO]   [Pistols] start=120...
2026-04-25 15:31:09,819 [INFO]   [Pistols] +10 itens | total desta cat: 130/3316
2026-04-25 15:31:11,747 [INFO]   [Pistols] start=130...
2026-04-25 15:31:12,024 [INFO]   [Pistols] +10 itens | total desta cat: 140/3316
2026-04-25 15:31:14,960 [INFO]   [Pistols] start=140...
2026-04-25 15:31:15,238 [INFO]   [Pistols] +10 itens | total desta cat: 150/3316
2026-04-25 15:31:18,171 [INFO]   [Pistols] start=150...
2026-04-25 15:31:18,439 [INFO]   [Pistols] +10 itens | total desta cat: 160/3316
2026-04-25 15:31:20,244 [INFO]   [Pistols] start=160...
2026-04-25 15:31:20,524 [INFO]   [Pistols] +10 itens | total desta cat: 170/3316
2026-04-25 15:31:22,039 [INFO]   [Pistols] start=170...
2026-04-25 15:31:22,322 [INFO]   [Pistols] +10 itens | total desta cat: 180/3316
2026-04-25 15:31:23,904 [INFO]   [Pistols] start=180...
2026-04-25 15:31:24,215 [INFO]   [Pistols] +10 itens | total desta cat: 190/3316
2026-04-25 15:31:26,770 [INFO]   [Pistols] start=190...
2026-04-25 15:31:27,065 [INFO]   [Pistols] +10 itens | total desta cat: 200/3316
2026-04-25 15:31:29,053 [INFO]   [Pistols] start=200...
2026-04-25 15:31:29,322 [INFO]   [Pistols] +10 itens | total desta cat: 210/3316
2026-04-25 15:31:31,359 [INFO]   [Pistols] start=210...
2026-04-25 15:31:31,641 [INFO]   [Pistols] +10 itens | total desta cat: 220/3316
2026-04-25 15:31:34,246 [INFO]   [Pistols] start=220...
2026-04-25 15:31:34,522 [INFO]   [Pistols] +10 itens | total desta cat: 230/3316
2026-04-25 15:31:37,168 [INFO]   [Pistols] start=230...
2026-04-25 15:31:37,522 [INFO]   [Pistols] +10 itens | total desta cat: 240/3316
2026-04-25 15:31:39,088 [INFO]   [Pistols] start=240...
2026-04-25 15:31:39,360 [INFO]   [Pistols] +10 itens | total desta cat: 250/3316
2026-04-25 15:31:41,779 [INFO]   [Pistols] start=250...
2026-04-25 15:31:42,054 [INFO]   [Pistols] +10 itens | total desta cat: 260/3316
2026-04-25 15:31:44,744 [INFO]   [Pistols] start=260...
2026-04-25 15:31:45,024 [INFO]   [Pistols] +10 itens | total desta cat: 270/3316
2026-04-25 15:31:47,602 [INFO]   [Pistols] start=270...
2026-04-25 15:31:47,924 [INFO]   [Pistols] +10 itens | total desta cat: 280/3316
2026-04-25 15:31:50,313 [INFO]   [Pistols] start=280...
2026-04-25 15:31:50,602 [INFO]   [Pistols] +10 itens | total desta cat: 290/3316
2026-04-25 15:31:53,524 [INFO]   [Pistols] start=290...
2026-04-25 15:31:53,814 [INFO]   [Pistols] +10 itens | total desta cat: 300/3316
2026-04-25 15:31:56,208 [INFO]   [Pistols] start=300...
2026-04-25 15:31:56,479 [INFO]   [Pistols] +10 itens | total desta cat: 310/3316
2026-04-25 15:31:59,266 [INFO]   [Pistols] start=310...
2026-04-25 15:31:59,553 [INFO]   [Pistols] +10 itens | total desta cat: 320/3316
2026-04-25 15:32:01,996 [INFO]   [Pistols] start=320...
2026-04-25 15:32:02,299 [INFO]   [Pistols] +10 itens | total desta cat: 330/3316
2026-04-25 15:32:05,160 [INFO]   [Pistols] start=330...
2026-04-25 15:32:05,427 [INFO]   [Pistols] +10 itens | total desta cat: 340/3316
2026-04-25 15:32:08,151 [INFO]   [Pistols] start=340...
2026-04-25 15:32:08,463 [INFO]   [Pistols] +10 itens | total desta cat: 350/3316
2026-04-25 15:32:10,521 [INFO]   [Pistols] start=350...
2026-04-25 15:32:10,813 [INFO]   [Pistols] +10 itens | total desta cat: 360/3316
2026-04-25 15:32:13,805 [INFO]   [Pistols] start=360...
2026-04-25 15:32:14,087 [INFO]   [Pistols] +10 itens | total desta cat: 370/3316
2026-04-25 15:32:15,896 [INFO]   [Pistols] start=370...
2026-04-25 15:32:16,205 [INFO]   [Pistols] +10 itens | total desta cat: 380/3316
2026-04-25 15:32:18,455 [INFO]   [Pistols] start=380...
2026-04-25 15:32:18,727 [INFO]   [Pistols] +10 itens | total desta cat: 390/3316
2026-04-25 15:32:20,585 [INFO]   [Pistols] start=390...
2026-04-25 15:32:20,867 [INFO]   [Pistols] +10 itens | total desta cat: 400/3316
2026-04-25 15:32:22,747 [INFO]   [Pistols] start=400...
2026-04-25 15:32:23,056 [INFO]   [Pistols] +10 itens | total desta cat: 410/3316
2026-04-25 15:32:24,729 [INFO]   [Pistols] start=410...
2026-04-25 15:32:25,091 [INFO]   [Pistols] +10 itens | total desta cat: 420/3316
2026-04-25 15:32:28,026 [INFO]   [Pistols] start=420...
2026-04-25 15:32:28,387 [INFO]   [Pistols] +10 itens | total desta cat: 430/3316
2026-04-25 15:32:30,333 [INFO]   [Pistols] start=430...
2026-04-25 15:32:30,605 [INFO]   [Pistols] +10 itens | total desta cat: 440/3316
2026-04-25 15:32:33,317 [INFO]   [Pistols] start=440...
2026-04-25 15:32:33,588 [INFO]   [Pistols] +10 itens | total desta cat: 450/3316
2026-04-25 15:32:36,564 [INFO]   [Pistols] start=450...
2026-04-25 15:32:36,830 [INFO]   [Pistols] +10 itens | total desta cat: 460/3316
2026-04-25 15:32:38,925 [INFO]   [Pistols] start=460...
2026-04-25 15:32:39,217 [INFO]   [Pistols] +10 itens | total desta cat: 470/3316
2026-04-25 15:32:40,920 [INFO]   [Pistols] start=470...
2026-04-25 15:32:41,190 [INFO]   [Pistols] +10 itens | total desta cat: 480/3316
2026-04-25 15:32:43,005 [INFO]   [Pistols] start=480...
2026-04-25 15:32:43,231 [WARNING] Rate limited (429). A aguardar 60s...
2026-04-25 15:33:43,506 [INFO]   [Pistols] +10 itens | total desta cat: 490/3316
2026-04-25 15:33:45,534 [INFO]   [Pistols] start=490...
2026-04-25 15:33:45,809 [INFO]   [Pistols] +10 itens | total desta cat: 500/3316
2026-04-25 15:33:48,672 [INFO]   [Pistols] start=500...
2026-04-25 15:33:48,957 [INFO]   [Pistols] +10 itens | total desta cat: 510/3316
2026-04-25 15:33:51,068 [INFO]   [Pistols] start=510...
2026-04-25 15:33:51,360 [INFO]   [Pistols] +10 itens | total desta cat: 520/3316
2026-04-25 15:33:54,168 [INFO]   [Pistols] start=520...
2026-04-25 15:33:54,456 [INFO]   [Pistols] +10 itens | total desta cat: 530/3316
2026-04-25 15:33:56,612 [INFO]   [Pistols] start=530...
2026-04-25 15:33:56,985 [INFO]   [Pistols] +10 itens | total desta cat: 540/3316
2026-04-25 15:33:59,200 [INFO]   [Pistols] start=540...
2026-04-25 15:33:59,468 [INFO]   [Pistols] +10 itens | total desta cat: 550/3316
2026-04-25 15:34:01,767 [INFO]   [Pistols] start=550...
2026-04-25 15:34:02,077 [INFO]   [Pistols] +10 itens | total desta cat: 560/3316
2026-04-25 15:34:03,726 [INFO]   [Pistols] start=560...
2026-04-25 15:34:04,010 [INFO]   [Pistols] +10 itens | total desta cat: 570/3316
2026-04-25 15:34:06,842 [INFO]   [Pistols] start=570...
2026-04-25 15:34:07,128 [INFO]   [Pistols] +10 itens | total desta cat: 580/3316
2026-04-25 15:34:10,115 [INFO]   [Pistols] start=580...
2026-04-25 15:34:10,396 [INFO]   [Pistols] +10 itens | total desta cat: 590/3316
2026-04-25 15:34:13,394 [INFO]   [Pistols] start=590...
2026-04-25 15:34:13,655 [INFO]   [Pistols] +10 itens | total desta cat: 600/3316
2026-04-25 15:34:15,545 [INFO]   [Pistols] start=600...
2026-04-25 15:34:15,822 [INFO]   [Pistols] +10 itens | total desta cat: 610/3316
2026-04-25 15:34:17,366 [INFO]   [Pistols] start=610...
2026-04-25 15:34:17,641 [INFO]   [Pistols] +10 itens | total desta cat: 620/3316
2026-04-25 15:34:19,232 [INFO]   [Pistols] start=620...
2026-04-25 15:34:19,521 [INFO]   [Pistols] +10 itens | total desta cat: 630/3316
2026-04-25 15:34:22,461 [INFO]   [Pistols] start=630...
2026-04-25 15:34:22,742 [INFO]   [Pistols] +10 itens | total desta cat: 640/3316
2026-04-25 15:34:25,083 [INFO]   [Pistols] start=640...
2026-04-25 15:34:25,368 [INFO]   [Pistols] +10 itens | total desta cat: 650/3316
2026-04-25 15:34:28,080 [INFO]   [Pistols] start=650...
2026-04-25 15:34:28,387 [INFO]   [Pistols] +10 itens | total desta cat: 660/3316
2026-04-25 15:34:31,043 [INFO]   [Pistols] start=660...
2026-04-25 15:34:31,324 [INFO]   [Pistols] +10 itens | total desta cat: 670/3316
2026-04-25 15:34:33,310 [INFO]   [Pistols] start=670...
2026-04-25 15:34:33,615 [INFO]   [Pistols] +10 itens | total desta cat: 680/3316
2026-04-25 15:34:36,318 [INFO]   [Pistols] start=680...
2026-04-25 15:34:36,741 [INFO]   [Pistols] +10 itens | total desta cat: 690/3316
2026-04-25 15:34:38,419 [INFO]   [Pistols] start=690...
2026-04-25 15:34:38,699 [INFO]   [Pistols] +10 itens | total desta cat: 700/3316
2026-04-25 15:34:40,740 [INFO]   [Pistols] start=700...
2026-04-25 15:34:41,022 [INFO]   [Pistols] +10 itens | total desta cat: 710/3316
2026-04-25 15:34:43,451 [INFO]   [Pistols] start=710...
2026-04-25 15:34:43,734 [INFO]   [Pistols] +10 itens | total desta cat: 720/3316
2026-04-25 15:34:46,641 [INFO]   [Pistols] start=720...
2026-04-25 15:34:46,929 [INFO]   [Pistols] +10 itens | total desta cat: 730/3316
2026-04-25 15:34:49,617 [INFO]   [Pistols] start=730...
2026-04-25 15:34:49,920 [INFO]   [Pistols] +10 itens | total desta cat: 740/3316
2026-04-25 15:34:52,453 [INFO]   [Pistols] start=740...
2026-04-25 15:34:52,731 [INFO]   [Pistols] +10 itens | total desta cat: 750/3316
2026-04-25 15:34:55,078 [INFO]   [Pistols] start=750...
2026-04-25 15:34:55,364 [INFO]   [Pistols] +10 itens | total desta cat: 760/3316
2026-04-25 15:34:57,763 [INFO]   [Pistols] start=760...
2026-04-25 15:34:58,065 [INFO]   [Pistols] +10 itens | total desta cat: 770/3316
2026-04-25 15:35:00,260 [INFO]   [Pistols] start=770...
2026-04-25 15:35:00,535 [INFO]   [Pistols] +10 itens | total desta cat: 780/3316
2026-04-25 15:35:03,449 [INFO]   [Pistols] start=780...
2026-04-25 15:35:03,721 [INFO]   [Pistols] +10 itens | total desta cat: 790/3316
2026-04-25 15:35:05,787 [INFO]   [Pistols] start=790...
2026-04-25 15:35:06,062 [INFO]   [Pistols] +10 itens | total desta cat: 800/3316
2026-04-25 15:35:08,352 [INFO]   [Pistols] start=800...
2026-04-25 15:35:08,639 [INFO]   [Pistols] +10 itens | total desta cat: 810/3316
2026-04-25 15:35:10,794 [INFO]   [Pistols] start=810...
2026-04-25 15:35:11,081 [INFO]   [Pistols] +10 itens | total desta cat: 820/3316
2026-04-25 15:35:12,603 [INFO]   [Pistols] start=820...
2026-04-25 15:35:12,886 [INFO]   [Pistols] +10 itens | total desta cat: 830/3316
2026-04-25 15:35:14,871 [INFO]   [Pistols] start=830...
2026-04-25 15:35:15,145 [INFO]   [Pistols] +10 itens | total desta cat: 840/3316
2026-04-25 15:35:17,053 [INFO]   [Pistols] start=840...
2026-04-25 15:35:17,343 [INFO]   [Pistols] +10 itens | total desta cat: 850/3316
2026-04-25 15:35:19,436 [INFO]   [Pistols] start=850...
2026-04-25 15:35:19,710 [INFO]   [Pistols] +10 itens | total desta cat: 860/3316
2026-04-25 15:35:22,490 [INFO]   [Pistols] start=860...
2026-04-25 15:35:22,759 [INFO]   [Pistols] +10 itens | total desta cat: 870/3316
2026-04-25 15:35:24,785 [INFO]   [Pistols] start=870...
2026-04-25 15:35:25,202 [INFO]   [Pistols] +10 itens | total desta cat: 880/3316
2026-04-25 15:35:27,958 [INFO]   [Pistols] start=880...
2026-04-25 15:35:28,295 [INFO]   [Pistols] +10 itens | total desta cat: 890/3316
2026-04-25 15:35:29,808 [INFO]   [Pistols] start=890...
2026-04-25 15:35:30,094 [INFO]   [Pistols] +10 itens | total desta cat: 900/3316
2026-04-25 15:35:32,150 [INFO]   [Pistols] start=900...
2026-04-25 15:35:32,483 [INFO]   [Pistols] +10 itens | total desta cat: 910/3316
2026-04-25 15:35:34,846 [INFO]   [Pistols] start=910...
2026-04-25 15:35:35,115 [INFO]   [Pistols] +10 itens | total desta cat: 920/3316
2026-04-25 15:35:37,652 [INFO]   [Pistols] start=920...
2026-04-25 15:35:37,934 [INFO]   [Pistols] +10 itens | total desta cat: 930/3316
2026-04-25 15:35:40,109 [INFO]   [Pistols] start=930...
2026-04-25 15:35:40,376 [INFO]   [Pistols] +10 itens | total desta cat: 940/3316
2026-04-25 15:35:42,437 [INFO]   [Pistols] start=940...
2026-04-25 15:35:42,704 [INFO]   [Pistols] +10 itens | total desta cat: 950/3316
2026-04-25 15:35:44,727 [INFO]   [Pistols] start=950...
2026-04-25 15:35:45,002 [INFO]   [Pistols] +10 itens | total desta cat: 960/3316
2026-04-25 15:35:46,542 [INFO]   [Pistols] start=960...
2026-04-25 15:35:46,816 [INFO]   [Pistols] +10 itens | total desta cat: 970/3316
2026-04-25 15:35:48,430 [INFO]   [Pistols] start=970...
2026-04-25 15:35:49,072 [INFO]   [Pistols] +10 itens | total desta cat: 980/3316
2026-04-25 15:35:51,804 [INFO]   [Pistols] start=980...
2026-04-25 15:35:52,195 [INFO]   [Pistols] +10 itens | total desta cat: 990/3316
2026-04-25 15:35:54,956 [INFO]   [Pistols] start=990...
2026-04-25 15:35:55,416 [INFO]   [Pistols] +10 itens | total desta cat: 1000/3316
2026-04-25 15:35:58,237 [INFO]   [Pistols] start=1000...
2026-04-25 15:35:58,539 [INFO]   [Pistols] +10 itens | total desta cat: 1010/3316
2026-04-25 15:36:00,099 [INFO]   [Pistols] start=1010...
2026-04-25 15:36:00,597 [INFO]   [Pistols] +10 itens | total desta cat: 1020/3316
2026-04-25 15:36:03,513 [INFO]   [Pistols] start=1020...
2026-04-25 15:36:03,846 [INFO]   [Pistols] +10 itens | total desta cat: 1030/3316
2026-04-25 15:36:06,627 [INFO]   [Pistols] start=1030...
2026-04-25 15:36:06,907 [INFO]   [Pistols] +10 itens | total desta cat: 1040/3316
2026-04-25 15:36:09,711 [INFO]   [Pistols] start=1040...
2026-04-25 15:36:10,013 [INFO]   [Pistols] +10 itens | total desta cat: 1050/3316
2026-04-25 15:36:12,649 [INFO]   [Pistols] start=1050...
2026-04-25 15:36:12,991 [INFO]   [Pistols] +10 itens | total desta cat: 1060/3316
2026-04-25 15:36:15,884 [INFO]   [Pistols] start=1060...
2026-04-25 15:36:16,393 [INFO]   [Pistols] +10 itens | total desta cat: 1070/3316
2026-04-25 15:36:18,740 [INFO]   [Pistols] start=1070...
2026-04-25 15:36:19,030 [INFO]   [Pistols] +10 itens | total desta cat: 1080/3316
2026-04-25 15:36:20,599 [INFO]   [Pistols] start=1080...
2026-04-25 15:36:20,912 [INFO]   [Pistols] +10 itens | total desta cat: 1090/3316
2026-04-25 15:36:23,866 [INFO]   [Pistols] start=1090...
2026-04-25 15:36:24,253 [INFO]   [Pistols] +10 itens | total desta cat: 1100/3316
2026-04-25 15:36:26,639 [INFO]   [Pistols] start=1100...
2026-04-25 15:36:26,945 [INFO]   [Pistols] +10 itens | total desta cat: 1110/3316
2026-04-25 15:36:28,901 [INFO]   [Pistols] start=1110...
2026-04-25 15:36:29,187 [INFO]   [Pistols] +10 itens | total desta cat: 1120/3316
2026-04-25 15:36:32,172 [INFO]   [Pistols] start=1120...
2026-04-25 15:36:32,446 [INFO]   [Pistols] +10 itens | total desta cat: 1130/3316
2026-04-25 15:36:34,152 [INFO]   [Pistols] start=1130...
2026-04-25 15:36:34,429 [INFO]   [Pistols] +10 itens | total desta cat: 1140/3316
2026-04-25 15:36:37,183 [INFO]   [Pistols] start=1140...
2026-04-25 15:36:37,570 [INFO]   [Pistols] +10 itens | total desta cat: 1150/3316
2026-04-25 15:36:39,466 [INFO]   [Pistols] start=1150...
2026-04-25 15:36:39,747 [INFO]   [Pistols] +10 itens | total desta cat: 1160/3316
2026-04-25 15:36:41,573 [INFO]   [Pistols] start=1160...
2026-04-25 15:36:41,937 [INFO]   [Pistols] +10 itens | total desta cat: 1170/3316
2026-04-25 15:36:44,723 [INFO]   [Pistols] start=1170...
2026-04-25 15:36:44,994 [INFO]   [Pistols] +10 itens | total desta cat: 1180/3316
2026-04-25 15:36:46,881 [INFO]   [Pistols] start=1180...
2026-04-25 15:36:47,188 [INFO]   [Pistols] +10 itens | total desta cat: 1190/3316
2026-04-25 15:36:49,387 [INFO]   [Pistols] start=1190...
2026-04-25 15:36:49,659 [INFO]   [Pistols] +10 itens | total desta cat: 1200/3316
2026-04-25 15:36:51,359 [INFO]   [Pistols] start=1200...
2026-04-25 15:36:51,657 [INFO]   [Pistols] +10 itens | total desta cat: 1210/3316
2026-04-25 15:36:53,295 [INFO]   [Pistols] start=1210...
2026-04-25 15:36:53,570 [INFO]   [Pistols] +10 itens | total desta cat: 1220/3316
2026-04-25 15:36:55,339 [INFO]   [Pistols] start=1220...
2026-04-25 15:36:55,615 [INFO]   [Pistols] +10 itens | total desta cat: 1230/3316
2026-04-25 15:36:57,988 [INFO]   [Pistols] start=1230...
2026-04-25 15:36:58,273 [INFO]   [Pistols] +10 itens | total desta cat: 1240/3316
2026-04-25 15:37:00,257 [INFO]   [Pistols] start=1240...
2026-04-25 15:37:00,555 [INFO]   [Pistols] +10 itens | total desta cat: 1250/3316
2026-04-25 15:37:02,290 [INFO]   [Pistols] start=1250...
2026-04-25 15:37:02,614 [INFO]   [Pistols] +10 itens | total desta cat: 1260/3316
2026-04-25 15:37:04,949 [INFO]   [Pistols] start=1260...
2026-04-25 15:37:05,284 [INFO]   [Pistols] +10 itens | total desta cat: 1270/3316
2026-04-25 15:37:08,007 [INFO]   [Pistols] start=1270...
2026-04-25 15:37:08,517 [INFO]   [Pistols] +10 itens | total desta cat: 1280/3316
2026-04-25 15:37:11,178 [INFO]   [Pistols] start=1280...
2026-04-25 15:37:11,694 [INFO]   [Pistols] +10 itens | total desta cat: 1290/3316
2026-04-25 15:37:13,944 [INFO]   [Pistols] start=1290...
2026-04-25 15:37:14,243 [INFO]   [Pistols] +10 itens | total desta cat: 1300/3316
2026-04-25 15:37:16,007 [INFO]   [Pistols] start=1300...
2026-04-25 15:37:16,332 [INFO]   [Pistols] +10 itens | total desta cat: 1310/3316
2026-04-25 15:37:19,194 [INFO]   [Pistols] start=1310...
2026-04-25 15:37:19,475 [INFO]   [Pistols] +10 itens | total desta cat: 1320/3316
2026-04-25 15:37:22,073 [INFO]   [Pistols] start=1320...
2026-04-25 15:37:22,411 [INFO]   [Pistols] +10 itens | total desta cat: 1330/3316
2026-04-25 15:37:24,915 [INFO]   [Pistols] start=1330...
2026-04-25 15:37:25,186 [INFO]   [Pistols] +10 itens | total desta cat: 1340/3316
2026-04-25 15:37:27,186 [INFO]   [Pistols] start=1340...
2026-04-25 15:37:27,480 [INFO]   [Pistols] +10 itens | total desta cat: 1350/3316
2026-04-25 15:37:30,349 [INFO]   [Pistols] start=1350...
2026-04-25 15:37:30,633 [INFO]   [Pistols] +10 itens | total desta cat: 1360/3316
2026-04-25 15:37:32,155 [INFO]   [Pistols] start=1360...
2026-04-25 15:37:32,446 [INFO]   [Pistols] +10 itens | total desta cat: 1370/3316
2026-04-25 15:37:34,417 [INFO]   [Pistols] start=1370...
2026-04-25 15:37:34,716 [INFO]   [Pistols] +10 itens | total desta cat: 1380/3316
2026-04-25 15:37:37,194 [INFO]   [Pistols] start=1380...
2026-04-25 15:37:37,465 [INFO]   [Pistols] +10 itens | total desta cat: 1390/3316
2026-04-25 15:37:39,803 [INFO]   [Pistols] start=1390...
2026-04-25 15:37:40,114 [INFO]   [Pistols] +10 itens | total desta cat: 1400/3316
2026-04-25 15:37:42,231 [INFO]   [Pistols] start=1400...
2026-04-25 15:37:42,511 [INFO]   [Pistols] +10 itens | total desta cat: 1410/3316
2026-04-25 15:37:44,249 [INFO]   [Pistols] start=1410...
2026-04-25 15:37:44,530 [INFO]   [Pistols] +10 itens | total desta cat: 1420/3316
2026-04-25 15:37:47,332 [INFO]   [Pistols] start=1420...
2026-04-25 15:37:47,684 [INFO]   [Pistols] +10 itens | total desta cat: 1430/3316
2026-04-25 15:37:49,792 [INFO]   [Pistols] start=1430...
2026-04-25 15:37:50,078 [INFO]   [Pistols] +10 itens | total desta cat: 1440/3316
2026-04-25 15:37:52,008 [INFO]   [Pistols] start=1440...
2026-04-25 15:37:52,289 [INFO]   [Pistols] +10 itens | total desta cat: 1450/3316
2026-04-25 15:37:54,050 [INFO]   [Pistols] start=1450...
2026-04-25 15:37:54,319 [INFO]   [Pistols] +10 itens | total desta cat: 1460/3316
2026-04-25 15:37:56,465 [INFO]   [Pistols] start=1460...
2026-04-25 15:37:56,737 [INFO]   [Pistols] +10 itens | total desta cat: 1470/3316
2026-04-25 15:37:59,650 [INFO]   [Pistols] start=1470...
2026-04-25 15:37:59,932 [INFO]   [Pistols] +10 itens | total desta cat: 1480/3316
2026-04-25 15:38:01,899 [INFO]   [Pistols] start=1480...
2026-04-25 15:38:02,112 [WARNING] Rate limited (429). A aguardar 60s...
2026-04-25 15:39:02,393 [INFO]   [Pistols] +10 itens | total desta cat: 1490/3316
2026-04-25 15:39:04,393 [INFO]   [Pistols] start=1490...
2026-04-25 15:39:04,696 [INFO]   [Pistols] +10 itens | total desta cat: 1500/3316
2026-04-25 15:39:07,264 [INFO]   [Pistols] start=1500...
2026-04-25 15:39:07,599 [INFO]   [Pistols] +10 itens | total desta cat: 1510/3316
2026-04-25 15:39:09,738 [INFO]   [Pistols] start=1510...
2026-04-25 15:39:10,023 [INFO]   [Pistols] +10 itens | total desta cat: 1520/3316
2026-04-25 15:39:11,987 [INFO]   [Pistols] start=1520...
2026-04-25 15:39:12,268 [INFO]   [Pistols] +10 itens | total desta cat: 1530/3316
2026-04-25 15:39:14,336 [INFO]   [Pistols] start=1530...
2026-04-25 15:39:14,627 [INFO]   [Pistols] +10 itens | total desta cat: 1540/3316
2026-04-25 15:39:16,763 [INFO]   [Pistols] start=1540...
2026-04-25 15:39:17,043 [INFO]   [Pistols] +10 itens | total desta cat: 1550/3316
2026-04-25 15:39:18,953 [INFO]   [Pistols] start=1550...
2026-04-25 15:39:19,243 [INFO]   [Pistols] +10 itens | total desta cat: 1560/3316
2026-04-25 15:39:22,203 [INFO]   [Pistols] start=1560...
2026-04-25 15:39:22,485 [INFO]   [Pistols] +10 itens | total desta cat: 1570/3316
2026-04-25 15:39:24,627 [INFO]   [Pistols] start=1570...
2026-04-25 15:39:24,907 [INFO]   [Pistols] +10 itens | total desta cat: 1580/3316
2026-04-25 15:39:27,322 [INFO]   [Pistols] start=1580...
2026-04-25 15:39:27,610 [INFO]   [Pistols] +10 itens | total desta cat: 1590/3316
2026-04-25 15:39:29,899 [INFO]   [Pistols] start=1590...
2026-04-25 15:39:30,194 [INFO]   [Pistols] +10 itens | total desta cat: 1600/3316
2026-04-25 15:39:32,760 [INFO]   [Pistols] start=1600...
2026-04-25 15:39:33,040 [INFO]   [Pistols] +10 itens | total desta cat: 1610/3316
2026-04-25 15:39:35,477 [INFO]   [Pistols] start=1610...
2026-04-25 15:39:35,756 [INFO]   [Pistols] +10 itens | total desta cat: 1620/3316
2026-04-25 15:39:38,177 [INFO]   [Pistols] start=1620...
2026-04-25 15:39:38,539 [INFO]   [Pistols] +10 itens | total desta cat: 1630/3316
2026-04-25 15:39:41,338 [INFO]   [Pistols] start=1630...
2026-04-25 15:39:41,635 [INFO]   [Pistols] +10 itens | total desta cat: 1640/3316
2026-04-25 15:39:43,496 [INFO]   [Pistols] start=1640...
2026-04-25 15:39:43,806 [INFO]   [Pistols] +10 itens | total desta cat: 1650/3316
2026-04-25 15:39:45,420 [INFO]   [Pistols] start=1650...
2026-04-25 15:39:45,711 [INFO]   [Pistols] +10 itens | total desta cat: 1660/3316
2026-04-25 15:39:48,587 [INFO]   [Pistols] start=1660...
2026-04-25 15:39:48,895 [INFO]   [Pistols] +10 itens | total desta cat: 1670/3316
2026-04-25 15:39:50,779 [INFO]   [Pistols] start=1670...
2026-04-25 15:39:51,052 [INFO]   [Pistols] +10 itens | total desta cat: 1680/3316
2026-04-25 15:39:53,890 [INFO]   [Pistols] start=1680...
2026-04-25 15:39:54,169 [INFO]   [Pistols] +10 itens | total desta cat: 1690/3316
2026-04-25 15:39:55,847 [INFO]   [Pistols] start=1690...
2026-04-25 15:39:56,154 [INFO]   [Pistols] +10 itens | total desta cat: 1700/3316
2026-04-25 15:39:58,844 [INFO]   [Pistols] start=1700...
2026-04-25 15:39:59,115 [INFO]   [Pistols] +10 itens | total desta cat: 1710/3316
2026-04-25 15:40:00,735 [INFO]   [Pistols] start=1710...
2026-04-25 15:40:01,011 [INFO]   [Pistols] +10 itens | total desta cat: 1720/3316
2026-04-25 15:40:03,297 [INFO]   [Pistols] start=1720...
2026-04-25 15:40:03,572 [INFO]   [Pistols] +10 itens | total desta cat: 1730/3316
2026-04-25 15:40:05,096 [INFO]   [Pistols] start=1730...
2026-04-25 15:40:05,358 [INFO]   [Pistols] +10 itens | total desta cat: 1740/3316
2026-04-25 15:40:08,200 [INFO]   [Pistols] start=1740...
2026-04-25 15:40:08,493 [INFO]   [Pistols] +10 itens | total desta cat: 1750/3316
2026-04-25 15:40:10,677 [INFO]   [Pistols] start=1750...
2026-04-25 15:40:10,961 [INFO]   [Pistols] +10 itens | total desta cat: 1760/3316
2026-04-25 15:40:13,142 [INFO]   [Pistols] start=1760...
2026-04-25 15:40:13,423 [INFO]   [Pistols] +10 itens | total desta cat: 1770/3316
2026-04-25 15:40:16,103 [INFO]   [Pistols] start=1770...
2026-04-25 15:40:16,388 [INFO]   [Pistols] +10 itens | total desta cat: 1780/3316
2026-04-25 15:40:18,501 [INFO]   [Pistols] start=1780...
2026-04-25 15:40:18,777 [INFO]   [Pistols] +10 itens | total desta cat: 1790/3316
2026-04-25 15:40:21,507 [INFO]   [Pistols] start=1790...
2026-04-25 15:40:21,795 [INFO]   [Pistols] +10 itens | total desta cat: 1800/3316
2026-04-25 15:40:24,177 [INFO]   [Pistols] start=1800...
2026-04-25 15:40:24,456 [INFO]   [Pistols] +10 itens | total desta cat: 1810/3316
2026-04-25 15:40:27,003 [INFO]   [Pistols] start=1810...
2026-04-25 15:40:27,273 [INFO]   [Pistols] +10 itens | total desta cat: 1820/3316
2026-04-25 15:40:29,629 [INFO]   [Pistols] start=1820...
2026-04-25 15:40:29,899 [INFO]   [Pistols] +10 itens | total desta cat: 1830/3316
2026-04-25 15:40:32,054 [INFO]   [Pistols] start=1830...
2026-04-25 15:40:32,317 [INFO]   [Pistols] +10 itens | total desta cat: 1840/3316
2026-04-25 15:40:34,995 [INFO]   [Pistols] start=1840...
2026-04-25 15:40:35,281 [INFO]   [Pistols] +10 itens | total desta cat: 1850/3316
2026-04-25 15:40:37,797 [INFO]   [Pistols] start=1850...
2026-04-25 15:40:38,085 [INFO]   [Pistols] +10 itens | total desta cat: 1860/3316
2026-04-25 15:40:40,533 [INFO]   [Pistols] start=1860...
2026-04-25 15:40:40,816 [INFO]   [Pistols] +10 itens | total desta cat: 1870/3316
2026-04-25 15:40:42,883 [INFO]   [Pistols] start=1870...
2026-04-25 15:40:43,189 [INFO]   [Pistols] +10 itens | total desta cat: 1880/3316
2026-04-25 15:40:45,358 [INFO]   [Pistols] start=1880...
2026-04-25 15:40:45,641 [INFO]   [Pistols] +10 itens | total desta cat: 1890/3316
2026-04-25 15:40:48,300 [INFO]   [Pistols] start=1890...
2026-04-25 15:40:48,574 [INFO]   [Pistols] +10 itens | total desta cat: 1900/3316
2026-04-25 15:40:50,629 [INFO]   [Pistols] start=1900...
2026-04-25 15:40:50,976 [INFO]   [Pistols] +10 itens | total desta cat: 1910/3316
2026-04-25 15:40:53,825 [INFO]   [Pistols] start=1910...
2026-04-25 15:40:54,102 [INFO]   [Pistols] +10 itens | total desta cat: 1920/3316
2026-04-25 15:40:56,286 [INFO]   [Pistols] start=1920...
2026-04-25 15:40:56,778 [INFO]   [Pistols] +10 itens | total desta cat: 1930/3316
2026-04-25 15:40:59,204 [INFO]   [Pistols] start=1930...
2026-04-25 15:40:59,509 [INFO]   [Pistols] +10 itens | total desta cat: 1940/3316
2026-04-25 15:41:02,033 [INFO]   [Pistols] start=1940...
2026-04-25 15:41:02,358 [INFO]   [Pistols] +10 itens | total desta cat: 1950/3316
2026-04-25 15:41:05,139 [INFO]   [Pistols] start=1950...
2026-04-25 15:41:05,425 [INFO]   [Pistols] +10 itens | total desta cat: 1960/3316
2026-04-25 15:41:07,054 [INFO]   [Pistols] start=1960...
2026-04-25 15:41:07,341 [INFO]   [Pistols] +10 itens | total desta cat: 1970/3316
2026-04-25 15:41:10,051 [INFO]   [Pistols] start=1970...
2026-04-25 15:41:10,333 [INFO]   [Pistols] +10 itens | total desta cat: 1980/3316
2026-04-25 15:41:12,618 [INFO]   [Pistols] start=1980...
2026-04-25 15:41:12,914 [INFO]   [Pistols] +10 itens | total desta cat: 1990/3316
2026-04-25 15:41:15,055 [INFO]   [Pistols] start=1990...
2026-04-25 15:41:15,319 [INFO]   [Pistols] +10 itens | total desta cat: 2000/3316
2026-04-25 15:41:17,695 [INFO]   [Pistols] start=2000...
2026-04-25 15:41:18,035 [INFO]   [Pistols] +10 itens | total desta cat: 2010/3316
2026-04-25 15:41:20,711 [INFO]   [Pistols] start=2010...
2026-04-25 15:41:20,999 [INFO]   [Pistols] +10 itens | total desta cat: 2020/3316
2026-04-25 15:41:23,759 [INFO]   [Pistols] start=2020...
2026-04-25 15:41:24,037 [INFO]   [Pistols] +10 itens | total desta cat: 2030/3316
2026-04-25 15:41:26,621 [INFO]   [Pistols] start=2030...
2026-04-25 15:41:26,896 [INFO]   [Pistols] +10 itens | total desta cat: 2040/3316
2026-04-25 15:41:29,498 [INFO]   [Pistols] start=2040...
2026-04-25 15:41:29,784 [INFO]   [Pistols] +10 itens | total desta cat: 2050/3316
2026-04-25 15:41:31,318 [INFO]   [Pistols] start=2050...
2026-04-25 15:41:31,626 [INFO]   [Pistols] +10 itens | total desta cat: 2060/3316
2026-04-25 15:41:33,321 [INFO]   [Pistols] start=2060...
2026-04-25 15:41:33,603 [INFO]   [Pistols] +10 itens | total desta cat: 2070/3316
2026-04-25 15:41:36,056 [INFO]   [Pistols] start=2070...
2026-04-25 15:41:36,333 [INFO]   [Pistols] +10 itens | total desta cat: 2080/3316
2026-04-25 15:41:38,197 [INFO]   [Pistols] start=2080...
2026-04-25 15:41:38,502 [INFO]   [Pistols] +10 itens | total desta cat: 2090/3316
2026-04-25 15:41:41,158 [INFO]   [Pistols] start=2090...
2026-04-25 15:41:41,435 [INFO]   [Pistols] +10 itens | total desta cat: 2100/3316
2026-04-25 15:41:43,731 [INFO]   [Pistols] start=2100...
2026-04-25 15:41:44,020 [INFO]   [Pistols] +10 itens | total desta cat: 2110/3316
2026-04-25 15:41:46,086 [INFO]   [Pistols] start=2110...
2026-04-25 15:41:46,372 [INFO]   [Pistols] +10 itens | total desta cat: 2120/3316
2026-04-25 15:41:47,994 [INFO]   [Pistols] start=2120...
2026-04-25 15:41:48,294 [INFO]   [Pistols] +10 itens | total desta cat: 2130/3316
2026-04-25 15:41:49,844 [INFO]   [Pistols] start=2130...
2026-04-25 15:41:50,125 [INFO]   [Pistols] +10 itens | total desta cat: 2140/3316
2026-04-25 15:41:53,095 [INFO]   [Pistols] start=2140...
2026-04-25 15:41:53,371 [INFO]   [Pistols] +10 itens | total desta cat: 2150/3316
2026-04-25 15:41:56,080 [INFO]   [Pistols] start=2150...
2026-04-25 15:41:56,377 [INFO]   [Pistols] +10 itens | total desta cat: 2160/3316
2026-04-25 15:41:59,123 [INFO]   [Pistols] start=2160...
2026-04-25 15:41:59,415 [INFO]   [Pistols] +10 itens | total desta cat: 2170/3316
2026-04-25 15:42:01,486 [INFO]   [Pistols] start=2170...
2026-04-25 15:42:01,763 [INFO]   [Pistols] +10 itens | total desta cat: 2180/3316
2026-04-25 15:42:03,365 [INFO]   [Pistols] start=2180...
2026-04-25 15:42:03,741 [INFO]   [Pistols] +10 itens | total desta cat: 2190/3316
2026-04-25 15:42:06,231 [INFO]   [Pistols] start=2190...
2026-04-25 15:42:06,508 [INFO]   [Pistols] +10 itens | total desta cat: 2200/3316
2026-04-25 15:42:08,221 [INFO]   [Pistols] start=2200...
2026-04-25 15:42:08,504 [INFO]   [Pistols] +10 itens | total desta cat: 2210/3316
2026-04-25 15:42:11,305 [INFO]   [Pistols] start=2210...
2026-04-25 15:42:11,589 [INFO]   [Pistols] +10 itens | total desta cat: 2220/3316
2026-04-25 15:42:14,398 [INFO]   [Pistols] start=2220...
2026-04-25 15:42:14,673 [INFO]   [Pistols] +10 itens | total desta cat: 2230/3316
2026-04-25 15:42:17,083 [INFO]   [Pistols] start=2230...
2026-04-25 15:42:17,354 [INFO]   [Pistols] +10 itens | total desta cat: 2240/3316
2026-04-25 15:42:19,916 [INFO]   [Pistols] start=2240...
2026-04-25 15:42:20,200 [INFO]   [Pistols] +10 itens | total desta cat: 2250/3316
2026-04-25 15:42:22,849 [INFO]   [Pistols] start=2250...
2026-04-25 15:42:23,142 [INFO]   [Pistols] +10 itens | total desta cat: 2260/3316
2026-04-25 15:42:25,557 [INFO]   [Pistols] start=2260...
2026-04-25 15:42:25,835 [INFO]   [Pistols] +10 itens | total desta cat: 2270/3316
2026-04-25 15:42:27,449 [INFO]   [Pistols] start=2270...
2026-04-25 15:42:27,734 [INFO]   [Pistols] +10 itens | total desta cat: 2280/3316
2026-04-25 15:42:30,329 [INFO]   [Pistols] start=2280...
2026-04-25 15:42:30,600 [INFO]   [Pistols] +10 itens | total desta cat: 2290/3316
2026-04-25 15:42:32,828 [INFO]   [Pistols] start=2290...
2026-04-25 15:42:33,114 [INFO]   [Pistols] +10 itens | total desta cat: 2300/3316
2026-04-25 15:42:34,690 [INFO]   [Pistols] start=2300...
2026-04-25 15:42:35,037 [INFO]   [Pistols] +10 itens | total desta cat: 2310/3316
2026-04-25 15:42:37,450 [INFO]   [Pistols] start=2310...
2026-04-25 15:42:37,738 [INFO]   [Pistols] +10 itens | total desta cat: 2320/3316
2026-04-25 15:42:39,342 [INFO]   [Pistols] start=2320...
2026-04-25 15:42:39,614 [INFO]   [Pistols] +10 itens | total desta cat: 2330/3316
2026-04-25 15:42:42,392 [INFO]   [Pistols] start=2330...
2026-04-25 15:42:42,665 [INFO]   [Pistols] +10 itens | total desta cat: 2340/3316
2026-04-25 15:42:44,667 [INFO]   [Pistols] start=2340...
2026-04-25 15:42:44,958 [INFO]   [Pistols] +10 itens | total desta cat: 2350/3316
2026-04-25 15:42:46,527 [INFO]   [Pistols] start=2350...
2026-04-25 15:42:46,799 [INFO]   [Pistols] +10 itens | total desta cat: 2360/3316
2026-04-25 15:42:49,588 [INFO]   [Pistols] start=2360...
2026-04-25 15:42:49,864 [INFO]   [Pistols] +10 itens | total desta cat: 2370/3316
2026-04-25 15:42:52,318 [INFO]   [Pistols] start=2370...
2026-04-25 15:42:52,594 [INFO]   [Pistols] +10 itens | total desta cat: 2380/3316
2026-04-25 15:42:55,203 [INFO]   [Pistols] start=2380...
2026-04-25 15:42:55,478 [INFO]   [Pistols] +10 itens | total desta cat: 2390/3316
2026-04-25 15:42:57,943 [INFO]   [Pistols] start=2390...
2026-04-25 15:42:58,224 [INFO]   [Pistols] +10 itens | total desta cat: 2400/3316
2026-04-25 15:43:00,799 [INFO]   [Pistols] start=2400...
2026-04-25 15:43:01,076 [INFO]   [Pistols] +10 itens | total desta cat: 2410/3316
2026-04-25 15:43:03,411 [INFO]   [Pistols] start=2410...
2026-04-25 15:43:03,690 [INFO]   [Pistols] +10 itens | total desta cat: 2420/3316
2026-04-25 15:43:05,493 [INFO]   [Pistols] start=2420...
2026-04-25 15:43:05,784 [INFO]   [Pistols] +10 itens | total desta cat: 2430/3316
2026-04-25 15:43:08,382 [INFO]   [Pistols] start=2430...
2026-04-25 15:43:08,672 [INFO]   [Pistols] +10 itens | total desta cat: 2440/3316
2026-04-25 15:43:11,003 [INFO]   [Pistols] start=2440...
2026-04-25 15:43:11,283 [INFO]   [Pistols] +10 itens | total desta cat: 2450/3316
2026-04-25 15:43:12,989 [INFO]   [Pistols] start=2450...
2026-04-25 15:43:13,277 [INFO]   [Pistols] +10 itens | total desta cat: 2460/3316
2026-04-25 15:43:15,364 [INFO]   [Pistols] start=2460...
2026-04-25 15:43:15,644 [INFO]   [Pistols] +10 itens | total desta cat: 2470/3316
2026-04-25 15:43:17,410 [INFO]   [Pistols] start=2470...
2026-04-25 15:43:17,684 [INFO]   [Pistols] +10 itens | total desta cat: 2480/3316
2026-04-25 15:43:20,333 [INFO]   [Pistols] start=2480...
2026-04-25 15:43:20,547 [WARNING] Rate limited (429). A aguardar 60s...
2026-04-25 15:44:20,816 [INFO]   [Pistols] +10 itens | total desta cat: 2490/3316
2026-04-25 15:44:23,232 [INFO]   [Pistols] start=2490...
2026-04-25 15:44:23,510 [INFO]   [Pistols] +10 itens | total desta cat: 2500/3316
2026-04-25 15:44:26,112 [INFO]   [Pistols] start=2500...
2026-04-25 15:44:26,375 [INFO]   [Pistols] +10 itens | total desta cat: 2510/3316
2026-04-25 15:44:28,890 [INFO]   [Pistols] start=2510...
2026-04-25 15:44:29,178 [INFO]   [Pistols] +10 itens | total desta cat: 2520/3316
2026-04-25 15:44:31,236 [INFO]   [Pistols] start=2520...
2026-04-25 15:44:31,505 [INFO]   [Pistols] +10 itens | total desta cat: 2530/3316
2026-04-25 15:44:33,964 [INFO]   [Pistols] start=2530...
2026-04-25 15:44:34,257 [INFO]   [Pistols] +10 itens | total desta cat: 2540/3316
2026-04-25 15:44:36,135 [INFO]   [Pistols] start=2540...
2026-04-25 15:44:36,404 [INFO]   [Pistols] +10 itens | total desta cat: 2550/3316
2026-04-25 15:44:38,002 [INFO]   [Pistols] start=2550...
2026-04-25 15:44:38,290 [INFO]   [Pistols] +10 itens | total desta cat: 2560/3316
2026-04-25 15:44:40,027 [INFO]   [Pistols] start=2560...
2026-04-25 15:44:40,307 [INFO]   [Pistols] +10 itens | total desta cat: 2570/3316
2026-04-25 15:44:43,284 [INFO]   [Pistols] start=2570...
2026-04-25 15:44:43,560 [INFO]   [Pistols] +10 itens | total desta cat: 2580/3316
2026-04-25 15:44:45,804 [INFO]   [Pistols] start=2580...
2026-04-25 15:44:46,080 [INFO]   [Pistols] +10 itens | total desta cat: 2590/3316
2026-04-25 15:44:48,625 [INFO]   [Pistols] start=2590...
2026-04-25 15:44:48,917 [INFO]   [Pistols] +10 itens | total desta cat: 2600/3316
2026-04-25 15:44:51,864 [INFO]   [Pistols] start=2600...
2026-04-25 15:44:52,138 [INFO]   [Pistols] +10 itens | total desta cat: 2610/3316
2026-04-25 15:44:55,088 [INFO]   [Pistols] start=2610...
2026-04-25 15:44:55,370 [INFO]   [Pistols] +10 itens | total desta cat: 2620/3316
2026-04-25 15:44:57,944 [INFO]   [Pistols] start=2620...
2026-04-25 15:44:58,227 [INFO]   [Pistols] +10 itens | total desta cat: 2630/3316
2026-04-25 15:44:59,967 [INFO]   [Pistols] start=2630...
2026-04-25 15:45:00,260 [INFO]   [Pistols] +10 itens | total desta cat: 2640/3316
2026-04-25 15:45:02,359 [INFO]   [Pistols] start=2640...
2026-04-25 15:45:02,632 [INFO]   [Pistols] +10 itens | total desta cat: 2650/3316
2026-04-25 15:45:04,598 [INFO]   [Pistols] start=2650...
2026-04-25 15:45:04,874 [INFO]   [Pistols] +10 itens | total desta cat: 2660/3316
2026-04-25 15:45:07,851 [INFO]   [Pistols] start=2660...
2026-04-25 15:45:08,140 [INFO]   [Pistols] +10 itens | total desta cat: 2670/3316
2026-04-25 15:45:10,088 [INFO]   [Pistols] start=2670...
2026-04-25 15:45:10,359 [INFO]   [Pistols] +10 itens | total desta cat: 2680/3316
2026-04-25 15:45:13,143 [INFO]   [Pistols] start=2680...
2026-04-25 15:45:13,429 [INFO]   [Pistols] +10 itens | total desta cat: 2690/3316
2026-04-25 15:45:15,919 [INFO]   [Pistols] start=2690...
2026-04-25 15:45:16,197 [INFO]   [Pistols] +10 itens | total desta cat: 2700/3316
2026-04-25 15:45:17,818 [INFO]   [Pistols] start=2700...
2026-04-25 15:45:18,099 [INFO]   [Pistols] +10 itens | total desta cat: 2710/3316
2026-04-25 15:45:20,045 [INFO]   [Pistols] start=2710...
2026-04-25 15:45:20,321 [INFO]   [Pistols] +10 itens | total desta cat: 2720/3316
2026-04-25 15:45:22,428 [INFO]   [Pistols] start=2720...
2026-04-25 15:45:22,716 [INFO]   [Pistols] +10 itens | total desta cat: 2730/3316
2026-04-25 15:45:25,598 [INFO]   [Pistols] start=2730...
2026-04-25 15:45:25,875 [INFO]   [Pistols] +10 itens | total desta cat: 2740/3316
2026-04-25 15:45:28,049 [INFO]   [Pistols] start=2740...
2026-04-25 15:45:28,466 [INFO]   [Pistols] +10 itens | total desta cat: 2750/3316
2026-04-25 15:45:31,004 [INFO]   [Pistols] start=2750...
2026-04-25 15:45:31,273 [INFO]   [Pistols] +10 itens | total desta cat: 2760/3316
2026-04-25 15:45:33,812 [INFO]   [Pistols] start=2760...
2026-04-25 15:45:34,109 [INFO]   [Pistols] +10 itens | total desta cat: 2770/3316
2026-04-25 15:45:36,483 [INFO]   [Pistols] start=2770...
2026-04-25 15:45:36,770 [INFO]   [Pistols] +10 itens | total desta cat: 2780/3316
2026-04-25 15:45:38,633 [INFO]   [Pistols] start=2780...
2026-04-25 15:45:38,908 [INFO]   [Pistols] +10 itens | total desta cat: 2790/3316
2026-04-25 15:45:41,431 [INFO]   [Pistols] start=2790...
2026-04-25 15:45:41,714 [INFO]   [Pistols] +10 itens | total desta cat: 2800/3316
2026-04-25 15:45:44,654 [INFO]   [Pistols] start=2800...
2026-04-25 15:45:44,934 [INFO]   [Pistols] +10 itens | total desta cat: 2810/3316
2026-04-25 15:45:47,129 [INFO]   [Pistols] start=2810...
2026-04-25 15:45:47,402 [INFO]   [Pistols] +10 itens | total desta cat: 2820/3316
2026-04-25 15:45:50,063 [INFO]   [Pistols] start=2820...
2026-04-25 15:45:50,436 [INFO]   [Pistols] +10 itens | total desta cat: 2830/3316
2026-04-25 15:45:52,958 [INFO]   [Pistols] start=2830...
2026-04-25 15:45:53,226 [INFO]   [Pistols] +10 itens | total desta cat: 2840/3316
2026-04-25 15:45:55,013 [INFO]   [Pistols] start=2840...
2026-04-25 15:45:55,287 [INFO]   [Pistols] +10 itens | total desta cat: 2850/3316
2026-04-25 15:45:58,145 [INFO]   [Pistols] start=2850...
2026-04-25 15:45:58,436 [INFO]   [Pistols] +10 itens | total desta cat: 2860/3316
2026-04-25 15:46:00,267 [INFO]   [Pistols] start=2860...
2026-04-25 15:46:00,542 [INFO]   [Pistols] +10 itens | total desta cat: 2870/3316
2026-04-25 15:46:02,731 [INFO]   [Pistols] start=2870...
2026-04-25 15:46:03,008 [INFO]   [Pistols] +10 itens | total desta cat: 2880/3316
2026-04-25 15:46:05,562 [INFO]   [Pistols] start=2880...
2026-04-25 15:46:05,833 [INFO]   [Pistols] +10 itens | total desta cat: 2890/3316
2026-04-25 15:46:08,140 [INFO]   [Pistols] start=2890...
2026-04-25 15:46:08,406 [INFO]   [Pistols] +10 itens | total desta cat: 2900/3316
2026-04-25 15:46:10,048 [INFO]   [Pistols] start=2900...
2026-04-25 15:46:10,315 [INFO]   [Pistols] +10 itens | total desta cat: 2910/3316
2026-04-25 15:46:12,227 [INFO]   [Pistols] start=2910...
2026-04-25 15:46:12,494 [INFO]   [Pistols] +10 itens | total desta cat: 2920/3316
2026-04-25 15:46:15,090 [INFO]   [Pistols] start=2920...
2026-04-25 15:46:15,403 [INFO]   [Pistols] +10 itens | total desta cat: 2930/3316
2026-04-25 15:46:17,461 [INFO]   [Pistols] start=2930...
2026-04-25 15:46:17,745 [INFO]   [Pistols] +10 itens | total desta cat: 2940/3316
2026-04-25 15:46:19,852 [INFO]   [Pistols] start=2940...
2026-04-25 15:46:20,146 [INFO]   [Pistols] +10 itens | total desta cat: 2950/3316
2026-04-25 15:46:22,132 [INFO]   [Pistols] start=2950...
2026-04-25 15:46:22,401 [INFO]   [Pistols] +10 itens | total desta cat: 2960/3316
2026-04-25 15:46:24,965 [INFO]   [Pistols] start=2960...
2026-04-25 15:46:25,246 [INFO]   [Pistols] +10 itens | total desta cat: 2970/3316
2026-04-25 15:46:27,511 [INFO]   [Pistols] start=2970...
2026-04-25 15:46:27,793 [INFO]   [Pistols] +10 itens | total desta cat: 2980/3316
2026-04-25 15:46:30,445 [INFO]   [Pistols] start=2980...
2026-04-25 15:46:30,722 [INFO]   [Pistols] +10 itens | total desta cat: 2990/3316
2026-04-25 15:46:32,269 [INFO]   [Pistols] start=2990...
2026-04-25 15:46:32,543 [INFO]   [Pistols] +10 itens | total desta cat: 3000/3316
2026-04-25 15:46:34,963 [INFO]   [Pistols] start=3000...
2026-04-25 15:46:35,243 [INFO]   [Pistols] +10 itens | total desta cat: 3010/3316
2026-04-25 15:46:37,364 [INFO]   [Pistols] start=3010...
2026-04-25 15:46:37,634 [INFO]   [Pistols] +10 itens | total desta cat: 3020/3316
2026-04-25 15:46:39,950 [INFO]   [Pistols] start=3020...
2026-04-25 15:46:40,234 [INFO]   [Pistols] +10 itens | total desta cat: 3030/3316
2026-04-25 15:46:41,881 [INFO]   [Pistols] start=3030...
2026-04-25 15:46:42,174 [INFO]   [Pistols] +10 itens | total desta cat: 3040/3316
2026-04-25 15:46:43,988 [INFO]   [Pistols] start=3040...
2026-04-25 15:46:44,274 [INFO]   [Pistols] +10 itens | total desta cat: 3050/3316
2026-04-25 15:46:46,750 [INFO]   [Pistols] start=3050...
2026-04-25 15:46:47,030 [INFO]   [Pistols] +10 itens | total desta cat: 3060/3316
2026-04-25 15:46:48,852 [INFO]   [Pistols] start=3060...
2026-04-25 15:46:49,144 [INFO]   [Pistols] +10 itens | total desta cat: 3070/3316
2026-04-25 15:46:51,821 [INFO]   [Pistols] start=3070...
2026-04-25 15:46:52,103 [INFO]   [Pistols] +10 itens | total desta cat: 3080/3316
2026-04-25 15:46:54,401 [INFO]   [Pistols] start=3080...
2026-04-25 15:46:54,695 [INFO]   [Pistols] +10 itens | total desta cat: 3090/3316
2026-04-25 15:46:56,649 [INFO]   [Pistols] start=3090...
2026-04-25 15:46:56,924 [INFO]   [Pistols] +10 itens | total desta cat: 3100/3316
2026-04-25 15:46:58,730 [INFO]   [Pistols] start=3100...
2026-04-25 15:46:59,001 [INFO]   [Pistols] +10 itens | total desta cat: 3110/3316
2026-04-25 15:47:00,746 [INFO]   [Pistols] start=3110...
2026-04-25 15:47:01,017 [INFO]   [Pistols] +10 itens | total desta cat: 3120/3316
2026-04-25 15:47:03,409 [INFO]   [Pistols] start=3120...
2026-04-25 15:47:03,684 [INFO]   [Pistols] +10 itens | total desta cat: 3130/3316
2026-04-25 15:47:06,056 [INFO]   [Pistols] start=3130...
2026-04-25 15:47:06,337 [INFO]   [Pistols] +10 itens | total desta cat: 3140/3316
2026-04-25 15:47:08,565 [INFO]   [Pistols] start=3140...
2026-04-25 15:47:08,848 [INFO]   [Pistols] +10 itens | total desta cat: 3150/3316
2026-04-25 15:47:11,263 [INFO]   [Pistols] start=3150...
2026-04-25 15:47:11,584 [INFO]   [Pistols] +10 itens | total desta cat: 3160/3316
2026-04-25 15:47:13,237 [INFO]   [Pistols] start=3160...
2026-04-25 15:47:13,514 [INFO]   [Pistols] +10 itens | total desta cat: 3170/3316
2026-04-25 15:47:15,126 [INFO]   [Pistols] start=3170...
2026-04-25 15:47:15,404 [INFO]   [Pistols] +10 itens | total desta cat: 3180/3316
2026-04-25 15:47:17,270 [INFO]   [Pistols] start=3180...
2026-04-25 15:47:17,542 [INFO]   [Pistols] +10 itens | total desta cat: 3190/3316
2026-04-25 15:47:20,103 [INFO]   [Pistols] start=3190...
2026-04-25 15:47:20,384 [INFO]   [Pistols] +10 itens | total desta cat: 3200/3316
2026-04-25 15:47:23,255 [INFO]   [Pistols] start=3200...
2026-04-25 15:47:23,552 [INFO]   [Pistols] +10 itens | total desta cat: 3210/3316
2026-04-25 15:47:26,320 [INFO]   [Pistols] start=3210...
2026-04-25 15:47:26,586 [INFO]   [Pistols] +10 itens | total desta cat: 3220/3316
2026-04-25 15:47:28,646 [INFO]   [Pistols] start=3220...
2026-04-25 15:47:28,935 [INFO]   [Pistols] +10 itens | total desta cat: 3230/3316
2026-04-25 15:47:31,670 [INFO]   [Pistols] start=3230...
2026-04-25 15:47:31,973 [INFO]   [Pistols] +10 itens | total desta cat: 3240/3316
2026-04-25 15:47:34,803 [INFO]   [Pistols] start=3240...
2026-04-25 15:47:35,080 [INFO]   [Pistols] +10 itens | total desta cat: 3250/3316
2026-04-25 15:47:36,869 [INFO]   [Pistols] start=3250...
2026-04-25 15:47:37,155 [INFO]   [Pistols] +10 itens | total desta cat: 3260/3316
2026-04-25 15:47:38,763 [INFO]   [Pistols] start=3260...
2026-04-25 15:47:39,042 [INFO]   [Pistols] +10 itens | total desta cat: 3270/3316
2026-04-25 15:47:40,873 [INFO]   [Pistols] start=3270...
2026-04-25 15:47:41,136 [INFO]   [Pistols] +10 itens | total desta cat: 3280/3316
2026-04-25 15:47:43,018 [INFO]   [Pistols] start=3280...
2026-04-25 15:47:43,293 [INFO]   [Pistols] +10 itens | total desta cat: 3290/3316
2026-04-25 15:47:45,773 [INFO]   [Pistols] start=3290...
2026-04-25 15:47:46,066 [INFO]   [Pistols] +10 itens | total desta cat: 3300/3316
2026-04-25 15:47:48,861 [INFO]   [Pistols] start=3300...
2026-04-25 15:47:49,145 [INFO]   [Pistols] +10 itens | total desta cat: 3310/3316
2026-04-25 15:47:51,656 [INFO]   [Pistols] start=3310...
2026-04-25 15:47:51,925 [INFO]   [Pistols] +6 itens | total desta cat: 3316/3316
2026-04-25 15:47:51,925 [INFO]   [Pistols] ✓ 3316 itens recolhidos.
2026-04-25 15:47:52,102 [INFO] 💾 Guardado: 4646 itens únicos → cs2_market_prices.json + cs2_market_prices.csv
2026-04-25 15:47:52,102 [INFO] ⏸  Pausa entre categorias: 4.7s
2026-04-25 15:47:56,763 [INFO] [3/27] A processar: SMGs
2026-04-25 15:47:56,764 [INFO] ━━━ Categoria: SMGs ━━━
2026-04-25 15:47:56,765 [INFO]   [SMGs] start=0...
2026-04-25 15:47:57,091 [INFO]   [SMGs] +10 itens | total desta cat: 10/2384
2026-04-25 15:47:59,388 [INFO]   [SMGs] start=10...
2026-04-25 15:47:59,682 [INFO]   [SMGs] +10 itens | total desta cat: 20/2384
2026-04-25 15:48:01,738 [INFO]   [SMGs] start=20...
2026-04-25 15:48:02,041 [INFO]   [SMGs] +10 itens | total desta cat: 30/2384
2026-04-25 15:48:03,758 [INFO]   [SMGs] start=30...
2026-04-25 15:48:04,023 [INFO]   [SMGs] +10 itens | total desta cat: 40/2384
2026-04-25 15:48:06,477 [INFO]   [SMGs] start=40...
2026-04-25 15:48:06,763 [INFO]   [SMGs] +10 itens | total desta cat: 50/2384
2026-04-25 15:48:09,048 [INFO]   [SMGs] start=50...
2026-04-25 15:48:09,332 [INFO]   [SMGs] +10 itens | total desta cat: 60/2384
2026-04-25 15:48:11,935 [INFO]   [SMGs] start=60...
2026-04-25 15:48:12,207 [INFO]   [SMGs] +10 itens | total desta cat: 70/2384
2026-04-25 15:48:13,780 [INFO]   [SMGs] start=70...
2026-04-25 15:48:14,075 [INFO]   [SMGs] +10 itens | total desta cat: 80/2384
2026-04-25 15:48:16,909 [INFO]   [SMGs] start=80...
2026-04-25 15:48:17,175 [INFO]   [SMGs] +10 itens | total desta cat: 90/2384
2026-04-25 15:48:18,761 [INFO]   [SMGs] start=90...
2026-04-25 15:48:19,049 [INFO]   [SMGs] +10 itens | total desta cat: 100/2384
2026-04-25 15:48:21,745 [INFO]   [SMGs] start=100...
2026-04-25 15:48:22,015 [INFO]   [SMGs] +10 itens | total desta cat: 110/2384
2026-04-25 15:48:24,207 [INFO]   [SMGs] start=110...
2026-04-25 15:48:24,485 [INFO]   [SMGs] +10 itens | total desta cat: 120/2384
2026-04-25 15:48:26,991 [INFO]   [SMGs] start=120...
2026-04-25 15:48:27,265 [INFO]   [SMGs] +10 itens | total desta cat: 130/2384
2026-04-25 15:48:29,837 [INFO]   [SMGs] start=130...
2026-04-25 15:48:30,158 [INFO]   [SMGs] +10 itens | total desta cat: 140/2384
2026-04-25 15:48:32,911 [INFO]   [SMGs] start=140...
2026-04-25 15:48:33,183 [INFO]   [SMGs] +10 itens | total desta cat: 150/2384
2026-04-25 15:48:35,222 [INFO]   [SMGs] start=150...
2026-04-25 15:48:35,509 [INFO]   [SMGs] +10 itens | total desta cat: 160/2384
2026-04-25 15:48:37,876 [INFO]   [SMGs] start=160...
2026-04-25 15:48:38,091 [WARNING] Rate limited (429). A aguardar 60s...
2026-04-25 15:49:38,393 [INFO]   [SMGs] +10 itens | total desta cat: 170/2384
2026-04-25 15:49:40,987 [INFO]   [SMGs] start=170...
2026-04-25 15:49:41,264 [INFO]   [SMGs] +10 itens | total desta cat: 180/2384
2026-04-25 15:49:43,023 [INFO]   [SMGs] start=180...
2026-04-25 15:49:43,305 [INFO]   [SMGs] +10 itens | total desta cat: 190/2384
2026-04-25 15:49:45,900 [INFO]   [SMGs] start=190...
2026-04-25 15:49:46,196 [INFO]   [SMGs] +10 itens | total desta cat: 200/2384
2026-04-25 15:49:47,767 [INFO]   [SMGs] start=200...
2026-04-25 15:49:48,057 [INFO]   [SMGs] +10 itens | total desta cat: 210/2384
2026-04-25 15:49:51,023 [INFO]   [SMGs] start=210...
2026-04-25 15:49:51,334 [INFO]   [SMGs] +10 itens | total desta cat: 220/2384
2026-04-25 15:49:53,357 [INFO]   [SMGs] start=220...
2026-04-25 15:49:53,706 [INFO]   [SMGs] +10 itens | total desta cat: 230/2384
2026-04-25 15:49:55,226 [INFO]   [SMGs] start=230...
2026-04-25 15:49:55,519 [INFO]   [SMGs] +10 itens | total desta cat: 240/2384
2026-04-25 15:49:57,420 [INFO]   [SMGs] start=240...
2026-04-25 15:49:57,687 [INFO]   [SMGs] +10 itens | total desta cat: 250/2384
2026-04-25 15:50:00,305 [INFO]   [SMGs] start=250...
2026-04-25 15:50:00,582 [INFO]   [SMGs] +10 itens | total desta cat: 260/2384
2026-04-25 15:50:02,444 [INFO]   [SMGs] start=260...
2026-04-25 15:50:02,732 [INFO]   [SMGs] +10 itens | total desta cat: 270/2384
2026-04-25 15:50:05,079 [INFO]   [SMGs] start=270...
2026-04-25 15:50:05,412 [INFO]   [SMGs] +10 itens | total desta cat: 280/2384
2026-04-25 15:50:07,597 [INFO]   [SMGs] start=280...
2026-04-25 15:50:07,868 [INFO]   [SMGs] +10 itens | total desta cat: 290/2384
2026-04-25 15:50:10,257 [INFO]   [SMGs] start=290...
2026-04-25 15:50:10,531 [INFO]   [SMGs] +10 itens | total desta cat: 300/2384
2026-04-25 15:50:12,796 [INFO]   [SMGs] start=300...
2026-04-25 15:50:13,069 [INFO]   [SMGs] +10 itens | total desta cat: 310/2384
2026-04-25 15:50:16,037 [INFO]   [SMGs] start=310...
2026-04-25 15:50:16,311 [INFO]   [SMGs] +10 itens | total desta cat: 320/2384
2026-04-25 15:50:19,301 [INFO]   [SMGs] start=320...
2026-04-25 15:50:19,587 [INFO]   [SMGs] +10 itens | total desta cat: 330/2384
2026-04-25 15:50:21,566 [INFO]   [SMGs] start=330...
2026-04-25 15:50:21,845 [INFO]   [SMGs] +10 itens | total desta cat: 340/2384
2026-04-25 15:50:23,688 [INFO]   [SMGs] start=340...
2026-04-25 15:50:23,962 [INFO]   [SMGs] +10 itens | total desta cat: 350/2384
2026-04-25 15:50:25,512 [INFO]   [SMGs] start=350...
2026-04-25 15:50:25,786 [INFO]   [SMGs] +10 itens | total desta cat: 360/2384
2026-04-25 15:50:27,459 [INFO]   [SMGs] start=360...
2026-04-25 15:50:27,737 [INFO]   [SMGs] +10 itens | total desta cat: 370/2384
2026-04-25 15:50:30,401 [INFO]   [SMGs] start=370...
2026-04-25 15:50:30,670 [INFO]   [SMGs] +10 itens | total desta cat: 380/2384
2026-04-25 15:50:32,632 [INFO]   [SMGs] start=380...
2026-04-25 15:50:32,901 [INFO]   [SMGs] +10 itens | total desta cat: 390/2384
2026-04-25 15:50:35,640 [INFO]   [SMGs] start=390...
2026-04-25 15:50:35,936 [INFO]   [SMGs] +10 itens | total desta cat: 400/2384
2026-04-25 15:50:37,787 [INFO]   [SMGs] start=400...
2026-04-25 15:50:38,073 [INFO]   [SMGs] +10 itens | total desta cat: 410/2384
2026-04-25 15:50:40,239 [INFO]   [SMGs] start=410...
2026-04-25 15:50:40,514 [INFO]   [SMGs] +10 itens | total desta cat: 420/2384
2026-04-25 15:50:43,499 [INFO]   [SMGs] start=420...
2026-04-25 15:50:43,796 [INFO]   [SMGs] +10 itens | total desta cat: 430/2384
2026-04-25 15:50:45,733 [INFO]   [SMGs] start=430...
2026-04-25 15:50:46,009 [INFO]   [SMGs] +10 itens | total desta cat: 440/2384
2026-04-25 15:50:47,775 [INFO]   [SMGs] start=440...
2026-04-25 15:50:48,060 [INFO]   [SMGs] +10 itens | total desta cat: 450/2384
2026-04-25 15:50:50,435 [INFO]   [SMGs] start=450...
2026-04-25 15:50:50,707 [INFO]   [SMGs] +10 itens | total desta cat: 460/2384
2026-04-25 15:50:53,631 [INFO]   [SMGs] start=460...
2026-04-25 15:50:53,912 [INFO]   [SMGs] +10 itens | total desta cat: 470/2384
2026-04-25 15:50:56,798 [INFO]   [SMGs] start=470...
2026-04-25 15:50:57,082 [INFO]   [SMGs] +10 itens | total desta cat: 480/2384
2026-04-25 15:50:59,687 [INFO]   [SMGs] start=480...
2026-04-25 15:50:59,972 [INFO]   [SMGs] +10 itens | total desta cat: 490/2384
2026-04-25 15:51:01,859 [INFO]   [SMGs] start=490...
2026-04-25 15:51:02,150 [INFO]   [SMGs] +10 itens | total desta cat: 500/2384
2026-04-25 15:51:04,968 [INFO]   [SMGs] start=500...
2026-04-25 15:51:05,280 [INFO]   [SMGs] +10 itens | total desta cat: 510/2384
2026-04-25 15:51:08,256 [INFO]   [SMGs] start=510...
2026-04-25 15:51:08,533 [INFO]   [SMGs] +10 itens | total desta cat: 520/2384
2026-04-25 15:51:10,312 [INFO]   [SMGs] start=520...
2026-04-25 15:51:10,593 [INFO]   [SMGs] +10 itens | total desta cat: 530/2384
2026-04-25 15:51:12,769 [INFO]   [SMGs] start=530...
2026-04-25 15:51:13,079 [INFO]   [SMGs] +10 itens | total desta cat: 540/2384
2026-04-25 15:51:15,101 [INFO]   [SMGs] start=540...
2026-04-25 15:51:15,367 [INFO]   [SMGs] +10 itens | total desta cat: 550/2384
2026-04-25 15:51:17,104 [INFO]   [SMGs] start=550...
2026-04-25 15:51:17,395 [INFO]   [SMGs] +10 itens | total desta cat: 560/2384
2026-04-25 15:51:20,378 [INFO]   [SMGs] start=560...
2026-04-25 15:51:20,657 [INFO]   [SMGs] +10 itens | total desta cat: 570/2384
2026-04-25 15:51:22,799 [INFO]   [SMGs] start=570...
2026-04-25 15:51:23,113 [INFO]   [SMGs] +10 itens | total desta cat: 580/2384
2026-04-25 15:51:25,242 [INFO]   [SMGs] start=580...
2026-04-25 15:51:25,514 [INFO]   [SMGs] +10 itens | total desta cat: 590/2384
2026-04-25 15:51:28,334 [INFO]   [SMGs] start=590...
2026-04-25 15:51:28,629 [INFO]   [SMGs] +10 itens | total desta cat: 600/2384
2026-04-25 15:51:31,026 [INFO]   [SMGs] start=600...
2026-04-25 15:51:31,291 [INFO]   [SMGs] +10 itens | total desta cat: 610/2384
2026-04-25 15:51:33,304 [INFO]   [SMGs] start=610...
2026-04-25 15:51:33,578 [INFO]   [SMGs] +10 itens | total desta cat: 620/2384
2026-04-25 15:51:35,648 [INFO]   [SMGs] start=620...
2026-04-25 15:51:35,910 [INFO]   [SMGs] +10 itens | total desta cat: 630/2384
2026-04-25 15:51:37,890 [INFO]   [SMGs] start=630...
2026-04-25 15:51:38,164 [INFO]   [SMGs] +10 itens | total desta cat: 640/2384
2026-04-25 15:51:40,983 [INFO]   [SMGs] start=640...
2026-04-25 15:51:41,267 [INFO]   [SMGs] +10 itens | total desta cat: 650/2384
2026-04-25 15:51:44,017 [INFO]   [SMGs] start=650...
2026-04-25 15:51:44,308 [INFO]   [SMGs] +10 itens | total desta cat: 660/2384
2026-04-25 15:51:47,089 [INFO]   [SMGs] start=660...
2026-04-25 15:51:47,370 [INFO]   [SMGs] +10 itens | total desta cat: 670/2384
2026-04-25 15:51:50,074 [INFO]   [SMGs] start=670...
2026-04-25 15:51:50,355 [INFO]   [SMGs] +10 itens | total desta cat: 680/2384
2026-04-25 15:51:53,269 [INFO]   [SMGs] start=680...
2026-04-25 15:51:53,554 [INFO]   [SMGs] +10 itens | total desta cat: 690/2384
2026-04-25 15:51:55,966 [INFO]   [SMGs] start=690...
2026-04-25 15:51:56,223 [INFO]   [SMGs] +10 itens | total desta cat: 700/2384
2026-04-25 15:51:58,776 [INFO]   [SMGs] start=700...
2026-04-25 15:51:59,050 [INFO]   [SMGs] +10 itens | total desta cat: 710/2384
2026-04-25 15:52:00,655 [INFO]   [SMGs] start=710...
2026-04-25 15:52:00,926 [INFO]   [SMGs] +10 itens | total desta cat: 720/2384
2026-04-25 15:52:03,069 [INFO]   [SMGs] start=720...
2026-04-25 15:52:03,365 [INFO]   [SMGs] +10 itens | total desta cat: 730/2384
2026-04-25 15:52:04,985 [INFO]   [SMGs] start=730...
2026-04-25 15:52:05,282 [INFO]   [SMGs] +10 itens | total desta cat: 740/2384
2026-04-25 15:52:07,127 [INFO]   [SMGs] start=740...
2026-04-25 15:52:07,431 [INFO]   [SMGs] +10 itens | total desta cat: 750/2384
2026-04-25 15:52:10,275 [INFO]   [SMGs] start=750...
2026-04-25 15:52:10,538 [INFO]   [SMGs] +10 itens | total desta cat: 760/2384
2026-04-25 15:52:13,314 [INFO]   [SMGs] start=760...
2026-04-25 15:52:13,582 [INFO]   [SMGs] +10 itens | total desta cat: 770/2384
2026-04-25 15:52:16,154 [INFO]   [SMGs] start=770...
2026-04-25 15:52:16,433 [INFO]   [SMGs] +10 itens | total desta cat: 780/2384
2026-04-25 15:52:19,167 [INFO]   [SMGs] start=780...
2026-04-25 15:52:19,464 [INFO]   [SMGs] +10 itens | total desta cat: 790/2384
2026-04-25 15:52:22,028 [INFO]   [SMGs] start=790...
2026-04-25 15:52:22,311 [INFO]   [SMGs] +10 itens | total desta cat: 800/2384
2026-04-25 15:52:23,973 [INFO]   [SMGs] start=800...
2026-04-25 15:52:24,310 [INFO]   [SMGs] +10 itens | total desta cat: 810/2384
2026-04-25 15:52:26,206 [INFO]   [SMGs] start=810...
2026-04-25 15:52:26,522 [INFO]   [SMGs] +10 itens | total desta cat: 820/2384
2026-04-25 15:52:28,284 [INFO]   [SMGs] start=820...
2026-04-25 15:52:28,582 [INFO]   [SMGs] +10 itens | total desta cat: 830/2384
2026-04-25 15:52:31,451 [INFO]   [SMGs] start=830...
2026-04-25 15:52:31,767 [INFO]   [SMGs] +10 itens | total desta cat: 840/2384
2026-04-25 15:52:34,043 [INFO]   [SMGs] start=840...
2026-04-25 15:52:34,327 [INFO]   [SMGs] +10 itens | total desta cat: 850/2384
2026-04-25 15:52:37,112 [INFO]   [SMGs] start=850...
2026-04-25 15:52:37,389 [INFO]   [SMGs] +10 itens | total desta cat: 860/2384
2026-04-25 15:52:39,171 [INFO]   [SMGs] start=860...
2026-04-25 15:52:39,443 [INFO]   [SMGs] +10 itens | total desta cat: 870/2384
2026-04-25 15:52:41,495 [INFO]   [SMGs] start=870...
2026-04-25 15:52:41,795 [INFO]   [SMGs] +10 itens | total desta cat: 880/2384
2026-04-25 15:52:43,840 [INFO]   [SMGs] start=880...
2026-04-25 15:52:44,118 [INFO]   [SMGs] +10 itens | total desta cat: 890/2384
2026-04-25 15:52:47,083 [INFO]   [SMGs] start=890...
2026-04-25 15:52:47,364 [INFO]   [SMGs] +10 itens | total desta cat: 900/2384
2026-04-25 15:52:50,251 [INFO]   [SMGs] start=900...
2026-04-25 15:52:50,540 [INFO]   [SMGs] +10 itens | total desta cat: 910/2384
2026-04-25 15:52:52,079 [INFO]   [SMGs] start=910...
2026-04-25 15:52:52,358 [INFO]   [SMGs] +10 itens | total desta cat: 920/2384
2026-04-25 15:52:54,705 [INFO]   [SMGs] start=920...
2026-04-25 15:52:54,984 [INFO]   [SMGs] +10 itens | total desta cat: 930/2384
2026-04-25 15:52:57,451 [INFO]   [SMGs] start=930...
2026-04-25 15:52:57,742 [INFO]   [SMGs] +10 itens | total desta cat: 940/2384
2026-04-25 15:52:59,678 [INFO]   [SMGs] start=940...
2026-04-25 15:53:00,010 [INFO]   [SMGs] +10 itens | total desta cat: 950/2384
2026-04-25 15:53:02,498 [INFO]   [SMGs] start=950...
2026-04-25 15:53:02,796 [INFO]   [SMGs] +10 itens | total desta cat: 960/2384
2026-04-25 15:53:04,796 [INFO]   [SMGs] start=960...
2026-04-25 15:53:05,064 [INFO]   [SMGs] +10 itens | total desta cat: 970/2384
2026-04-25 15:53:07,683 [INFO]   [SMGs] start=970...
2026-04-25 15:53:07,943 [INFO]   [SMGs] +10 itens | total desta cat: 980/2384
2026-04-25 15:53:10,002 [INFO]   [SMGs] start=980...
2026-04-25 15:53:10,287 [INFO]   [SMGs] +10 itens | total desta cat: 990/2384
2026-04-25 15:53:12,141 [INFO]   [SMGs] start=990...
2026-04-25 15:53:12,430 [INFO]   [SMGs] +10 itens | total desta cat: 1000/2384
2026-04-25 15:53:15,106 [INFO]   [SMGs] start=1000...
2026-04-25 15:53:15,376 [INFO]   [SMGs] +10 itens | total desta cat: 1010/2384
2026-04-25 15:53:17,973 [INFO]   [SMGs] start=1010...
2026-04-25 15:53:18,254 [INFO]   [SMGs] +10 itens | total desta cat: 1020/2384
2026-04-25 15:53:20,359 [INFO]   [SMGs] start=1020...
2026-04-25 15:53:20,636 [INFO]   [SMGs] +10 itens | total desta cat: 1030/2384
2026-04-25 15:53:22,498 [INFO]   [SMGs] start=1030...
2026-04-25 15:53:22,785 [INFO]   [SMGs] +10 itens | total desta cat: 1040/2384
2026-04-25 15:53:24,509 [INFO]   [SMGs] start=1040...
2026-04-25 15:53:24,784 [INFO]   [SMGs] +10 itens | total desta cat: 1050/2384
2026-04-25 15:53:27,220 [INFO]   [SMGs] start=1050...
2026-04-25 15:53:27,504 [INFO]   [SMGs] +10 itens | total desta cat: 1060/2384
2026-04-25 15:53:30,393 [INFO]   [SMGs] start=1060...
2026-04-25 15:53:30,720 [INFO]   [SMGs] +10 itens | total desta cat: 1070/2384
2026-04-25 15:53:33,532 [INFO]   [SMGs] start=1070...
2026-04-25 15:53:33,808 [INFO]   [SMGs] +10 itens | total desta cat: 1080/2384
2026-04-25 15:53:36,399 [INFO]   [SMGs] start=1080...
2026-04-25 15:53:36,670 [INFO]   [SMGs] +10 itens | total desta cat: 1090/2384
2026-04-25 15:53:39,563 [INFO]   [SMGs] start=1090...
2026-04-25 15:53:39,855 [INFO]   [SMGs] +10 itens | total desta cat: 1100/2384
2026-04-25 15:53:42,596 [INFO]   [SMGs] start=1100...
2026-04-25 15:53:42,925 [INFO]   [SMGs] +10 itens | total desta cat: 1110/2384
2026-04-25 15:53:44,473 [INFO]   [SMGs] start=1110...
2026-04-25 15:53:44,773 [INFO]   [SMGs] +10 itens | total desta cat: 1120/2384
2026-04-25 15:53:46,486 [INFO]   [SMGs] start=1120...
2026-04-25 15:53:46,789 [INFO]   [SMGs] +10 itens | total desta cat: 1130/2384
2026-04-25 15:53:49,411 [INFO]   [SMGs] start=1130...
2026-04-25 15:53:49,681 [INFO]   [SMGs] +10 itens | total desta cat: 1140/2384
2026-04-25 15:53:52,211 [INFO]   [SMGs] start=1140...
2026-04-25 15:53:52,475 [INFO]   [SMGs] +10 itens | total desta cat: 1150/2384
2026-04-25 15:53:54,498 [INFO]   [SMGs] start=1150...
2026-04-25 15:53:54,830 [INFO]   [SMGs] +10 itens | total desta cat: 1160/2384
2026-04-25 15:53:57,568 [INFO]   [SMGs] start=1160...
2026-04-25 15:53:57,781 [WARNING] Rate limited (429). A aguardar 60s...
2026-04-25 15:54:58,076 [INFO]   [SMGs] +10 itens | total desta cat: 1170/2384
2026-04-25 15:55:00,244 [INFO]   [SMGs] start=1170...
2026-04-25 15:55:00,548 [INFO]   [SMGs] +10 itens | total desta cat: 1180/2384
2026-04-25 15:55:02,937 [INFO]   [SMGs] start=1180...
2026-04-25 15:55:03,229 [INFO]   [SMGs] +10 itens | total desta cat: 1190/2384
2026-04-25 15:55:05,688 [INFO]   [SMGs] start=1190...
2026-04-25 15:55:05,959 [INFO]   [SMGs] +10 itens | total desta cat: 1200/2384
2026-04-25 15:55:08,920 [INFO]   [SMGs] start=1200...
2026-04-25 15:55:09,209 [INFO]   [SMGs] +10 itens | total desta cat: 1210/2384
2026-04-25 15:55:12,080 [INFO]   [SMGs] start=1210...
2026-04-25 15:55:12,368 [INFO]   [SMGs] +10 itens | total desta cat: 1220/2384
2026-04-25 15:55:14,768 [INFO]   [SMGs] start=1220...
2026-04-25 15:55:15,077 [INFO]   [SMGs] +10 itens | total desta cat: 1230/2384
2026-04-25 15:55:17,907 [INFO]   [SMGs] start=1230...
2026-04-25 15:55:18,321 [INFO]   [SMGs] +10 itens | total desta cat: 1240/2384
2026-04-25 15:55:20,962 [INFO]   [SMGs] start=1240...
2026-04-25 15:55:21,301 [INFO]   [SMGs] +10 itens | total desta cat: 1250/2384
2026-04-25 15:55:22,902 [INFO]   [SMGs] start=1250...
2026-04-25 15:55:23,169 [INFO]   [SMGs] +10 itens | total desta cat: 1260/2384
2026-04-25 15:55:25,592 [INFO]   [SMGs] start=1260...
2026-04-25 15:55:25,888 [INFO]   [SMGs] +10 itens | total desta cat: 1270/2384
2026-04-25 15:55:28,425 [INFO]   [SMGs] start=1270...
2026-04-25 15:55:28,724 [INFO]   [SMGs] +10 itens | total desta cat: 1280/2384
2026-04-25 15:55:30,630 [INFO]   [SMGs] start=1280...
2026-04-25 15:55:30,903 [INFO]   [SMGs] +10 itens | total desta cat: 1290/2384
2026-04-25 15:55:32,696 [INFO]   [SMGs] start=1290...
2026-04-25 15:55:32,989 [INFO]   [SMGs] +10 itens | total desta cat: 1300/2384
2026-04-25 15:55:35,686 [INFO]   [SMGs] start=1300...
2026-04-25 15:55:35,964 [INFO]   [SMGs] +10 itens | total desta cat: 1310/2384
2026-04-25 15:55:37,700 [INFO]   [SMGs] start=1310...
2026-04-25 15:55:38,075 [INFO]   [SMGs] +10 itens | total desta cat: 1320/2384
2026-04-25 15:55:40,688 [INFO]   [SMGs] start=1320...
2026-04-25 15:55:40,969 [INFO]   [SMGs] +10 itens | total desta cat: 1330/2384
2026-04-25 15:55:42,837 [INFO]   [SMGs] start=1330...
2026-04-25 15:55:43,118 [INFO]   [SMGs] +10 itens | total desta cat: 1340/2384
2026-04-25 15:55:44,632 [INFO]   [SMGs] start=1340...
2026-04-25 15:55:44,910 [INFO]   [SMGs] +10 itens | total desta cat: 1350/2384
2026-04-25 15:55:47,164 [INFO]   [SMGs] start=1350...
2026-04-25 15:55:47,472 [INFO]   [SMGs] +10 itens | total desta cat: 1360/2384
2026-04-25 15:55:50,353 [INFO]   [SMGs] start=1360...
2026-04-25 15:55:50,650 [INFO]   [SMGs] +10 itens | total desta cat: 1370/2384
2026-04-25 15:55:52,277 [INFO]   [SMGs] start=1370...
2026-04-25 15:55:52,570 [INFO]   [SMGs] +10 itens | total desta cat: 1380/2384
2026-04-25 15:55:55,208 [INFO]   [SMGs] start=1380...
2026-04-25 15:55:55,516 [INFO]   [SMGs] +10 itens | total desta cat: 1390/2384
2026-04-25 15:55:57,036 [INFO]   [SMGs] start=1390...
2026-04-25 15:55:57,322 [INFO]   [SMGs] +10 itens | total desta cat: 1400/2384
2026-04-25 15:55:58,958 [INFO]   [SMGs] start=1400...
2026-04-25 15:55:59,239 [INFO]   [SMGs] +10 itens | total desta cat: 1410/2384
2026-04-25 15:56:01,636 [INFO]   [SMGs] start=1410...
2026-04-25 15:56:01,929 [INFO]   [SMGs] +10 itens | total desta cat: 1420/2384
2026-04-25 15:56:03,817 [INFO]   [SMGs] start=1420...
2026-04-25 15:56:04,081 [INFO]   [SMGs] +10 itens | total desta cat: 1430/2384
2026-04-25 15:56:06,520 [INFO]   [SMGs] start=1430...
2026-04-25 15:56:06,810 [INFO]   [SMGs] +10 itens | total desta cat: 1440/2384
2026-04-25 15:56:08,625 [INFO]   [SMGs] start=1440...
2026-04-25 15:56:08,912 [INFO]   [SMGs] +10 itens | total desta cat: 1450/2384
2026-04-25 15:56:10,617 [INFO]   [SMGs] start=1450...
2026-04-25 15:56:10,895 [INFO]   [SMGs] +10 itens | total desta cat: 1460/2384
2026-04-25 15:56:13,578 [INFO]   [SMGs] start=1460...
2026-04-25 15:56:13,856 [INFO]   [SMGs] +10 itens | total desta cat: 1470/2384
2026-04-25 15:56:15,684 [INFO]   [SMGs] start=1470...
2026-04-25 15:56:15,967 [INFO]   [SMGs] +10 itens | total desta cat: 1480/2384
2026-04-25 15:56:18,925 [INFO]   [SMGs] start=1480...
2026-04-25 15:56:19,192 [INFO]   [SMGs] +10 itens | total desta cat: 1490/2384
2026-04-25 15:56:20,774 [INFO]   [SMGs] start=1490...
2026-04-25 15:56:21,057 [INFO]   [SMGs] +10 itens | total desta cat: 1500/2384
2026-04-25 15:56:23,769 [INFO]   [SMGs] start=1500...
2026-04-25 15:56:24,050 [INFO]   [SMGs] +10 itens | total desta cat: 1510/2384
2026-04-25 15:56:26,351 [INFO]   [SMGs] start=1510...
2026-04-25 15:56:26,708 [INFO]   [SMGs] +10 itens | total desta cat: 1520/2384
2026-04-25 15:56:28,305 [INFO]   [SMGs] start=1520...
2026-04-25 15:56:28,571 [INFO]   [SMGs] +10 itens | total desta cat: 1530/2384
2026-04-25 15:56:31,454 [INFO]   [SMGs] start=1530...
2026-04-25 15:56:31,732 [INFO]   [SMGs] +10 itens | total desta cat: 1540/2384
2026-04-25 15:56:33,914 [INFO]   [SMGs] start=1540...
2026-04-25 15:56:34,211 [INFO]   [SMGs] +10 itens | total desta cat: 1550/2384
2026-04-25 15:56:36,784 [INFO]   [SMGs] start=1550...
2026-04-25 15:56:37,063 [INFO]   [SMGs] +10 itens | total desta cat: 1560/2384
2026-04-25 15:56:39,530 [INFO]   [SMGs] start=1560...
2026-04-25 15:56:39,815 [INFO]   [SMGs] +10 itens | total desta cat: 1570/2384
2026-04-25 15:56:42,564 [INFO]   [SMGs] start=1570...
2026-04-25 15:56:42,844 [INFO]   [SMGs] +10 itens | total desta cat: 1580/2384
2026-04-25 15:56:45,739 [INFO]   [SMGs] start=1580...
2026-04-25 15:56:46,032 [INFO]   [SMGs] +10 itens | total desta cat: 1590/2384
2026-04-25 15:56:47,912 [INFO]   [SMGs] start=1590...
2026-04-25 15:56:48,239 [INFO]   [SMGs] +10 itens | total desta cat: 1600/2384
2026-04-25 15:56:50,137 [INFO]   [SMGs] start=1600...
2026-04-25 15:56:50,406 [INFO]   [SMGs] +10 itens | total desta cat: 1610/2384
2026-04-25 15:56:53,290 [INFO]   [SMGs] start=1610...
2026-04-25 15:56:53,582 [INFO]   [SMGs] +10 itens | total desta cat: 1620/2384
2026-04-25 15:56:56,313 [INFO]   [SMGs] start=1620...
2026-04-25 15:56:56,582 [INFO]   [SMGs] +10 itens | total desta cat: 1630/2384
2026-04-25 15:56:58,368 [INFO]   [SMGs] start=1630...
2026-04-25 15:56:58,647 [INFO]   [SMGs] +10 itens | total desta cat: 1640/2384
2026-04-25 15:57:00,251 [INFO]   [SMGs] start=1640...
2026-04-25 15:57:00,583 [INFO]   [SMGs] +10 itens | total desta cat: 1650/2384
2026-04-25 15:57:03,486 [INFO]   [SMGs] start=1650...
2026-04-25 15:57:03,762 [INFO]   [SMGs] +10 itens | total desta cat: 1660/2384
2026-04-25 15:57:06,062 [INFO]   [SMGs] start=1660...
2026-04-25 15:57:06,334 [INFO]   [SMGs] +10 itens | total desta cat: 1670/2384
2026-04-25 15:57:08,495 [INFO]   [SMGs] start=1670...
2026-04-25 15:57:08,783 [INFO]   [SMGs] +10 itens | total desta cat: 1680/2384
2026-04-25 15:57:11,427 [INFO]   [SMGs] start=1680...
2026-04-25 15:57:11,717 [INFO]   [SMGs] +10 itens | total desta cat: 1690/2384
2026-04-25 15:57:13,395 [INFO]   [SMGs] start=1690...
2026-04-25 15:57:13,700 [INFO]   [SMGs] +10 itens | total desta cat: 1700/2384
2026-04-25 15:57:16,265 [INFO]   [SMGs] start=1700...
2026-04-25 15:57:16,562 [INFO]   [SMGs] +10 itens | total desta cat: 1710/2384
2026-04-25 15:57:18,694 [INFO]   [SMGs] start=1710...
2026-04-25 15:57:18,977 [INFO]   [SMGs] +10 itens | total desta cat: 1720/2384
2026-04-25 15:57:21,287 [INFO]   [SMGs] start=1720...
2026-04-25 15:57:21,553 [INFO]   [SMGs] +10 itens | total desta cat: 1730/2384
2026-04-25 15:57:23,709 [INFO]   [SMGs] start=1730...
2026-04-25 15:57:23,983 [INFO]   [SMGs] +10 itens | total desta cat: 1740/2384
2026-04-25 15:57:25,744 [INFO]   [SMGs] start=1740...
2026-04-25 15:57:26,024 [INFO]   [SMGs] +10 itens | total desta cat: 1750/2384
2026-04-25 15:57:27,878 [INFO]   [SMGs] start=1750...
2026-04-25 15:57:28,160 [INFO]   [SMGs] +10 itens | total desta cat: 1760/2384
2026-04-25 15:57:30,856 [INFO]   [SMGs] start=1760...
2026-04-25 15:57:31,126 [INFO]   [SMGs] +10 itens | total desta cat: 1770/2384
2026-04-25 15:57:33,328 [INFO]   [SMGs] start=1770...
2026-04-25 15:57:33,612 [INFO]   [SMGs] +10 itens | total desta cat: 1780/2384
2026-04-25 15:57:35,717 [INFO]   [SMGs] start=1780...
2026-04-25 15:57:35,992 [INFO]   [SMGs] +10 itens | total desta cat: 1790/2384
2026-04-25 15:57:38,401 [INFO]   [SMGs] start=1790...
2026-04-25 15:57:38,751 [INFO]   [SMGs] +10 itens | total desta cat: 1800/2384
2026-04-25 15:57:41,215 [INFO]   [SMGs] start=1800...
2026-04-25 15:57:41,486 [INFO]   [SMGs] +10 itens | total desta cat: 1810/2384
2026-04-25 15:57:44,206 [INFO]   [SMGs] start=1810...
2026-04-25 15:57:44,494 [INFO]   [SMGs] +10 itens | total desta cat: 1820/2384
2026-04-25 15:57:46,574 [INFO]   [SMGs] start=1820...
2026-04-25 15:57:46,865 [INFO]   [SMGs] +10 itens | total desta cat: 1830/2384
2026-04-25 15:57:49,716 [INFO]   [SMGs] start=1830...
2026-04-25 15:57:49,984 [INFO]   [SMGs] +10 itens | total desta cat: 1840/2384
2026-04-25 15:57:52,926 [INFO]   [SMGs] start=1840...
2026-04-25 15:57:53,203 [INFO]   [SMGs] +10 itens | total desta cat: 1850/2384
2026-04-25 15:57:55,918 [INFO]   [SMGs] start=1850...
2026-04-25 15:57:56,207 [INFO]   [SMGs] +10 itens | total desta cat: 1860/2384
2026-04-25 15:57:58,153 [INFO]   [SMGs] start=1860...
2026-04-25 15:57:58,450 [INFO]   [SMGs] +10 itens | total desta cat: 1870/2384
2026-04-25 15:58:00,284 [INFO]   [SMGs] start=1870...
2026-04-25 15:58:00,572 [INFO]   [SMGs] +10 itens | total desta cat: 1880/2384
2026-04-25 15:58:03,012 [INFO]   [SMGs] start=1880...
2026-04-25 15:58:03,286 [INFO]   [SMGs] +10 itens | total desta cat: 1890/2384
2026-04-25 15:58:04,983 [INFO]   [SMGs] start=1890...
2026-04-25 15:58:05,280 [INFO]   [SMGs] +10 itens | total desta cat: 1900/2384
2026-04-25 15:58:06,978 [INFO]   [SMGs] start=1900...
2026-04-25 15:58:07,250 [INFO]   [SMGs] +10 itens | total desta cat: 1910/2384
2026-04-25 15:58:09,371 [INFO]   [SMGs] start=1910...
2026-04-25 15:58:09,654 [INFO]   [SMGs] +10 itens | total desta cat: 1920/2384
2026-04-25 15:58:12,561 [INFO]   [SMGs] start=1920...
2026-04-25 15:58:12,853 [INFO]   [SMGs] +10 itens | total desta cat: 1930/2384
2026-04-25 15:58:15,724 [INFO]   [SMGs] start=1930...
2026-04-25 15:58:16,024 [INFO]   [SMGs] +10 itens | total desta cat: 1940/2384
2026-04-25 15:58:18,081 [INFO]   [SMGs] start=1940...
2026-04-25 15:58:18,354 [INFO]   [SMGs] +10 itens | total desta cat: 1950/2384
2026-04-25 15:58:20,090 [INFO]   [SMGs] start=1950...
2026-04-25 15:58:20,425 [INFO]   [SMGs] +10 itens | total desta cat: 1960/2384
2026-04-25 15:58:22,646 [INFO]   [SMGs] start=1960...
2026-04-25 15:58:22,925 [INFO]   [SMGs] +10 itens | total desta cat: 1970/2384
2026-04-25 15:58:24,594 [INFO]   [SMGs] start=1970...
2026-04-25 15:58:24,876 [INFO]   [SMGs] +10 itens | total desta cat: 1980/2384
2026-04-25 15:58:27,543 [INFO]   [SMGs] start=1980...
2026-04-25 15:58:27,815 [INFO]   [SMGs] +10 itens | total desta cat: 1990/2384
2026-04-25 15:58:29,324 [INFO]   [SMGs] start=1990...
2026-04-25 15:58:29,632 [INFO]   [SMGs] +10 itens | total desta cat: 2000/2384
2026-04-25 15:58:32,434 [INFO]   [SMGs] start=2000...
2026-04-25 15:58:32,704 [INFO]   [SMGs] +10 itens | total desta cat: 2010/2384
2026-04-25 15:58:34,794 [INFO]   [SMGs] start=2010...
2026-04-25 15:58:35,066 [INFO]   [SMGs] +10 itens | total desta cat: 2020/2384
2026-04-25 15:58:37,361 [INFO]   [SMGs] start=2020...
2026-04-25 15:58:37,708 [INFO]   [SMGs] +10 itens | total desta cat: 2030/2384
2026-04-25 15:58:39,428 [INFO]   [SMGs] start=2030...
2026-04-25 15:58:39,696 [INFO]   [SMGs] +10 itens | total desta cat: 2040/2384
2026-04-25 15:58:42,215 [INFO]   [SMGs] start=2040...
2026-04-25 15:58:42,483 [INFO]   [SMGs] +10 itens | total desta cat: 2050/2384
2026-04-25 15:58:44,781 [INFO]   [SMGs] start=2050...
2026-04-25 15:58:45,067 [INFO]   [SMGs] +10 itens | total desta cat: 2060/2384
2026-04-25 15:58:46,744 [INFO]   [SMGs] start=2060...
2026-04-25 15:58:47,018 [INFO]   [SMGs] +10 itens | total desta cat: 2070/2384
2026-04-25 15:58:48,570 [INFO]   [SMGs] start=2070...
2026-04-25 15:58:48,846 [INFO]   [SMGs] +10 itens | total desta cat: 2080/2384
2026-04-25 15:58:50,910 [INFO]   [SMGs] start=2080...
2026-04-25 15:58:51,193 [INFO]   [SMGs] +10 itens | total desta cat: 2090/2384
2026-04-25 15:58:52,770 [INFO]   [SMGs] start=2090...
2026-04-25 15:58:53,043 [INFO]   [SMGs] +10 itens | total desta cat: 2100/2384
2026-04-25 15:58:55,593 [INFO]   [SMGs] start=2100...
2026-04-25 15:58:55,864 [INFO]   [SMGs] +10 itens | total desta cat: 2110/2384
2026-04-25 15:58:58,621 [INFO]   [SMGs] start=2110...
2026-04-25 15:58:58,899 [INFO]   [SMGs] +10 itens | total desta cat: 2120/2384
2026-04-25 15:59:01,072 [INFO]   [SMGs] start=2120...
2026-04-25 15:59:01,342 [INFO]   [SMGs] +10 itens | total desta cat: 2130/2384
2026-04-25 15:59:03,687 [INFO]   [SMGs] start=2130...
2026-04-25 15:59:03,966 [INFO]   [SMGs] +10 itens | total desta cat: 2140/2384
2026-04-25 15:59:05,898 [INFO]   [SMGs] start=2140...
2026-04-25 15:59:06,185 [INFO]   [SMGs] +10 itens | total desta cat: 2150/2384
2026-04-25 15:59:08,308 [INFO]   [SMGs] start=2150...
2026-04-25 15:59:08,587 [INFO]   [SMGs] +10 itens | total desta cat: 2160/2384
2026-04-25 15:59:11,410 [INFO]   [SMGs] start=2160...
2026-04-25 15:59:11,622 [WARNING] Rate limited (429). A aguardar 60s...
2026-04-25 16:00:11,904 [INFO]   [SMGs] +10 itens | total desta cat: 2170/2384
2026-04-25 16:00:13,645 [INFO]   [SMGs] start=2170...
2026-04-25 16:00:13,928 [INFO]   [SMGs] +10 itens | total desta cat: 2180/2384
2026-04-25 16:00:16,031 [INFO]   [SMGs] start=2180...
2026-04-25 16:00:16,307 [INFO]   [SMGs] +10 itens | total desta cat: 2190/2384
2026-04-25 16:00:17,987 [INFO]   [SMGs] start=2190...
2026-04-25 16:00:18,272 [INFO]   [SMGs] +10 itens | total desta cat: 2200/2384
2026-04-25 16:00:19,791 [INFO]   [SMGs] start=2200...
2026-04-25 16:00:20,064 [INFO]   [SMGs] +10 itens | total desta cat: 2210/2384
2026-04-25 16:00:22,845 [INFO]   [SMGs] start=2210...
2026-04-25 16:00:23,121 [INFO]   [SMGs] +10 itens | total desta cat: 2220/2384
2026-04-25 16:00:24,805 [INFO]   [SMGs] start=2220...
2026-04-25 16:00:25,080 [INFO]   [SMGs] +10 itens | total desta cat: 2230/2384
2026-04-25 16:00:27,167 [INFO]   [SMGs] start=2230...
2026-04-25 16:00:27,438 [INFO]   [SMGs] +10 itens | total desta cat: 2240/2384
2026-04-25 16:00:29,218 [INFO]   [SMGs] start=2240...
2026-04-25 16:00:29,488 [INFO]   [SMGs] +10 itens | total desta cat: 2250/2384
2026-04-25 16:00:32,088 [INFO]   [SMGs] start=2250...
2026-04-25 16:00:32,357 [INFO]   [SMGs] +10 itens | total desta cat: 2260/2384
2026-04-25 16:00:34,907 [INFO]   [SMGs] start=2260...
2026-04-25 16:00:35,202 [INFO]   [SMGs] +10 itens | total desta cat: 2270/2384
2026-04-25 16:00:37,711 [INFO]   [SMGs] start=2270...
2026-04-25 16:00:37,978 [INFO]   [SMGs] +10 itens | total desta cat: 2280/2384
2026-04-25 16:00:39,938 [INFO]   [SMGs] start=2280...
2026-04-25 16:00:40,216 [INFO]   [SMGs] +10 itens | total desta cat: 2290/2384
2026-04-25 16:00:41,951 [INFO]   [SMGs] start=2290...
2026-04-25 16:00:42,221 [INFO]   [SMGs] +10 itens | total desta cat: 2300/2384
2026-04-25 16:00:44,628 [INFO]   [SMGs] start=2300...
2026-04-25 16:00:44,925 [INFO]   [SMGs] +10 itens | total desta cat: 2310/2384
2026-04-25 16:00:47,254 [INFO]   [SMGs] start=2310...
2026-04-25 16:00:47,533 [INFO]   [SMGs] +10 itens | total desta cat: 2320/2384
2026-04-25 16:00:49,862 [INFO]   [SMGs] start=2320...
2026-04-25 16:00:50,137 [INFO]   [SMGs] +10 itens | total desta cat: 2330/2384
2026-04-25 16:00:52,313 [INFO]   [SMGs] start=2330...
2026-04-25 16:00:52,584 [INFO]   [SMGs] +10 itens | total desta cat: 2340/2384
2026-04-25 16:00:54,916 [INFO]   [SMGs] start=2340...
2026-04-25 16:00:55,199 [INFO]   [SMGs] +10 itens | total desta cat: 2350/2384
2026-04-25 16:00:56,983 [INFO]   [SMGs] start=2350...
2026-04-25 16:00:57,255 [INFO]   [SMGs] +10 itens | total desta cat: 2360/2384
2026-04-25 16:00:59,890 [INFO]   [SMGs] start=2360...
2026-04-25 16:01:00,184 [INFO]   [SMGs] +10 itens | total desta cat: 2370/2384
2026-04-25 16:01:01,741 [INFO]   [SMGs] start=2370...
2026-04-25 16:01:02,041 [INFO]   [SMGs] +10 itens | total desta cat: 2380/2384
2026-04-25 16:01:04,736 [INFO]   [SMGs] start=2380...
2026-04-25 16:01:05,006 [INFO]   [SMGs] +4 itens | total desta cat: 2384/2384
2026-04-25 16:01:05,006 [INFO]   [SMGs] ✓ 2384 itens recolhidos.
2026-04-25 16:01:05,235 [INFO] 💾 Guardado: 6560 itens únicos → cs2_market_prices.json + cs2_market_prices.csv
2026-04-25 16:01:05,235 [INFO] ⏸  Pausa entre categorias: 3.6s
2026-04-25 16:01:08,875 [INFO] [4/27] A processar: Shotguns
2026-04-25 16:01:08,875 [INFO] ━━━ Categoria: Shotguns ━━━
2026-04-25 16:01:08,875 [INFO]   [Shotguns] start=0...
2026-04-25 16:01:09,142 [INFO]   [Shotguns] +10 itens | total desta cat: 10/1277
2026-04-25 16:01:11,930 [INFO]   [Shotguns] start=10...
2026-04-25 16:01:12,198 [INFO]   [Shotguns] +10 itens | total desta cat: 20/1277
2026-04-25 16:01:14,089 [INFO]   [Shotguns] start=20...
2026-04-25 16:01:14,368 [INFO]   [Shotguns] +10 itens | total desta cat: 30/1277
2026-04-25 16:01:16,757 [INFO]   [Shotguns] start=30...
2026-04-25 16:01:17,041 [INFO]   [Shotguns] +10 itens | total desta cat: 40/1277
2026-04-25 16:01:19,808 [INFO]   [Shotguns] start=40...
2026-04-25 16:01:20,097 [INFO]   [Shotguns] +10 itens | total desta cat: 50/1277
2026-04-25 16:01:22,177 [INFO]   [Shotguns] start=50...
2026-04-25 16:01:22,443 [INFO]   [Shotguns] +10 itens | total desta cat: 60/1277
2026-04-25 16:01:24,591 [INFO]   [Shotguns] start=60...
2026-04-25 16:01:24,863 [INFO]   [Shotguns] +10 itens | total desta cat: 70/1277
2026-04-25 16:01:26,947 [INFO]   [Shotguns] start=70...
2026-04-25 16:01:27,227 [INFO]   [Shotguns] +10 itens | total desta cat: 80/1277
2026-04-25 16:01:29,167 [INFO]   [Shotguns] start=80...
2026-04-25 16:01:29,454 [INFO]   [Shotguns] +10 itens | total desta cat: 90/1277
2026-04-25 16:01:31,026 [INFO]   [Shotguns] start=90...
2026-04-25 16:01:31,310 [INFO]   [Shotguns] +10 itens | total desta cat: 100/1277
2026-04-25 16:01:33,400 [INFO]   [Shotguns] start=100...
2026-04-25 16:01:33,689 [INFO]   [Shotguns] +10 itens | total desta cat: 110/1277
2026-04-25 16:01:36,505 [INFO]   [Shotguns] start=110...
2026-04-25 16:01:36,778 [INFO]   [Shotguns] +10 itens | total desta cat: 120/1277
2026-04-25 16:01:38,707 [INFO]   [Shotguns] start=120...
2026-04-25 16:01:38,992 [INFO]   [Shotguns] +10 itens | total desta cat: 130/1277
2026-04-25 16:01:41,560 [INFO]   [Shotguns] start=130...
2026-04-25 16:01:41,840 [INFO]   [Shotguns] +10 itens | total desta cat: 140/1277
2026-04-25 16:01:43,632 [INFO]   [Shotguns] start=140...
2026-04-25 16:01:43,892 [INFO]   [Shotguns] +10 itens | total desta cat: 150/1277
2026-04-25 16:01:45,863 [INFO]   [Shotguns] start=150...
2026-04-25 16:01:46,132 [INFO]   [Shotguns] +10 itens | total desta cat: 160/1277
2026-04-25 16:01:48,170 [INFO]   [Shotguns] start=160...
2026-04-25 16:01:48,456 [INFO]   [Shotguns] +10 itens | total desta cat: 170/1277
2026-04-25 16:01:51,021 [INFO]   [Shotguns] start=170...
2026-04-25 16:01:51,308 [INFO]   [Shotguns] +10 itens | total desta cat: 180/1277
2026-04-25 16:01:53,033 [INFO]   [Shotguns] start=180...
2026-04-25 16:01:53,302 [INFO]   [Shotguns] +10 itens | total desta cat: 190/1277
2026-04-25 16:01:55,694 [INFO]   [Shotguns] start=190...
2026-04-25 16:01:55,962 [INFO]   [Shotguns] +10 itens | total desta cat: 200/1277
2026-04-25 16:01:58,182 [INFO]   [Shotguns] start=200...
2026-04-25 16:01:58,481 [INFO]   [Shotguns] +10 itens | total desta cat: 210/1277
2026-04-25 16:02:00,554 [INFO]   [Shotguns] start=210...
2026-04-25 16:02:00,832 [INFO]   [Shotguns] +10 itens | total desta cat: 220/1277
2026-04-25 16:02:03,070 [INFO]   [Shotguns] start=220...
2026-04-25 16:02:03,345 [INFO]   [Shotguns] +10 itens | total desta cat: 230/1277
2026-04-25 16:02:04,925 [INFO]   [Shotguns] start=230...
2026-04-25 16:02:05,321 [INFO]   [Shotguns] +10 itens | total desta cat: 240/1277
2026-04-25 16:02:07,502 [INFO]   [Shotguns] start=240...
2026-04-25 16:02:07,790 [INFO]   [Shotguns] +10 itens | total desta cat: 250/1277
2026-04-25 16:02:09,394 [INFO]   [Shotguns] start=250...
2026-04-25 16:02:09,673 [INFO]   [Shotguns] +10 itens | total desta cat: 260/1277
2026-04-25 16:02:11,827 [INFO]   [Shotguns] start=260...
2026-04-25 16:02:12,204 [INFO]   [Shotguns] +10 itens | total desta cat: 270/1277
2026-04-25 16:02:14,773 [INFO]   [Shotguns] start=270...
2026-04-25 16:02:15,082 [INFO]   [Shotguns] +10 itens | total desta cat: 280/1277
2026-04-25 16:02:17,092 [INFO]   [Shotguns] start=280...
2026-04-25 16:02:17,474 [INFO]   [Shotguns] +10 itens | total desta cat: 290/1277
2026-04-25 16:02:19,961 [INFO]   [Shotguns] start=290...
2026-04-25 16:02:20,238 [INFO]   [Shotguns] +10 itens | total desta cat: 300/1277
2026-04-25 16:02:22,336 [INFO]   [Shotguns] start=300...
2026-04-25 16:02:22,616 [INFO]   [Shotguns] +10 itens | total desta cat: 310/1277
2026-04-25 16:02:25,497 [INFO]   [Shotguns] start=310...
2026-04-25 16:02:25,794 [INFO]   [Shotguns] +10 itens | total desta cat: 320/1277
2026-04-25 16:02:27,929 [INFO]   [Shotguns] start=320...
2026-04-25 16:02:28,210 [INFO]   [Shotguns] +10 itens | total desta cat: 330/1277
2026-04-25 16:02:30,878 [INFO]   [Shotguns] start=330...
2026-04-25 16:02:31,145 [INFO]   [Shotguns] +10 itens | total desta cat: 340/1277
2026-04-25 16:02:33,729 [INFO]   [Shotguns] start=340...
2026-04-25 16:02:34,059 [INFO]   [Shotguns] +10 itens | total desta cat: 350/1277
2026-04-25 16:02:36,387 [INFO]   [Shotguns] start=350...
2026-04-25 16:02:36,670 [INFO]   [Shotguns] +10 itens | total desta cat: 360/1277
2026-04-25 16:02:38,632 [INFO]   [Shotguns] start=360...
2026-04-25 16:02:38,918 [INFO]   [Shotguns] +10 itens | total desta cat: 370/1277
2026-04-25 16:02:41,525 [INFO]   [Shotguns] start=370...
2026-04-25 16:02:41,808 [INFO]   [Shotguns] +10 itens | total desta cat: 380/1277
2026-04-25 16:02:44,006 [INFO]   [Shotguns] start=380...
2026-04-25 16:02:44,279 [INFO]   [Shotguns] +10 itens | total desta cat: 390/1277
2026-04-25 16:02:46,741 [INFO]   [Shotguns] start=390...
2026-04-25 16:02:47,021 [INFO]   [Shotguns] +10 itens | total desta cat: 400/1277
2026-04-25 16:02:48,645 [INFO]   [Shotguns] start=400...
2026-04-25 16:02:48,921 [INFO]   [Shotguns] +10 itens | total desta cat: 410/1277
2026-04-25 16:02:51,200 [INFO]   [Shotguns] start=410...
2026-04-25 16:02:51,485 [INFO]   [Shotguns] +10 itens | total desta cat: 420/1277
2026-04-25 16:02:53,380 [INFO]   [Shotguns] start=420...
2026-04-25 16:02:53,654 [INFO]   [Shotguns] +10 itens | total desta cat: 430/1277
2026-04-25 16:02:56,297 [INFO]   [Shotguns] start=430...
2026-04-25 16:02:56,561 [INFO]   [Shotguns] +10 itens | total desta cat: 440/1277
2026-04-25 16:02:59,182 [INFO]   [Shotguns] start=440...
2026-04-25 16:02:59,482 [INFO]   [Shotguns] +10 itens | total desta cat: 450/1277
2026-04-25 16:03:02,330 [INFO]   [Shotguns] start=450...
2026-04-25 16:03:02,604 [INFO]   [Shotguns] +10 itens | total desta cat: 460/1277
2026-04-25 16:03:05,441 [INFO]   [Shotguns] start=460...
2026-04-25 16:03:05,716 [INFO]   [Shotguns] +10 itens | total desta cat: 470/1277
2026-04-25 16:03:07,502 [INFO]   [Shotguns] start=470...
2026-04-25 16:03:07,803 [INFO]   [Shotguns] +10 itens | total desta cat: 480/1277
2026-04-25 16:03:09,940 [INFO]   [Shotguns] start=480...
2026-04-25 16:03:10,217 [INFO]   [Shotguns] +10 itens | total desta cat: 490/1277
2026-04-25 16:03:12,107 [INFO]   [Shotguns] start=490...
2026-04-25 16:03:12,375 [INFO]   [Shotguns] +10 itens | total desta cat: 500/1277
2026-04-25 16:03:14,795 [INFO]   [Shotguns] start=500...
2026-04-25 16:03:15,091 [INFO]   [Shotguns] +10 itens | total desta cat: 510/1277
2026-04-25 16:03:17,555 [INFO]   [Shotguns] start=510...
2026-04-25 16:03:17,833 [INFO]   [Shotguns] +10 itens | total desta cat: 520/1277
2026-04-25 16:03:20,778 [INFO]   [Shotguns] start=520...
2026-04-25 16:03:21,045 [INFO]   [Shotguns] +10 itens | total desta cat: 530/1277
2026-04-25 16:03:22,630 [INFO]   [Shotguns] start=530...
2026-04-25 16:03:22,928 [INFO]   [Shotguns] +10 itens | total desta cat: 540/1277
2026-04-25 16:03:24,894 [INFO]   [Shotguns] start=540...
2026-04-25 16:03:25,174 [INFO]   [Shotguns] +10 itens | total desta cat: 550/1277
2026-04-25 16:03:26,762 [INFO]   [Shotguns] start=550...
2026-04-25 16:03:27,025 [INFO]   [Shotguns] +10 itens | total desta cat: 560/1277
2026-04-25 16:03:29,460 [INFO]   [Shotguns] start=560...
2026-04-25 16:03:29,737 [INFO]   [Shotguns] +10 itens | total desta cat: 570/1277
2026-04-25 16:03:31,532 [INFO]   [Shotguns] start=570...
2026-04-25 16:03:31,819 [INFO]   [Shotguns] +10 itens | total desta cat: 580/1277
2026-04-25 16:03:33,450 [INFO]   [Shotguns] start=580...
2026-04-25 16:03:33,732 [INFO]   [Shotguns] +10 itens | total desta cat: 590/1277
2026-04-25 16:03:35,614 [INFO]   [Shotguns] start=590...
2026-04-25 16:03:35,877 [INFO]   [Shotguns] +10 itens | total desta cat: 600/1277
2026-04-25 16:03:38,255 [INFO]   [Shotguns] start=600...
2026-04-25 16:03:38,523 [INFO]   [Shotguns] +10 itens | total desta cat: 610/1277
2026-04-25 16:03:40,209 [INFO]   [Shotguns] start=610...
2026-04-25 16:03:40,580 [INFO]   [Shotguns] +10 itens | total desta cat: 620/1277
2026-04-25 16:03:42,671 [INFO]   [Shotguns] start=620...
2026-04-25 16:03:42,939 [INFO]   [Shotguns] +10 itens | total desta cat: 630/1277
2026-04-25 16:03:45,271 [INFO]   [Shotguns] start=630...
2026-04-25 16:03:45,537 [INFO]   [Shotguns] +10 itens | total desta cat: 640/1277
2026-04-25 16:03:48,169 [INFO]   [Shotguns] start=640...
2026-04-25 16:03:48,446 [INFO]   [Shotguns] +10 itens | total desta cat: 650/1277
2026-04-25 16:03:50,768 [INFO]   [Shotguns] start=650...
2026-04-25 16:03:51,042 [INFO]   [Shotguns] +10 itens | total desta cat: 660/1277
2026-04-25 16:03:53,199 [INFO]   [Shotguns] start=660...
2026-04-25 16:03:53,472 [INFO]   [Shotguns] +10 itens | total desta cat: 670/1277
2026-04-25 16:03:55,095 [INFO]   [Shotguns] start=670...
2026-04-25 16:03:55,365 [INFO]   [Shotguns] +10 itens | total desta cat: 680/1277
2026-04-25 16:03:57,047 [INFO]   [Shotguns] start=680...
2026-04-25 16:03:57,352 [INFO]   [Shotguns] +10 itens | total desta cat: 690/1277
2026-04-25 16:03:59,642 [INFO]   [Shotguns] start=690...
2026-04-25 16:03:59,915 [INFO]   [Shotguns] +10 itens | total desta cat: 700/1277
2026-04-25 16:04:02,254 [INFO]   [Shotguns] start=700...
2026-04-25 16:04:02,546 [INFO]   [Shotguns] +10 itens | total desta cat: 710/1277
2026-04-25 16:04:05,527 [INFO]   [Shotguns] start=710...
2026-04-25 16:04:05,813 [INFO]   [Shotguns] +10 itens | total desta cat: 720/1277
2026-04-25 16:04:07,583 [INFO]   [Shotguns] start=720...
2026-04-25 16:04:07,983 [INFO]   [Shotguns] +10 itens | total desta cat: 730/1277
2026-04-25 16:04:10,359 [INFO]   [Shotguns] start=730...
2026-04-25 16:04:10,651 [INFO]   [Shotguns] +10 itens | total desta cat: 740/1277
2026-04-25 16:04:12,663 [INFO]   [Shotguns] start=740...
2026-04-25 16:04:12,932 [INFO]   [Shotguns] +10 itens | total desta cat: 750/1277
2026-04-25 16:04:15,263 [INFO]   [Shotguns] start=750...
2026-04-25 16:04:15,616 [INFO]   [Shotguns] +10 itens | total desta cat: 760/1277
2026-04-25 16:04:18,276 [INFO]   [Shotguns] start=760...
2026-04-25 16:04:18,548 [INFO]   [Shotguns] +10 itens | total desta cat: 770/1277
2026-04-25 16:04:20,243 [INFO]   [Shotguns] start=770...
2026-04-25 16:04:20,454 [WARNING] Rate limited (429). A aguardar 60s...
2026-04-25 16:05:20,736 [INFO]   [Shotguns] +10 itens | total desta cat: 780/1277
2026-04-25 16:05:23,365 [INFO]   [Shotguns] start=780...
2026-04-25 16:05:23,658 [INFO]   [Shotguns] +10 itens | total desta cat: 790/1277
2026-04-25 16:05:25,488 [INFO]   [Shotguns] start=790...
2026-04-25 16:05:25,764 [INFO]   [Shotguns] +10 itens | total desta cat: 800/1277
2026-04-25 16:05:27,410 [INFO]   [Shotguns] start=800...
2026-04-25 16:05:27,714 [INFO]   [Shotguns] +10 itens | total desta cat: 810/1277
2026-04-25 16:05:29,708 [INFO]   [Shotguns] start=810...
2026-04-25 16:05:29,992 [INFO]   [Shotguns] +10 itens | total desta cat: 820/1277
2026-04-25 16:05:32,948 [INFO]   [Shotguns] start=820...
2026-04-25 16:05:33,239 [INFO]   [Shotguns] +10 itens | total desta cat: 830/1277
2026-04-25 16:05:35,708 [INFO]   [Shotguns] start=830...
2026-04-25 16:05:35,983 [INFO]   [Shotguns] +10 itens | total desta cat: 840/1277
2026-04-25 16:05:38,351 [INFO]   [Shotguns] start=840...
2026-04-25 16:05:38,645 [INFO]   [Shotguns] +10 itens | total desta cat: 850/1277
2026-04-25 16:05:41,528 [INFO]   [Shotguns] start=850...
2026-04-25 16:05:41,823 [INFO]   [Shotguns] +10 itens | total desta cat: 860/1277
2026-04-25 16:05:43,701 [INFO]   [Shotguns] start=860...
2026-04-25 16:05:43,975 [INFO]   [Shotguns] +10 itens | total desta cat: 870/1277
2026-04-25 16:05:46,670 [INFO]   [Shotguns] start=870...
2026-04-25 16:05:46,956 [INFO]   [Shotguns] +10 itens | total desta cat: 880/1277
2026-04-25 16:05:49,003 [INFO]   [Shotguns] start=880...
2026-04-25 16:05:49,269 [INFO]   [Shotguns] +10 itens | total desta cat: 890/1277
2026-04-25 16:05:50,912 [INFO]   [Shotguns] start=890...
2026-04-25 16:05:51,198 [INFO]   [Shotguns] +10 itens | total desta cat: 900/1277
2026-04-25 16:05:53,063 [INFO]   [Shotguns] start=900...
2026-04-25 16:05:53,363 [INFO]   [Shotguns] +10 itens | total desta cat: 910/1277
2026-04-25 16:05:55,845 [INFO]   [Shotguns] start=910...
2026-04-25 16:05:56,129 [INFO]   [Shotguns] +10 itens | total desta cat: 920/1277
2026-04-25 16:05:57,942 [INFO]   [Shotguns] start=920...
2026-04-25 16:05:58,239 [INFO]   [Shotguns] +10 itens | total desta cat: 930/1277
2026-04-25 16:05:59,891 [INFO]   [Shotguns] start=930...
2026-04-25 16:06:00,160 [INFO]   [Shotguns] +10 itens | total desta cat: 940/1277
2026-04-25 16:06:03,012 [INFO]   [Shotguns] start=940...
2026-04-25 16:06:03,299 [INFO]   [Shotguns] +10 itens | total desta cat: 950/1277
2026-04-25 16:06:05,061 [INFO]   [Shotguns] start=950...
2026-04-25 16:06:05,336 [INFO]   [Shotguns] +10 itens | total desta cat: 960/1277
2026-04-25 16:06:06,958 [INFO]   [Shotguns] start=960...
2026-04-25 16:06:07,228 [INFO]   [Shotguns] +10 itens | total desta cat: 970/1277
2026-04-25 16:06:08,863 [INFO]   [Shotguns] start=970...
2026-04-25 16:06:09,183 [INFO]   [Shotguns] +10 itens | total desta cat: 980/1277
2026-04-25 16:06:11,810 [INFO]   [Shotguns] start=980...
2026-04-25 16:06:12,128 [INFO]   [Shotguns] +10 itens | total desta cat: 990/1277
2026-04-25 16:06:14,914 [INFO]   [Shotguns] start=990...
2026-04-25 16:06:15,219 [INFO]   [Shotguns] +10 itens | total desta cat: 1000/1277
2026-04-25 16:06:17,690 [INFO]   [Shotguns] start=1000...
2026-04-25 16:06:18,000 [INFO]   [Shotguns] +10 itens | total desta cat: 1010/1277
2026-04-25 16:06:20,645 [INFO]   [Shotguns] start=1010...
2026-04-25 16:06:20,939 [INFO]   [Shotguns] +10 itens | total desta cat: 1020/1277
2026-04-25 16:06:23,526 [INFO]   [Shotguns] start=1020...
2026-04-25 16:06:23,835 [INFO]   [Shotguns] +10 itens | total desta cat: 1030/1277
2026-04-25 16:06:26,516 [INFO]   [Shotguns] start=1030...
2026-04-25 16:06:26,873 [INFO]   [Shotguns] +10 itens | total desta cat: 1040/1277
2026-04-25 16:06:29,228 [INFO]   [Shotguns] start=1040...
2026-04-25 16:06:29,531 [INFO]   [Shotguns] +10 itens | total desta cat: 1050/1277
2026-04-25 16:06:32,377 [INFO]   [Shotguns] start=1050...
2026-04-25 16:06:32,650 [INFO]   [Shotguns] +10 itens | total desta cat: 1060/1277
2026-04-25 16:06:35,406 [INFO]   [Shotguns] start=1060...
2026-04-25 16:06:35,677 [INFO]   [Shotguns] +10 itens | total desta cat: 1070/1277
2026-04-25 16:06:37,909 [INFO]   [Shotguns] start=1070...
2026-04-25 16:06:38,178 [INFO]   [Shotguns] +10 itens | total desta cat: 1080/1277
2026-04-25 16:06:40,277 [INFO]   [Shotguns] start=1080...
2026-04-25 16:06:40,551 [INFO]   [Shotguns] +10 itens | total desta cat: 1090/1277
2026-04-25 16:06:42,672 [INFO]   [Shotguns] start=1090...
2026-04-25 16:06:42,948 [INFO]   [Shotguns] +10 itens | total desta cat: 1100/1277
2026-04-25 16:06:44,776 [INFO]   [Shotguns] start=1100...
2026-04-25 16:06:45,056 [INFO]   [Shotguns] +10 itens | total desta cat: 1110/1277
2026-04-25 16:06:47,643 [INFO]   [Shotguns] start=1110...
2026-04-25 16:06:47,928 [INFO]   [Shotguns] +10 itens | total desta cat: 1120/1277
2026-04-25 16:06:50,517 [INFO]   [Shotguns] start=1120...
2026-04-25 16:06:50,803 [INFO]   [Shotguns] +10 itens | total desta cat: 1130/1277
2026-04-25 16:06:52,649 [INFO]   [Shotguns] start=1130...
2026-04-25 16:06:52,945 [INFO]   [Shotguns] +10 itens | total desta cat: 1140/1277
2026-04-25 16:06:55,131 [INFO]   [Shotguns] start=1140...
2026-04-25 16:06:55,403 [INFO]   [Shotguns] +10 itens | total desta cat: 1150/1277
2026-04-25 16:06:58,149 [INFO]   [Shotguns] start=1150...
2026-04-25 16:06:58,436 [INFO]   [Shotguns] +10 itens | total desta cat: 1160/1277
2026-04-25 16:07:00,029 [INFO]   [Shotguns] start=1160...
2026-04-25 16:07:00,326 [INFO]   [Shotguns] +10 itens | total desta cat: 1170/1277
2026-04-25 16:07:02,986 [INFO]   [Shotguns] start=1170...
2026-04-25 16:07:03,248 [INFO]   [Shotguns] +10 itens | total desta cat: 1180/1277
2026-04-25 16:07:05,605 [INFO]   [Shotguns] start=1180...
2026-04-25 16:07:05,871 [INFO]   [Shotguns] +10 itens | total desta cat: 1190/1277
2026-04-25 16:07:08,797 [INFO]   [Shotguns] start=1190...
2026-04-25 16:07:09,077 [INFO]   [Shotguns] +10 itens | total desta cat: 1200/1277
2026-04-25 16:07:11,331 [INFO]   [Shotguns] start=1200...
2026-04-25 16:07:11,601 [INFO]   [Shotguns] +10 itens | total desta cat: 1210/1277
2026-04-25 16:07:13,492 [INFO]   [Shotguns] start=1210...
2026-04-25 16:07:13,768 [INFO]   [Shotguns] +10 itens | total desta cat: 1220/1277
2026-04-25 16:07:16,061 [INFO]   [Shotguns] start=1220...
2026-04-25 16:07:16,353 [INFO]   [Shotguns] +10 itens | total desta cat: 1230/1277
2026-04-25 16:07:18,840 [INFO]   [Shotguns] start=1230...
2026-04-25 16:07:19,106 [INFO]   [Shotguns] +10 itens | total desta cat: 1240/1277
2026-04-25 16:07:21,296 [INFO]   [Shotguns] start=1240...
2026-04-25 16:07:21,564 [INFO]   [Shotguns] +10 itens | total desta cat: 1250/1277
2026-04-25 16:07:23,324 [INFO]   [Shotguns] start=1250...
2026-04-25 16:07:23,611 [INFO]   [Shotguns] +10 itens | total desta cat: 1260/1277
2026-04-25 16:07:25,665 [INFO]   [Shotguns] start=1260...
2026-04-25 16:07:25,957 [INFO]   [Shotguns] +10 itens | total desta cat: 1270/1277
2026-04-25 16:07:28,296 [INFO]   [Shotguns] start=1270...
2026-04-25 16:07:28,574 [INFO]   [Shotguns] +7 itens | total desta cat: 1277/1277
2026-04-25 16:07:28,574 [INFO]   [Shotguns] ✓ 1277 itens recolhidos.
2026-04-25 16:07:28,899 [INFO] 💾 Guardado: 7566 itens únicos → cs2_market_prices.json + cs2_market_prices.csv
2026-04-25 16:07:28,899 [INFO] ⏸  Pausa entre categorias: 4.9s
2026-04-25 16:07:33,829 [INFO] [5/27] A processar: Snipers
2026-04-25 16:07:33,829 [INFO] ━━━ Categoria: Snipers ━━━
2026-04-25 16:07:33,829 [INFO]   [Snipers] start=0...
2026-04-25 16:07:34,109 [INFO]   [Snipers] +10 itens | total desta cat: 10/1138
2026-04-25 16:07:35,993 [INFO]   [Snipers] start=10...
2026-04-25 16:07:36,279 [INFO]   [Snipers] +10 itens | total desta cat: 20/1138
2026-04-25 16:07:39,203 [INFO]   [Snipers] start=20...
2026-04-25 16:07:39,544 [INFO]   [Snipers] +10 itens | total desta cat: 30/1138
2026-04-25 16:07:41,830 [INFO]   [Snipers] start=30...
2026-04-25 16:07:42,107 [INFO]   [Snipers] +10 itens | total desta cat: 40/1138
2026-04-25 16:07:44,714 [INFO]   [Snipers] start=40...
2026-04-25 16:07:44,968 [INFO]   [Snipers] +10 itens | total desta cat: 50/1138
2026-04-25 16:07:47,599 [INFO]   [Snipers] start=50...
2026-04-25 16:07:47,874 [INFO]   [Snipers] +10 itens | total desta cat: 60/1138
2026-04-25 16:07:49,973 [INFO]   [Snipers] start=60...
2026-04-25 16:07:50,254 [INFO]   [Snipers] +10 itens | total desta cat: 70/1138
2026-04-25 16:07:52,666 [INFO]   [Snipers] start=70...
2026-04-25 16:07:53,077 [INFO]   [Snipers] +10 itens | total desta cat: 80/1138
2026-04-25 16:07:54,766 [INFO]   [Snipers] start=80...
2026-04-25 16:07:55,074 [INFO]   [Snipers] +10 itens | total desta cat: 90/1138
2026-04-25 16:07:57,583 [INFO]   [Snipers] start=90...
2026-04-25 16:07:57,868 [INFO]   [Snipers] +10 itens | total desta cat: 100/1138
2026-04-25 16:07:59,591 [INFO]   [Snipers] start=100...
2026-04-25 16:07:59,863 [INFO]   [Snipers] +10 itens | total desta cat: 110/1138
2026-04-25 16:08:02,633 [INFO]   [Snipers] start=110...
2026-04-25 16:08:02,911 [INFO]   [Snipers] +10 itens | total desta cat: 120/1138
2026-04-25 16:08:04,555 [INFO]   [Snipers] start=120...
2026-04-25 16:08:04,833 [INFO]   [Snipers] +10 itens | total desta cat: 130/1138
2026-04-25 16:08:06,865 [INFO]   [Snipers] start=130...
2026-04-25 16:08:07,151 [INFO]   [Snipers] +10 itens | total desta cat: 140/1138
2026-04-25 16:08:09,489 [INFO]   [Snipers] start=140...
2026-04-25 16:08:09,759 [INFO]   [Snipers] +10 itens | total desta cat: 150/1138
2026-04-25 16:08:11,308 [INFO]   [Snipers] start=150...
2026-04-25 16:08:11,587 [INFO]   [Snipers] +10 itens | total desta cat: 160/1138
2026-04-25 16:08:14,314 [INFO]   [Snipers] start=160...
2026-04-25 16:08:14,854 [INFO]   [Snipers] +10 itens | total desta cat: 170/1138
2026-04-25 16:08:17,644 [INFO]   [Snipers] start=170...
2026-04-25 16:08:17,933 [INFO]   [Snipers] +10 itens | total desta cat: 180/1138
2026-04-25 16:08:19,802 [INFO]   [Snipers] start=180...
2026-04-25 16:08:20,081 [INFO]   [Snipers] +10 itens | total desta cat: 190/1138
2026-04-25 16:08:21,960 [INFO]   [Snipers] start=190...
2026-04-25 16:08:22,402 [INFO]   [Snipers] +10 itens | total desta cat: 200/1138
2026-04-25 16:08:24,322 [INFO]   [Snipers] start=200...
2026-04-25 16:08:24,587 [INFO]   [Snipers] +10 itens | total desta cat: 210/1138
2026-04-25 16:08:26,685 [INFO]   [Snipers] start=210...
2026-04-25 16:08:26,978 [INFO]   [Snipers] +10 itens | total desta cat: 220/1138
2026-04-25 16:08:29,403 [INFO]   [Snipers] start=220...
2026-04-25 16:08:29,668 [INFO]   [Snipers] +10 itens | total desta cat: 230/1138
2026-04-25 16:08:32,433 [INFO]   [Snipers] start=230...
2026-04-25 16:08:32,712 [INFO]   [Snipers] +10 itens | total desta cat: 240/1138
2026-04-25 16:08:34,688 [INFO]   [Snipers] start=240...
2026-04-25 16:08:35,275 [INFO]   [Snipers] +10 itens | total desta cat: 250/1138
2026-04-25 16:08:37,022 [INFO]   [Snipers] start=250...
2026-04-25 16:08:37,292 [INFO]   [Snipers] +10 itens | total desta cat: 260/1138
2026-04-25 16:08:39,621 [INFO]   [Snipers] start=260...
2026-04-25 16:08:39,907 [INFO]   [Snipers] +10 itens | total desta cat: 270/1138
2026-04-25 16:08:42,522 [INFO]   [Snipers] start=270...
2026-04-25 16:08:42,807 [INFO]   [Snipers] +10 itens | total desta cat: 280/1138
2026-04-25 16:08:44,632 [INFO]   [Snipers] start=280...
2026-04-25 16:08:44,909 [INFO]   [Snipers] +10 itens | total desta cat: 290/1138
2026-04-25 16:08:47,200 [INFO]   [Snipers] start=290...
2026-04-25 16:08:47,479 [INFO]   [Snipers] +10 itens | total desta cat: 300/1138
2026-04-25 16:08:49,814 [INFO]   [Snipers] start=300...
2026-04-25 16:08:50,089 [INFO]   [Snipers] +10 itens | total desta cat: 310/1138
2026-04-25 16:08:52,738 [INFO]   [Snipers] start=310...
2026-04-25 16:08:53,008 [INFO]   [Snipers] +10 itens | total desta cat: 320/1138
2026-04-25 16:08:55,460 [INFO]   [Snipers] start=320...
2026-04-25 16:08:55,724 [INFO]   [Snipers] +10 itens | total desta cat: 330/1138
2026-04-25 16:08:58,097 [INFO]   [Snipers] start=330...
2026-04-25 16:08:58,367 [INFO]   [Snipers] +10 itens | total desta cat: 340/1138
2026-04-25 16:09:01,143 [INFO]   [Snipers] start=340...
2026-04-25 16:09:01,417 [INFO]   [Snipers] +10 itens | total desta cat: 350/1138
2026-04-25 16:09:03,491 [INFO]   [Snipers] start=350...
2026-04-25 16:09:03,786 [INFO]   [Snipers] +10 itens | total desta cat: 360/1138
2026-04-25 16:09:06,280 [INFO]   [Snipers] start=360...
2026-04-25 16:09:06,567 [INFO]   [Snipers] +10 itens | total desta cat: 370/1138
2026-04-25 16:09:08,882 [INFO]   [Snipers] start=370...
2026-04-25 16:09:09,160 [INFO]   [Snipers] +10 itens | total desta cat: 380/1138
2026-04-25 16:09:10,777 [INFO]   [Snipers] start=380...
2026-04-25 16:09:11,045 [INFO]   [Snipers] +10 itens | total desta cat: 390/1138
2026-04-25 16:09:12,806 [INFO]   [Snipers] start=390...
2026-04-25 16:09:13,094 [INFO]   [Snipers] +10 itens | total desta cat: 400/1138
2026-04-25 16:09:14,663 [INFO]   [Snipers] start=400...
2026-04-25 16:09:14,939 [INFO]   [Snipers] +10 itens | total desta cat: 410/1138
2026-04-25 16:09:17,930 [INFO]   [Snipers] start=410...
2026-04-25 16:09:18,247 [INFO]   [Snipers] +10 itens | total desta cat: 420/1138
2026-04-25 16:09:21,180 [INFO]   [Snipers] start=420...
2026-04-25 16:09:21,455 [INFO]   [Snipers] +10 itens | total desta cat: 430/1138
2026-04-25 16:09:23,399 [INFO]   [Snipers] start=430...
2026-04-25 16:09:23,671 [INFO]   [Snipers] +10 itens | total desta cat: 440/1138
2026-04-25 16:09:25,444 [INFO]   [Snipers] start=440...
2026-04-25 16:09:25,728 [INFO]   [Snipers] +10 itens | total desta cat: 450/1138
2026-04-25 16:09:28,453 [INFO]   [Snipers] start=450...
2026-04-25 16:09:28,726 [INFO]   [Snipers] +10 itens | total desta cat: 460/1138
2026-04-25 16:09:30,306 [INFO]   [Snipers] start=460...
2026-04-25 16:09:30,593 [INFO]   [Snipers] +10 itens | total desta cat: 470/1138
2026-04-25 16:09:32,106 [INFO]   [Snipers] start=470...
2026-04-25 16:09:32,381 [INFO]   [Snipers] +10 itens | total desta cat: 480/1138
2026-04-25 16:09:34,144 [INFO]   [Snipers] start=480...
2026-04-25 16:09:34,415 [INFO]   [Snipers] +10 itens | total desta cat: 490/1138
2026-04-25 16:09:37,156 [INFO]   [Snipers] start=490...
2026-04-25 16:09:37,378 [WARNING] Rate limited (429). A aguardar 60s...
2026-04-25 16:10:37,662 [INFO]   [Snipers] +10 itens | total desta cat: 500/1138
2026-04-25 16:10:39,236 [INFO]   [Snipers] start=500...
2026-04-25 16:10:39,513 [INFO]   [Snipers] +10 itens | total desta cat: 510/1138
2026-04-25 16:10:41,687 [INFO]   [Snipers] start=510...
2026-04-25 16:10:41,969 [INFO]   [Snipers] +10 itens | total desta cat: 520/1138
2026-04-25 16:10:44,285 [INFO]   [Snipers] start=520...
2026-04-25 16:10:44,549 [INFO]   [Snipers] +10 itens | total desta cat: 530/1138
2026-04-25 16:10:46,524 [INFO]   [Snipers] start=530...
2026-04-25 16:10:46,813 [INFO]   [Snipers] +10 itens | total desta cat: 540/1138
2026-04-25 16:10:49,795 [INFO]   [Snipers] start=540...
2026-04-25 16:10:50,072 [INFO]   [Snipers] +10 itens | total desta cat: 550/1138
2026-04-25 16:10:52,730 [INFO]   [Snipers] start=550...
2026-04-25 16:10:53,007 [INFO]   [Snipers] +10 itens | total desta cat: 560/1138
2026-04-25 16:10:55,955 [INFO]   [Snipers] start=560...
2026-04-25 16:10:56,222 [INFO]   [Snipers] +10 itens | total desta cat: 570/1138
2026-04-25 16:10:58,306 [INFO]   [Snipers] start=570...
2026-04-25 16:10:58,595 [INFO]   [Snipers] +10 itens | total desta cat: 580/1138
2026-04-25 16:11:01,207 [INFO]   [Snipers] start=580...
2026-04-25 16:11:01,478 [INFO]   [Snipers] +10 itens | total desta cat: 590/1138
2026-04-25 16:11:03,891 [INFO]   [Snipers] start=590...
2026-04-25 16:11:04,211 [INFO]   [Snipers] +10 itens | total desta cat: 600/1138
2026-04-25 16:11:05,972 [INFO]   [Snipers] start=600...
2026-04-25 16:11:06,250 [INFO]   [Snipers] +10 itens | total desta cat: 610/1138
2026-04-25 16:11:08,545 [INFO]   [Snipers] start=610...
2026-04-25 16:11:08,825 [INFO]   [Snipers] +10 itens | total desta cat: 620/1138
2026-04-25 16:11:10,851 [INFO]   [Snipers] start=620...
2026-04-25 16:11:11,123 [INFO]   [Snipers] +10 itens | total desta cat: 630/1138
2026-04-25 16:11:13,054 [INFO]   [Snipers] start=630...
2026-04-25 16:11:13,335 [INFO]   [Snipers] +10 itens | total desta cat: 640/1138
2026-04-25 16:11:15,694 [INFO]   [Snipers] start=640...
2026-04-25 16:11:15,985 [INFO]   [Snipers] +10 itens | total desta cat: 650/1138
2026-04-25 16:11:17,592 [INFO]   [Snipers] start=650...
2026-04-25 16:11:17,922 [INFO]   [Snipers] +10 itens | total desta cat: 660/1138
2026-04-25 16:11:20,419 [INFO]   [Snipers] start=660...
2026-04-25 16:11:20,713 [INFO]   [Snipers] +10 itens | total desta cat: 670/1138
2026-04-25 16:11:23,571 [INFO]   [Snipers] start=670...
2026-04-25 16:11:23,848 [INFO]   [Snipers] +10 itens | total desta cat: 680/1138
2026-04-25 16:11:26,512 [INFO]   [Snipers] start=680...
2026-04-25 16:11:26,808 [INFO]   [Snipers] +10 itens | total desta cat: 690/1138
2026-04-25 16:11:29,551 [INFO]   [Snipers] start=690...
2026-04-25 16:11:29,854 [INFO]   [Snipers] +10 itens | total desta cat: 700/1138
2026-04-25 16:11:32,008 [INFO]   [Snipers] start=700...
2026-04-25 16:11:32,279 [INFO]   [Snipers] +10 itens | total desta cat: 710/1138
2026-04-25 16:11:34,940 [INFO]   [Snipers] start=710...
2026-04-25 16:11:35,226 [INFO]   [Snipers] +10 itens | total desta cat: 720/1138
2026-04-25 16:11:37,618 [INFO]   [Snipers] start=720...
2026-04-25 16:11:37,899 [INFO]   [Snipers] +10 itens | total desta cat: 730/1138
2026-04-25 16:11:40,329 [INFO]   [Snipers] start=730...
2026-04-25 16:11:40,605 [INFO]   [Snipers] +10 itens | total desta cat: 740/1138
2026-04-25 16:11:43,389 [INFO]   [Snipers] start=740...
2026-04-25 16:11:43,681 [INFO]   [Snipers] +10 itens | total desta cat: 750/1138
2026-04-25 16:11:45,750 [INFO]   [Snipers] start=750...
2026-04-25 16:11:46,021 [INFO]   [Snipers] +10 itens | total desta cat: 760/1138
2026-04-25 16:11:47,913 [INFO]   [Snipers] start=760...
2026-04-25 16:11:48,202 [INFO]   [Snipers] +10 itens | total desta cat: 770/1138
2026-04-25 16:11:50,100 [INFO]   [Snipers] start=770...
2026-04-25 16:11:50,376 [INFO]   [Snipers] +10 itens | total desta cat: 780/1138
2026-04-25 16:11:52,683 [INFO]   [Snipers] start=780...
2026-04-25 16:11:52,960 [INFO]   [Snipers] +10 itens | total desta cat: 790/1138
2026-04-25 16:11:54,529 [INFO]   [Snipers] start=790...
2026-04-25 16:11:54,790 [INFO]   [Snipers] +10 itens | total desta cat: 800/1138
2026-04-25 16:11:56,793 [INFO]   [Snipers] start=800...
2026-04-25 16:11:57,098 [INFO]   [Snipers] +10 itens | total desta cat: 810/1138
2026-04-25 16:11:58,741 [INFO]   [Snipers] start=810...
2026-04-25 16:11:59,104 [INFO]   [Snipers] +10 itens | total desta cat: 820/1138
2026-04-25 16:12:02,070 [INFO]   [Snipers] start=820...
2026-04-25 16:12:02,345 [INFO]   [Snipers] +10 itens | total desta cat: 830/1138
2026-04-25 16:12:05,160 [INFO]   [Snipers] start=830...
2026-04-25 16:12:05,429 [INFO]   [Snipers] +10 itens | total desta cat: 840/1138
2026-04-25 16:12:08,230 [INFO]   [Snipers] start=840...
2026-04-25 16:12:08,507 [INFO]   [Snipers] +10 itens | total desta cat: 850/1138
2026-04-25 16:12:10,019 [INFO]   [Snipers] start=850...
2026-04-25 16:12:10,280 [INFO]   [Snipers] +10 itens | total desta cat: 860/1138
2026-04-25 16:12:12,142 [INFO]   [Snipers] start=860...
2026-04-25 16:12:12,428 [INFO]   [Snipers] +10 itens | total desta cat: 870/1138
2026-04-25 16:12:15,429 [INFO]   [Snipers] start=870...
2026-04-25 16:12:15,712 [INFO]   [Snipers] +10 itens | total desta cat: 880/1138
2026-04-25 16:12:17,499 [INFO]   [Snipers] start=880...
2026-04-25 16:12:17,816 [INFO]   [Snipers] +10 itens | total desta cat: 890/1138
2026-04-25 16:12:20,296 [INFO]   [Snipers] start=890...
2026-04-25 16:12:20,610 [INFO]   [Snipers] +10 itens | total desta cat: 900/1138
2026-04-25 16:12:22,995 [INFO]   [Snipers] start=900...
2026-04-25 16:12:23,273 [INFO]   [Snipers] +10 itens | total desta cat: 910/1138
2026-04-25 16:12:25,643 [INFO]   [Snipers] start=910...
2026-04-25 16:12:25,912 [INFO]   [Snipers] +10 itens | total desta cat: 920/1138
2026-04-25 16:12:28,722 [INFO]   [Snipers] start=920...
2026-04-25 16:12:28,995 [INFO]   [Snipers] +10 itens | total desta cat: 930/1138
2026-04-25 16:12:31,537 [INFO]   [Snipers] start=930...
2026-04-25 16:12:31,814 [INFO]   [Snipers] +10 itens | total desta cat: 940/1138
2026-04-25 16:12:33,501 [INFO]   [Snipers] start=940...
2026-04-25 16:12:33,786 [INFO]   [Snipers] +10 itens | total desta cat: 950/1138
2026-04-25 16:12:36,696 [INFO]   [Snipers] start=950...
2026-04-25 16:12:36,970 [INFO]   [Snipers] +10 itens | total desta cat: 960/1138
2026-04-25 16:12:39,657 [INFO]   [Snipers] start=960...
2026-04-25 16:12:39,933 [INFO]   [Snipers] +10 itens | total desta cat: 970/1138
2026-04-25 16:12:41,832 [INFO]   [Snipers] start=970...
2026-04-25 16:12:42,112 [INFO]   [Snipers] +10 itens | total desta cat: 980/1138
2026-04-25 16:12:44,926 [INFO]   [Snipers] start=980...
2026-04-25 16:12:45,234 [INFO]   [Snipers] +10 itens | total desta cat: 990/1138
2026-04-25 16:12:47,144 [INFO]   [Snipers] start=990...
2026-04-25 16:12:47,413 [INFO]   [Snipers] +10 itens | total desta cat: 1000/1138
2026-04-25 16:12:49,628 [INFO]   [Snipers] start=1000...
2026-04-25 16:12:49,916 [INFO]   [Snipers] +10 itens | total desta cat: 1010/1138
2026-04-25 16:12:51,502 [INFO]   [Snipers] start=1010...
2026-04-25 16:12:51,817 [INFO]   [Snipers] +10 itens | total desta cat: 1020/1138
2026-04-25 16:12:53,414 [INFO]   [Snipers] start=1020...
2026-04-25 16:12:53,696 [INFO]   [Snipers] +10 itens | total desta cat: 1030/1138
2026-04-25 16:12:55,232 [INFO]   [Snipers] start=1030...
2026-04-25 16:12:55,496 [INFO]   [Snipers] +10 itens | total desta cat: 1040/1138
2026-04-25 16:12:57,001 [INFO]   [Snipers] start=1040...
2026-04-25 16:12:57,274 [INFO]   [Snipers] +10 itens | total desta cat: 1050/1138
2026-04-25 16:12:58,983 [INFO]   [Snipers] start=1050...
2026-04-25 16:12:59,266 [INFO]   [Snipers] +10 itens | total desta cat: 1060/1138
2026-04-25 16:13:02,045 [INFO]   [Snipers] start=1060...
2026-04-25 16:13:02,343 [INFO]   [Snipers] +10 itens | total desta cat: 1070/1138
2026-04-25 16:13:04,085 [INFO]   [Snipers] start=1070...
2026-04-25 16:13:04,798 [INFO]   [Snipers] +10 itens | total desta cat: 1080/1138
2026-04-25 16:13:06,653 [INFO]   [Snipers] start=1080...
2026-04-25 16:13:06,953 [INFO]   [Snipers] +10 itens | total desta cat: 1090/1138
2026-04-25 16:13:09,400 [INFO]   [Snipers] start=1090...
2026-04-25 16:13:09,675 [INFO]   [Snipers] +10 itens | total desta cat: 1100/1138
2026-04-25 16:13:11,769 [INFO]   [Snipers] start=1100...
2026-04-25 16:13:12,113 [INFO]   [Snipers] +10 itens | total desta cat: 1110/1138
2026-04-25 16:13:13,706 [INFO]   [Snipers] start=1110...
2026-04-25 16:13:13,990 [INFO]   [Snipers] +10 itens | total desta cat: 1120/1138
2026-04-25 16:13:16,318 [INFO]   [Snipers] start=1120...
2026-04-25 16:13:16,606 [INFO]   [Snipers] +10 itens | total desta cat: 1130/1138
2026-04-25 16:13:18,158 [INFO]   [Snipers] start=1130...
2026-04-25 16:13:18,441 [INFO]   [Snipers] +8 itens | total desta cat: 1138/1138
2026-04-25 16:13:18,441 [INFO]   [Snipers] ✓ 1138 itens recolhidos.
2026-04-25 16:13:18,732 [INFO] 💾 Guardado: 8420 itens únicos → cs2_market_prices.json + cs2_market_prices.csv
2026-04-25 16:13:18,733 [INFO] ⏸  Pausa entre categorias: 3.3s
2026-04-25 16:13:21,995 [INFO] [6/27] A processar: Machinegun
2026-04-25 16:13:21,995 [INFO] ━━━ Categoria: Machinegun ━━━
2026-04-25 16:13:21,996 [INFO]   [Machinegun] start=0...
2026-04-25 16:13:22,284 [INFO]   [Machinegun] +10 itens | total desta cat: 10/395
2026-04-25 16:13:25,213 [INFO]   [Machinegun] start=10...
2026-04-25 16:13:25,526 [INFO]   [Machinegun] +10 itens | total desta cat: 20/395
2026-04-25 16:13:28,047 [INFO]   [Machinegun] start=20...
2026-04-25 16:13:28,335 [INFO]   [Machinegun] +10 itens | total desta cat: 30/395
2026-04-25 16:13:30,067 [INFO]   [Machinegun] start=30...
2026-04-25 16:13:30,361 [INFO]   [Machinegun] +10 itens | total desta cat: 40/395
2026-04-25 16:13:32,902 [INFO]   [Machinegun] start=40...
2026-04-25 16:13:33,177 [INFO]   [Machinegun] +10 itens | total desta cat: 50/395
2026-04-25 16:13:35,774 [INFO]   [Machinegun] start=50...
2026-04-25 16:13:36,049 [INFO]   [Machinegun] +10 itens | total desta cat: 60/395
2026-04-25 16:13:38,433 [INFO]   [Machinegun] start=60...
2026-04-25 16:13:38,727 [INFO]   [Machinegun] +10 itens | total desta cat: 70/395
2026-04-25 16:13:40,943 [INFO]   [Machinegun] start=70...
2026-04-25 16:13:41,212 [INFO]   [Machinegun] +10 itens | total desta cat: 80/395
2026-04-25 16:13:43,195 [INFO]   [Machinegun] start=80...
2026-04-25 16:13:43,469 [INFO]   [Machinegun] +10 itens | total desta cat: 90/395
2026-04-25 16:13:46,327 [INFO]   [Machinegun] start=90...
2026-04-25 16:13:46,613 [INFO]   [Machinegun] +10 itens | total desta cat: 100/395
2026-04-25 16:13:48,429 [INFO]   [Machinegun] start=100...
2026-04-25 16:13:48,712 [INFO]   [Machinegun] +10 itens | total desta cat: 110/395
2026-04-25 16:13:51,246 [INFO]   [Machinegun] start=110...
2026-04-25 16:13:51,525 [INFO]   [Machinegun] +10 itens | total desta cat: 120/395
2026-04-25 16:13:53,971 [INFO]   [Machinegun] start=120...
2026-04-25 16:13:54,249 [INFO]   [Machinegun] +10 itens | total desta cat: 130/395
2026-04-25 16:13:56,984 [INFO]   [Machinegun] start=130...
2026-04-25 16:13:57,384 [INFO]   [Machinegun] +10 itens | total desta cat: 140/395
2026-04-25 16:14:00,133 [INFO]   [Machinegun] start=140...
2026-04-25 16:14:00,418 [INFO]   [Machinegun] +10 itens | total desta cat: 150/395
2026-04-25 16:14:02,465 [INFO]   [Machinegun] start=150...
2026-04-25 16:14:02,809 [INFO]   [Machinegun] +10 itens | total desta cat: 160/395
2026-04-25 16:14:05,171 [INFO]   [Machinegun] start=160...
2026-04-25 16:14:05,461 [INFO]   [Machinegun] +10 itens | total desta cat: 170/395
2026-04-25 16:14:08,106 [INFO]   [Machinegun] start=170...
2026-04-25 16:14:08,385 [INFO]   [Machinegun] +10 itens | total desta cat: 180/395
2026-04-25 16:14:10,355 [INFO]   [Machinegun] start=180...
2026-04-25 16:14:10,629 [INFO]   [Machinegun] +10 itens | total desta cat: 190/395
2026-04-25 16:14:13,424 [INFO]   [Machinegun] start=190...
2026-04-25 16:14:13,714 [INFO]   [Machinegun] +10 itens | total desta cat: 200/395
2026-04-25 16:14:15,869 [INFO]   [Machinegun] start=200...
2026-04-25 16:14:16,160 [INFO]   [Machinegun] +10 itens | total desta cat: 210/395
2026-04-25 16:14:18,812 [INFO]   [Machinegun] start=210...
2026-04-25 16:14:19,099 [INFO]   [Machinegun] +10 itens | total desta cat: 220/395
2026-04-25 16:14:21,088 [INFO]   [Machinegun] start=220...
2026-04-25 16:14:21,384 [INFO]   [Machinegun] +10 itens | total desta cat: 230/395
2026-04-25 16:14:23,292 [INFO]   [Machinegun] start=230...
2026-04-25 16:14:23,589 [INFO]   [Machinegun] +10 itens | total desta cat: 240/395
2026-04-25 16:14:26,490 [INFO]   [Machinegun] start=240...
2026-04-25 16:14:26,765 [INFO]   [Machinegun] +10 itens | total desta cat: 250/395
2026-04-25 16:14:28,753 [INFO]   [Machinegun] start=250...
2026-04-25 16:14:29,024 [INFO]   [Machinegun] +10 itens | total desta cat: 260/395
2026-04-25 16:14:31,462 [INFO]   [Machinegun] start=260...
2026-04-25 16:14:31,751 [INFO]   [Machinegun] +10 itens | total desta cat: 270/395
2026-04-25 16:14:33,445 [INFO]   [Machinegun] start=270...
2026-04-25 16:14:33,793 [INFO]   [Machinegun] +10 itens | total desta cat: 280/395
2026-04-25 16:14:35,914 [INFO]   [Machinegun] start=280...
2026-04-25 16:14:36,191 [INFO]   [Machinegun] +10 itens | total desta cat: 290/395
2026-04-25 16:14:37,834 [INFO]   [Machinegun] start=290...
2026-04-25 16:14:38,125 [INFO]   [Machinegun] +10 itens | total desta cat: 300/395
2026-04-25 16:14:40,934 [INFO]   [Machinegun] start=300...
2026-04-25 16:14:41,216 [INFO]   [Machinegun] +10 itens | total desta cat: 310/395
2026-04-25 16:14:43,201 [INFO]   [Machinegun] start=310...
2026-04-25 16:14:43,509 [INFO]   [Machinegun] +10 itens | total desta cat: 320/395
2026-04-25 16:14:45,974 [INFO]   [Machinegun] start=320...
2026-04-25 16:14:46,290 [INFO]   [Machinegun] +10 itens | total desta cat: 330/395
2026-04-25 16:14:48,215 [INFO]   [Machinegun] start=330...
2026-04-25 16:14:48,522 [INFO]   [Machinegun] +10 itens | total desta cat: 340/395
2026-04-25 16:14:50,087 [INFO]   [Machinegun] start=340...
2026-04-25 16:14:50,351 [INFO]   [Machinegun] +10 itens | total desta cat: 350/395
2026-04-25 16:14:52,330 [INFO]   [Machinegun] start=350...
2026-04-25 16:14:52,547 [WARNING] Rate limited (429). A aguardar 60s...
2026-04-25 16:15:53,165 [INFO]   [Machinegun] +10 itens | total desta cat: 360/395
2026-04-25 16:15:55,737 [INFO]   [Machinegun] start=360...
2026-04-25 16:15:56,005 [INFO]   [Machinegun] +10 itens | total desta cat: 370/395
2026-04-25 16:15:58,796 [INFO]   [Machinegun] start=370...
2026-04-25 16:15:59,084 [INFO]   [Machinegun] +10 itens | total desta cat: 380/395
2026-04-25 16:16:00,639 [INFO]   [Machinegun] start=380...
2026-04-25 16:16:00,936 [INFO]   [Machinegun] +10 itens | total desta cat: 390/395
2026-04-25 16:16:03,600 [INFO]   [Machinegun] start=390...
2026-04-25 16:16:03,873 [INFO]   [Machinegun] +5 itens | total desta cat: 395/395
2026-04-25 16:16:03,874 [INFO]   [Machinegun] ✓ 395 itens recolhidos.
2026-04-25 16:16:04,177 [INFO] 💾 Guardado: 8750 itens únicos → cs2_market_prices.json + cs2_market_prices.csv
2026-04-25 16:16:04,177 [INFO] ⏸  Pausa entre categorias: 4.3s
2026-04-25 16:16:08,440 [INFO] [7/27] A processar: Knives_FN
2026-04-25 16:16:08,440 [INFO] ━━━ Categoria: Knives_FN ━━━
2026-04-25 16:16:08,440 [INFO]   [Knives_FN] start=0...
2026-04-25 16:16:08,704 [INFO]   [Knives_FN] +10 itens | total desta cat: 10/460
2026-04-25 16:16:10,615 [INFO]   [Knives_FN] start=10...
2026-04-25 16:16:11,120 [INFO]   [Knives_FN] +10 itens | total desta cat: 20/460
2026-04-25 16:16:13,621 [INFO]   [Knives_FN] start=20...
2026-04-25 16:16:13,881 [INFO]   [Knives_FN] +10 itens | total desta cat: 30/460
2026-04-25 16:16:16,116 [INFO]   [Knives_FN] start=30...
2026-04-25 16:16:16,380 [INFO]   [Knives_FN] +10 itens | total desta cat: 40/460
2026-04-25 16:16:18,269 [INFO]   [Knives_FN] start=40...
2026-04-25 16:16:18,554 [INFO]   [Knives_FN] +10 itens | total desta cat: 50/460
2026-04-25 16:16:20,814 [INFO]   [Knives_FN] start=50...
2026-04-25 16:16:21,089 [INFO]   [Knives_FN] +10 itens | total desta cat: 60/460
2026-04-25 16:16:23,124 [INFO]   [Knives_FN] start=60...
2026-04-25 16:16:23,388 [INFO]   [Knives_FN] +10 itens | total desta cat: 70/460
2026-04-25 16:16:25,848 [INFO]   [Knives_FN] start=70...
2026-04-25 16:16:26,121 [INFO]   [Knives_FN] +10 itens | total desta cat: 80/460
2026-04-25 16:16:28,227 [INFO]   [Knives_FN] start=80...
2026-04-25 16:16:28,541 [INFO]   [Knives_FN] +10 itens | total desta cat: 90/460
2026-04-25 16:16:31,216 [INFO]   [Knives_FN] start=90...
2026-04-25 16:16:31,489 [INFO]   [Knives_FN] +10 itens | total desta cat: 100/460
2026-04-25 16:16:33,825 [INFO]   [Knives_FN] start=100...
2026-04-25 16:16:34,106 [INFO]   [Knives_FN] +10 itens | total desta cat: 110/460
2026-04-25 16:16:36,086 [INFO]   [Knives_FN] start=110...
2026-04-25 16:16:36,368 [INFO]   [Knives_FN] +10 itens | total desta cat: 120/460
2026-04-25 16:16:37,896 [INFO]   [Knives_FN] start=120...
2026-04-25 16:16:38,198 [INFO]   [Knives_FN] +10 itens | total desta cat: 130/460
2026-04-25 16:16:41,183 [INFO]   [Knives_FN] start=130...
2026-04-25 16:16:41,451 [INFO]   [Knives_FN] +10 itens | total desta cat: 140/460
2026-04-25 16:16:43,588 [INFO]   [Knives_FN] start=140...
2026-04-25 16:16:43,894 [INFO]   [Knives_FN] +10 itens | total desta cat: 150/460
2026-04-25 16:16:46,780 [INFO]   [Knives_FN] start=150...
2026-04-25 16:16:47,062 [INFO]   [Knives_FN] +10 itens | total desta cat: 160/460
2026-04-25 16:16:49,625 [INFO]   [Knives_FN] start=160...
2026-04-25 16:16:49,907 [INFO]   [Knives_FN] +10 itens | total desta cat: 170/460
2026-04-25 16:16:51,745 [INFO]   [Knives_FN] start=170...
2026-04-25 16:16:52,010 [INFO]   [Knives_FN] +10 itens | total desta cat: 180/460
2026-04-25 16:16:53,546 [INFO]   [Knives_FN] start=180...
2026-04-25 16:16:53,824 [INFO]   [Knives_FN] +10 itens | total desta cat: 190/460
2026-04-25 16:16:55,801 [INFO]   [Knives_FN] start=190...
2026-04-25 16:16:56,084 [INFO]   [Knives_FN] +10 itens | total desta cat: 200/460
2026-04-25 16:16:58,354 [INFO]   [Knives_FN] start=200...
2026-04-25 16:16:58,627 [INFO]   [Knives_FN] +10 itens | total desta cat: 210/460
2026-04-25 16:17:01,258 [INFO]   [Knives_FN] start=210...
2026-04-25 16:17:01,629 [INFO]   [Knives_FN] +10 itens | total desta cat: 220/460
2026-04-25 16:17:03,947 [INFO]   [Knives_FN] start=220...
2026-04-25 16:17:04,222 [INFO]   [Knives_FN] +10 itens | total desta cat: 230/460
2026-04-25 16:17:05,813 [INFO]   [Knives_FN] start=230...
2026-04-25 16:17:06,089 [INFO]   [Knives_FN] +10 itens | total desta cat: 240/460
2026-04-25 16:17:09,023 [INFO]   [Knives_FN] start=240...
2026-04-25 16:17:09,328 [INFO]   [Knives_FN] +10 itens | total desta cat: 250/460
2026-04-25 16:17:11,142 [INFO]   [Knives_FN] start=250...
2026-04-25 16:17:11,429 [INFO]   [Knives_FN] +10 itens | total desta cat: 260/460
2026-04-25 16:17:14,047 [INFO]   [Knives_FN] start=260...
2026-04-25 16:17:14,321 [INFO]   [Knives_FN] +10 itens | total desta cat: 270/460
2026-04-25 16:17:16,941 [INFO]   [Knives_FN] start=270...
2026-04-25 16:17:17,213 [INFO]   [Knives_FN] +10 itens | total desta cat: 280/460
2026-04-25 16:17:19,509 [INFO]   [Knives_FN] start=280...
2026-04-25 16:17:19,789 [INFO]   [Knives_FN] +10 itens | total desta cat: 290/460
2026-04-25 16:17:22,367 [INFO]   [Knives_FN] start=290...
2026-04-25 16:17:22,661 [INFO]   [Knives_FN] +10 itens | total desta cat: 300/460
2026-04-25 16:17:25,274 [INFO]   [Knives_FN] start=300...
2026-04-25 16:17:25,558 [INFO]   [Knives_FN] +10 itens | total desta cat: 310/460
2026-04-25 16:17:27,762 [INFO]   [Knives_FN] start=310...
2026-04-25 16:17:28,095 [INFO]   [Knives_FN] +10 itens | total desta cat: 320/460
2026-04-25 16:17:30,529 [INFO]   [Knives_FN] start=320...
2026-04-25 16:17:30,830 [INFO]   [Knives_FN] +10 itens | total desta cat: 330/460
2026-04-25 16:17:33,136 [INFO]   [Knives_FN] start=330...
2026-04-25 16:17:33,436 [INFO]   [Knives_FN] +10 itens | total desta cat: 340/460
2026-04-25 16:17:35,202 [INFO]   [Knives_FN] start=340...
2026-04-25 16:17:35,476 [INFO]   [Knives_FN] +10 itens | total desta cat: 350/460
2026-04-25 16:17:37,518 [INFO]   [Knives_FN] start=350...
2026-04-25 16:17:37,792 [INFO]   [Knives_FN] +10 itens | total desta cat: 360/460
2026-04-25 16:17:39,639 [INFO]   [Knives_FN] start=360...
2026-04-25 16:17:39,922 [INFO]   [Knives_FN] +10 itens | total desta cat: 370/460
2026-04-25 16:17:42,725 [INFO]   [Knives_FN] start=370...
2026-04-25 16:17:43,004 [INFO]   [Knives_FN] +10 itens | total desta cat: 380/460
2026-04-25 16:17:45,676 [INFO]   [Knives_FN] start=380...
2026-04-25 16:17:45,957 [INFO]   [Knives_FN] +10 itens | total desta cat: 390/460
2026-04-25 16:17:47,528 [INFO]   [Knives_FN] start=390...
2026-04-25 16:17:47,805 [INFO]   [Knives_FN] +10 itens | total desta cat: 400/460
2026-04-25 16:17:49,821 [INFO]   [Knives_FN] start=400...
2026-04-25 16:17:50,110 [INFO]   [Knives_FN] +10 itens | total desta cat: 410/460
2026-04-25 16:17:52,362 [INFO]   [Knives_FN] start=410...
2026-04-25 16:17:52,646 [INFO]   [Knives_FN] +10 itens | total desta cat: 420/460
2026-04-25 16:17:55,283 [INFO]   [Knives_FN] start=420...
2026-04-25 16:17:55,568 [INFO]   [Knives_FN] +10 itens | total desta cat: 430/460
2026-04-25 16:17:57,924 [INFO]   [Knives_FN] start=430...
2026-04-25 16:17:58,207 [INFO]   [Knives_FN] +10 itens | total desta cat: 440/460
2026-04-25 16:17:59,849 [INFO]   [Knives_FN] start=440...
2026-04-25 16:18:00,150 [INFO]   [Knives_FN] +10 itens | total desta cat: 450/460
2026-04-25 16:18:02,387 [INFO]   [Knives_FN] start=450...
2026-04-25 16:18:02,661 [INFO]   [Knives_FN] +10 itens | total desta cat: 460/460
2026-04-25 16:18:02,661 [INFO]   [Knives_FN] ✓ 460 itens recolhidos.
2026-04-25 16:18:02,972 [INFO] 💾 Guardado: 9073 itens únicos → cs2_market_prices.json + cs2_market_prices.csv
2026-04-25 16:18:02,972 [INFO] ⏸  Pausa entre categorias: 3.7s
2026-04-25 16:18:06,637 [INFO] [8/27] A processar: Knives_MW
2026-04-25 16:18:06,637 [INFO] ━━━ Categoria: Knives_MW ━━━
2026-04-25 16:18:06,638 [INFO]   [Knives_MW] start=0...
2026-04-25 16:18:06,919 [INFO]   [Knives_MW] +10 itens | total desta cat: 10/686
2026-04-25 16:18:09,193 [INFO]   [Knives_MW] start=10...
2026-04-25 16:18:09,462 [INFO]   [Knives_MW] +10 itens | total desta cat: 20/686
2026-04-25 16:18:11,413 [INFO]   [Knives_MW] start=20...
2026-04-25 16:18:11,684 [INFO]   [Knives_MW] +10 itens | total desta cat: 30/686
2026-04-25 16:18:14,161 [INFO]   [Knives_MW] start=30...
2026-04-25 16:18:14,451 [INFO]   [Knives_MW] +10 itens | total desta cat: 40/686
2026-04-25 16:18:16,238 [INFO]   [Knives_MW] start=40...
2026-04-25 16:18:16,515 [INFO]   [Knives_MW] +10 itens | total desta cat: 50/686
2026-04-25 16:18:18,123 [INFO]   [Knives_MW] start=50...
2026-04-25 16:18:18,405 [INFO]   [Knives_MW] +10 itens | total desta cat: 60/686
2026-04-25 16:18:20,990 [INFO]   [Knives_MW] start=60...
2026-04-25 16:18:21,258 [INFO]   [Knives_MW] +10 itens | total desta cat: 70/686
2026-04-25 16:18:24,154 [INFO]   [Knives_MW] start=70...
2026-04-25 16:18:24,434 [INFO]   [Knives_MW] +10 itens | total desta cat: 80/686
2026-04-25 16:18:26,869 [INFO]   [Knives_MW] start=80...
2026-04-25 16:18:27,140 [INFO]   [Knives_MW] +10 itens | total desta cat: 90/686
2026-04-25 16:18:29,828 [INFO]   [Knives_MW] start=90...
2026-04-25 16:18:30,112 [INFO]   [Knives_MW] +10 itens | total desta cat: 100/686
2026-04-25 16:18:32,891 [INFO]   [Knives_MW] start=100...
2026-04-25 16:18:33,172 [INFO]   [Knives_MW] +10 itens | total desta cat: 110/686
2026-04-25 16:18:34,974 [INFO]   [Knives_MW] start=110...
2026-04-25 16:18:35,277 [INFO]   [Knives_MW] +10 itens | total desta cat: 120/686
2026-04-25 16:18:37,872 [INFO]   [Knives_MW] start=120...
2026-04-25 16:18:38,146 [INFO]   [Knives_MW] +10 itens | total desta cat: 130/686
2026-04-25 16:18:41,123 [INFO]   [Knives_MW] start=130...
2026-04-25 16:18:41,495 [INFO]   [Knives_MW] +10 itens | total desta cat: 140/686
2026-04-25 16:18:43,752 [INFO]   [Knives_MW] start=140...
2026-04-25 16:18:44,024 [INFO]   [Knives_MW] +10 itens | total desta cat: 150/686
2026-04-25 16:18:47,010 [INFO]   [Knives_MW] start=150...
2026-04-25 16:18:47,283 [INFO]   [Knives_MW] +10 itens | total desta cat: 160/686
2026-04-25 16:18:48,809 [INFO]   [Knives_MW] start=160...
2026-04-25 16:18:49,106 [INFO]   [Knives_MW] +10 itens | total desta cat: 170/686
2026-04-25 16:18:52,053 [INFO]   [Knives_MW] start=170...
2026-04-25 16:18:52,490 [INFO]   [Knives_MW] +10 itens | total desta cat: 180/686
2026-04-25 16:18:54,844 [INFO]   [Knives_MW] start=180...
2026-04-25 16:18:55,211 [INFO]   [Knives_MW] +10 itens | total desta cat: 190/686
2026-04-25 16:18:57,720 [INFO]   [Knives_MW] start=190...
2026-04-25 16:18:58,018 [INFO]   [Knives_MW] +10 itens | total desta cat: 200/686
2026-04-25 16:19:00,989 [INFO]   [Knives_MW] start=200...
2026-04-25 16:19:01,311 [INFO]   [Knives_MW] +10 itens | total desta cat: 210/686
2026-04-25 16:19:03,511 [INFO]   [Knives_MW] start=210...
2026-04-25 16:19:03,789 [INFO]   [Knives_MW] +10 itens | total desta cat: 220/686
2026-04-25 16:19:06,736 [INFO]   [Knives_MW] start=220...
2026-04-25 16:19:07,007 [INFO]   [Knives_MW] +10 itens | total desta cat: 230/686
2026-04-25 16:19:08,815 [INFO]   [Knives_MW] start=230...
2026-04-25 16:19:09,107 [INFO]   [Knives_MW] +10 itens | total desta cat: 240/686
2026-04-25 16:19:11,496 [INFO]   [Knives_MW] start=240...
2026-04-25 16:19:11,792 [INFO]   [Knives_MW] +10 itens | total desta cat: 250/686
2026-04-25 16:19:14,765 [INFO]   [Knives_MW] start=250...
2026-04-25 16:19:15,035 [INFO]   [Knives_MW] +10 itens | total desta cat: 260/686
2026-04-25 16:19:17,304 [INFO]   [Knives_MW] start=260...
2026-04-25 16:19:17,572 [INFO]   [Knives_MW] +10 itens | total desta cat: 270/686
2026-04-25 16:19:19,853 [INFO]   [Knives_MW] start=270...
2026-04-25 16:19:20,114 [INFO]   [Knives_MW] +10 itens | total desta cat: 280/686
2026-04-25 16:19:21,920 [INFO]   [Knives_MW] start=280...
2026-04-25 16:19:22,195 [INFO]   [Knives_MW] +10 itens | total desta cat: 290/686
2026-04-25 16:19:23,988 [INFO]   [Knives_MW] start=290...
2026-04-25 16:19:25,937 [INFO]   [Knives_MW] +10 itens | total desta cat: 300/686
2026-04-25 16:19:28,157 [INFO]   [Knives_MW] start=300...
2026-04-25 16:19:28,446 [INFO]   [Knives_MW] +10 itens | total desta cat: 310/686
2026-04-25 16:19:30,685 [INFO]   [Knives_MW] start=310...
2026-04-25 16:19:30,962 [INFO]   [Knives_MW] +10 itens | total desta cat: 320/686
2026-04-25 16:19:32,510 [INFO]   [Knives_MW] start=320...
2026-04-25 16:19:32,782 [INFO]   [Knives_MW] +10 itens | total desta cat: 330/686
2026-04-25 16:19:35,735 [INFO]   [Knives_MW] start=330...
2026-04-25 16:19:36,011 [INFO]   [Knives_MW] +10 itens | total desta cat: 340/686
2026-04-25 16:19:38,783 [INFO]   [Knives_MW] start=340...
2026-04-25 16:19:39,140 [INFO]   [Knives_MW] +10 itens | total desta cat: 350/686
2026-04-25 16:19:41,264 [INFO]   [Knives_MW] start=350...
2026-04-25 16:19:41,540 [INFO]   [Knives_MW] +10 itens | total desta cat: 360/686
2026-04-25 16:19:44,522 [INFO]   [Knives_MW] start=360...
2026-04-25 16:19:44,831 [INFO]   [Knives_MW] +10 itens | total desta cat: 370/686
2026-04-25 16:19:47,265 [INFO]   [Knives_MW] start=370...
2026-04-25 16:19:47,530 [INFO]   [Knives_MW] +10 itens | total desta cat: 380/686
2026-04-25 16:19:50,298 [INFO]   [Knives_MW] start=380...
2026-04-25 16:19:50,563 [INFO]   [Knives_MW] +10 itens | total desta cat: 390/686
2026-04-25 16:19:52,423 [INFO]   [Knives_MW] start=390...
2026-04-25 16:19:52,704 [INFO]   [Knives_MW] +10 itens | total desta cat: 400/686
2026-04-25 16:19:54,887 [INFO]   [Knives_MW] start=400...
2026-04-25 16:19:55,150 [INFO]   [Knives_MW] +10 itens | total desta cat: 410/686
2026-04-25 16:19:57,541 [INFO]   [Knives_MW] start=410...
2026-04-25 16:19:57,867 [INFO]   [Knives_MW] +10 itens | total desta cat: 420/686
2026-04-25 16:20:00,491 [INFO]   [Knives_MW] start=420...
2026-04-25 16:20:00,771 [INFO]   [Knives_MW] +10 itens | total desta cat: 430/686
2026-04-25 16:20:03,067 [INFO]   [Knives_MW] start=430...
2026-04-25 16:20:03,352 [INFO]   [Knives_MW] +10 itens | total desta cat: 440/686
2026-04-25 16:20:05,975 [INFO]   [Knives_MW] start=440...
2026-04-25 16:20:06,270 [INFO]   [Knives_MW] +10 itens | total desta cat: 450/686
2026-04-25 16:20:08,571 [INFO]   [Knives_MW] start=450...
2026-04-25 16:20:08,864 [INFO]   [Knives_MW] +10 itens | total desta cat: 460/686
2026-04-25 16:20:10,614 [INFO]   [Knives_MW] start=460...
2026-04-25 16:20:10,891 [INFO]   [Knives_MW] +10 itens | total desta cat: 470/686
2026-04-25 16:20:12,818 [INFO]   [Knives_MW] start=470...
2026-04-25 16:20:13,107 [INFO]   [Knives_MW] +10 itens | total desta cat: 480/686
2026-04-25 16:20:15,539 [INFO]   [Knives_MW] start=480...
2026-04-25 16:20:15,823 [INFO]   [Knives_MW] +10 itens | total desta cat: 490/686
2026-04-25 16:20:17,557 [INFO]   [Knives_MW] start=490...
2026-04-25 16:20:17,768 [WARNING] Rate limited (429). A aguardar 60s...
2026-04-25 16:21:18,069 [INFO]   [Knives_MW] +10 itens | total desta cat: 500/686
2026-04-25 16:21:19,665 [INFO]   [Knives_MW] start=500...
2026-04-25 16:21:19,947 [INFO]   [Knives_MW] +10 itens | total desta cat: 510/686
2026-04-25 16:21:22,368 [INFO]   [Knives_MW] start=510...
2026-04-25 16:21:22,649 [INFO]   [Knives_MW] +10 itens | total desta cat: 520/686
2026-04-25 16:21:25,086 [INFO]   [Knives_MW] start=520...
2026-04-25 16:21:25,396 [INFO]   [Knives_MW] +10 itens | total desta cat: 530/686
2026-04-25 16:21:27,245 [INFO]   [Knives_MW] start=530...
2026-04-25 16:21:27,524 [INFO]   [Knives_MW] +10 itens | total desta cat: 540/686
2026-04-25 16:21:29,035 [INFO]   [Knives_MW] start=540...
2026-04-25 16:21:29,312 [INFO]   [Knives_MW] +10 itens | total desta cat: 550/686
2026-04-25 16:21:31,403 [INFO]   [Knives_MW] start=550...
2026-04-25 16:21:31,674 [INFO]   [Knives_MW] +10 itens | total desta cat: 560/686
2026-04-25 16:21:33,216 [INFO]   [Knives_MW] start=560...
2026-04-25 16:21:33,488 [INFO]   [Knives_MW] +10 itens | total desta cat: 570/686
2026-04-25 16:21:36,067 [INFO]   [Knives_MW] start=570...
2026-04-25 16:21:36,353 [INFO]   [Knives_MW] +10 itens | total desta cat: 580/686
2026-04-25 16:21:38,080 [INFO]   [Knives_MW] start=580...
2026-04-25 16:21:38,363 [INFO]   [Knives_MW] +10 itens | total desta cat: 590/686
2026-04-25 16:21:40,384 [INFO]   [Knives_MW] start=590...
2026-04-25 16:21:40,658 [INFO]   [Knives_MW] +10 itens | total desta cat: 600/686
2026-04-25 16:21:43,527 [INFO]   [Knives_MW] start=600...
2026-04-25 16:21:43,815 [INFO]   [Knives_MW] +10 itens | total desta cat: 610/686
2026-04-25 16:21:46,456 [INFO]   [Knives_MW] start=610...
2026-04-25 16:21:46,753 [INFO]   [Knives_MW] +10 itens | total desta cat: 620/686
2026-04-25 16:21:49,542 [INFO]   [Knives_MW] start=620...
2026-04-25 16:21:49,823 [INFO]   [Knives_MW] +10 itens | total desta cat: 630/686
2026-04-25 16:21:52,199 [INFO]   [Knives_MW] start=630...
2026-04-25 16:21:52,544 [INFO]   [Knives_MW] +10 itens | total desta cat: 640/686
2026-04-25 16:21:54,762 [INFO]   [Knives_MW] start=640...
2026-04-25 16:21:55,068 [INFO]   [Knives_MW] +10 itens | total desta cat: 650/686
2026-04-25 16:21:57,295 [INFO]   [Knives_MW] start=650...
2026-04-25 16:21:57,566 [INFO]   [Knives_MW] +10 itens | total desta cat: 660/686
2026-04-25 16:21:59,742 [INFO]   [Knives_MW] start=660...
2026-04-25 16:22:00,062 [INFO]   [Knives_MW] +10 itens | total desta cat: 670/686
2026-04-25 16:22:02,915 [INFO]   [Knives_MW] start=670...
2026-04-25 16:22:03,218 [INFO]   [Knives_MW] +10 itens | total desta cat: 680/686
2026-04-25 16:22:05,793 [INFO]   [Knives_MW] start=680...
2026-04-25 16:22:06,076 [INFO]   [Knives_MW] +6 itens | total desta cat: 686/686
2026-04-25 16:22:06,076 [INFO]   [Knives_MW] ✓ 686 itens recolhidos.
2026-04-25 16:22:06,440 [INFO] 💾 Guardado: 9553 itens únicos → cs2_market_prices.json + cs2_market_prices.csv
2026-04-25 16:22:06,440 [INFO] ⏸  Pausa entre categorias: 5.8s
2026-04-25 16:22:12,205 [INFO] [9/27] A processar: Knives_FT
2026-04-25 16:22:12,205 [INFO] ━━━ Categoria: Knives_FT ━━━
2026-04-25 16:22:12,205 [INFO]   [Knives_FT] start=0...
2026-04-25 16:22:12,486 [INFO]   [Knives_FT] +10 itens | total desta cat: 10/607
2026-04-25 16:22:14,765 [INFO]   [Knives_FT] start=10...
2026-04-25 16:22:15,090 [INFO]   [Knives_FT] +10 itens | total desta cat: 20/607
2026-04-25 16:22:17,043 [INFO]   [Knives_FT] start=20...
2026-04-25 16:22:17,325 [INFO]   [Knives_FT] +10 itens | total desta cat: 30/607
2026-04-25 16:22:19,539 [INFO]   [Knives_FT] start=30...
2026-04-25 16:22:19,817 [INFO]   [Knives_FT] +10 itens | total desta cat: 40/607
2026-04-25 16:22:22,579 [INFO]   [Knives_FT] start=40...
2026-04-25 16:22:22,844 [INFO]   [Knives_FT] +10 itens | total desta cat: 50/607
2026-04-25 16:22:24,895 [INFO]   [Knives_FT] start=50...
2026-04-25 16:22:25,179 [INFO]   [Knives_FT] +10 itens | total desta cat: 60/607
2026-04-25 16:22:28,000 [INFO]   [Knives_FT] start=60...
2026-04-25 16:22:28,290 [INFO]   [Knives_FT] +10 itens | total desta cat: 70/607
2026-04-25 16:22:30,236 [INFO]   [Knives_FT] start=70...
2026-04-25 16:22:30,542 [INFO]   [Knives_FT] +10 itens | total desta cat: 80/607
2026-04-25 16:22:33,429 [INFO]   [Knives_FT] start=80...
2026-04-25 16:22:33,708 [INFO]   [Knives_FT] +10 itens | total desta cat: 90/607
2026-04-25 16:22:35,411 [INFO]   [Knives_FT] start=90...
2026-04-25 16:22:35,689 [INFO]   [Knives_FT] +10 itens | total desta cat: 100/607
2026-04-25 16:22:37,298 [INFO]   [Knives_FT] start=100...
2026-04-25 16:22:37,579 [INFO]   [Knives_FT] +10 itens | total desta cat: 110/607
2026-04-25 16:22:40,297 [INFO]   [Knives_FT] start=110...
2026-04-25 16:22:40,583 [INFO]   [Knives_FT] +10 itens | total desta cat: 120/607
2026-04-25 16:22:43,564 [INFO]   [Knives_FT] start=120...
2026-04-25 16:22:43,839 [INFO]   [Knives_FT] +10 itens | total desta cat: 130/607
2026-04-25 16:22:46,648 [INFO]   [Knives_FT] start=130...
2026-04-25 16:22:46,942 [INFO]   [Knives_FT] +10 itens | total desta cat: 140/607
2026-04-25 16:22:48,971 [INFO]   [Knives_FT] start=140...
2026-04-25 16:22:49,274 [INFO]   [Knives_FT] +10 itens | total desta cat: 150/607
2026-04-25 16:22:51,876 [INFO]   [Knives_FT] start=150...
2026-04-25 16:22:52,182 [INFO]   [Knives_FT] +10 itens | total desta cat: 160/607
2026-04-25 16:22:54,802 [INFO]   [Knives_FT] start=160...
2026-04-25 16:22:55,092 [INFO]   [Knives_FT] +10 itens | total desta cat: 170/607
2026-04-25 16:22:56,951 [INFO]   [Knives_FT] start=170...
2026-04-25 16:22:57,231 [INFO]   [Knives_FT] +10 itens | total desta cat: 180/607
2026-04-25 16:22:59,095 [INFO]   [Knives_FT] start=180...
2026-04-25 16:22:59,369 [INFO]   [Knives_FT] +10 itens | total desta cat: 190/607
2026-04-25 16:23:01,849 [INFO]   [Knives_FT] start=190...
2026-04-25 16:23:02,124 [INFO]   [Knives_FT] +10 itens | total desta cat: 200/607
2026-04-25 16:23:04,291 [INFO]   [Knives_FT] start=200...
2026-04-25 16:23:04,557 [INFO]   [Knives_FT] +10 itens | total desta cat: 210/607
2026-04-25 16:23:06,227 [INFO]   [Knives_FT] start=210...
2026-04-25 16:23:06,559 [INFO]   [Knives_FT] +10 itens | total desta cat: 220/607
2026-04-25 16:23:08,786 [INFO]   [Knives_FT] start=220...
2026-04-25 16:23:09,065 [INFO]   [Knives_FT] +10 itens | total desta cat: 230/607
2026-04-25 16:23:11,489 [INFO]   [Knives_FT] start=230...
2026-04-25 16:23:11,764 [INFO]   [Knives_FT] +10 itens | total desta cat: 240/607
2026-04-25 16:23:14,311 [INFO]   [Knives_FT] start=240...
2026-04-25 16:23:14,598 [INFO]   [Knives_FT] +10 itens | total desta cat: 250/607
2026-04-25 16:23:17,195 [INFO]   [Knives_FT] start=250...
2026-04-25 16:23:17,480 [INFO]   [Knives_FT] +10 itens | total desta cat: 260/607
2026-04-25 16:23:20,066 [INFO]   [Knives_FT] start=260...
2026-04-25 16:23:20,362 [INFO]   [Knives_FT] +10 itens | total desta cat: 270/607
2026-04-25 16:23:23,097 [INFO]   [Knives_FT] start=270...
2026-04-25 16:23:23,432 [INFO]   [Knives_FT] +10 itens | total desta cat: 280/607
2026-04-25 16:23:26,224 [INFO]   [Knives_FT] start=280...
2026-04-25 16:23:26,534 [INFO]   [Knives_FT] +10 itens | total desta cat: 290/607
2026-04-25 16:23:28,564 [INFO]   [Knives_FT] start=290...
2026-04-25 16:23:28,837 [INFO]   [Knives_FT] +10 itens | total desta cat: 300/607
2026-04-25 16:23:31,789 [INFO]   [Knives_FT] start=300...
2026-04-25 16:23:32,072 [INFO]   [Knives_FT] +10 itens | total desta cat: 310/607
2026-04-25 16:23:33,912 [INFO]   [Knives_FT] start=310...
2026-04-25 16:23:34,192 [INFO]   [Knives_FT] +10 itens | total desta cat: 320/607
2026-04-25 16:23:37,119 [INFO]   [Knives_FT] start=320...
2026-04-25 16:23:37,396 [INFO]   [Knives_FT] +10 itens | total desta cat: 330/607
2026-04-25 16:23:40,090 [INFO]   [Knives_FT] start=330...
2026-04-25 16:23:40,355 [INFO]   [Knives_FT] +10 itens | total desta cat: 340/607
2026-04-25 16:23:42,259 [INFO]   [Knives_FT] start=340...
2026-04-25 16:23:42,545 [INFO]   [Knives_FT] +10 itens | total desta cat: 350/607
2026-04-25 16:23:44,965 [INFO]   [Knives_FT] start=350...
2026-04-25 16:23:45,240 [INFO]   [Knives_FT] +10 itens | total desta cat: 360/607
2026-04-25 16:23:47,273 [INFO]   [Knives_FT] start=360...
2026-04-25 16:23:47,555 [INFO]   [Knives_FT] +10 itens | total desta cat: 370/607
2026-04-25 16:23:49,490 [INFO]   [Knives_FT] start=370...
2026-04-25 16:23:49,764 [INFO]   [Knives_FT] +10 itens | total desta cat: 380/607
2026-04-25 16:23:51,782 [INFO]   [Knives_FT] start=380...
2026-04-25 16:23:52,046 [INFO]   [Knives_FT] +10 itens | total desta cat: 390/607
2026-04-25 16:23:54,456 [INFO]   [Knives_FT] start=390...
2026-04-25 16:23:54,725 [INFO]   [Knives_FT] +10 itens | total desta cat: 400/607
2026-04-25 16:23:57,141 [INFO]   [Knives_FT] start=400...
2026-04-25 16:23:57,430 [INFO]   [Knives_FT] +10 itens | total desta cat: 410/607
2026-04-25 16:23:59,838 [INFO]   [Knives_FT] start=410...
2026-04-25 16:24:00,105 [INFO]   [Knives_FT] +10 itens | total desta cat: 420/607
2026-04-25 16:24:02,837 [INFO]   [Knives_FT] start=420...
2026-04-25 16:24:03,113 [INFO]   [Knives_FT] +10 itens | total desta cat: 430/607
2026-04-25 16:24:05,162 [INFO]   [Knives_FT] start=430...
2026-04-25 16:24:05,453 [INFO]   [Knives_FT] +10 itens | total desta cat: 440/607
2026-04-25 16:24:08,313 [INFO]   [Knives_FT] start=440...
2026-04-25 16:24:08,595 [INFO]   [Knives_FT] +10 itens | total desta cat: 450/607
2026-04-25 16:24:11,228 [INFO]   [Knives_FT] start=450...
2026-04-25 16:24:11,497 [INFO]   [Knives_FT] +10 itens | total desta cat: 460/607
2026-04-25 16:24:14,200 [INFO]   [Knives_FT] start=460...
2026-04-25 16:24:14,480 [INFO]   [Knives_FT] +10 itens | total desta cat: 470/607
2026-04-25 16:24:17,279 [INFO]   [Knives_FT] start=470...
2026-04-25 16:24:17,561 [INFO]   [Knives_FT] +10 itens | total desta cat: 480/607
2026-04-25 16:24:20,539 [INFO]   [Knives_FT] start=480...
2026-04-25 16:24:20,833 [INFO]   [Knives_FT] +10 itens | total desta cat: 490/607
2026-04-25 16:24:22,753 [INFO]   [Knives_FT] start=490...
2026-04-25 16:24:23,027 [INFO]   [Knives_FT] +10 itens | total desta cat: 500/607
2026-04-25 16:24:25,151 [INFO]   [Knives_FT] start=500...
2026-04-25 16:24:25,419 [INFO]   [Knives_FT] +10 itens | total desta cat: 510/607
2026-04-25 16:24:27,974 [INFO]   [Knives_FT] start=510...
2026-04-25 16:24:28,266 [INFO]   [Knives_FT] +10 itens | total desta cat: 520/607
2026-04-25 16:24:30,313 [INFO]   [Knives_FT] start=520...
2026-04-25 16:24:30,583 [INFO]   [Knives_FT] +10 itens | total desta cat: 530/607
2026-04-25 16:24:32,282 [INFO]   [Knives_FT] start=530...
2026-04-25 16:24:32,582 [INFO]   [Knives_FT] +10 itens | total desta cat: 540/607
2026-04-25 16:24:35,331 [INFO]   [Knives_FT] start=540...
2026-04-25 16:24:35,602 [INFO]   [Knives_FT] +10 itens | total desta cat: 550/607
2026-04-25 16:24:38,470 [INFO]   [Knives_FT] start=550...
2026-04-25 16:24:38,743 [INFO]   [Knives_FT] +10 itens | total desta cat: 560/607
2026-04-25 16:24:41,536 [INFO]   [Knives_FT] start=560...
2026-04-25 16:24:41,828 [INFO]   [Knives_FT] +10 itens | total desta cat: 570/607
2026-04-25 16:24:43,935 [INFO]   [Knives_FT] start=570...
2026-04-25 16:24:44,212 [INFO]   [Knives_FT] +10 itens | total desta cat: 580/607
2026-04-25 16:24:47,161 [INFO]   [Knives_FT] start=580...
2026-04-25 16:24:47,446 [INFO]   [Knives_FT] +10 itens | total desta cat: 590/607
2026-04-25 16:24:50,067 [INFO]   [Knives_FT] start=590...
2026-04-25 16:24:50,341 [INFO]   [Knives_FT] +10 itens | total desta cat: 600/607
2026-04-25 16:24:52,172 [INFO]   [Knives_FT] start=600...
2026-04-25 16:24:52,445 [INFO]   [Knives_FT] +7 itens | total desta cat: 607/607
2026-04-25 16:24:52,445 [INFO]   [Knives_FT] ✓ 607 itens recolhidos.
2026-04-25 16:24:52,822 [INFO] 💾 Guardado: 9991 itens únicos → cs2_market_prices.json + cs2_market_prices.csv
2026-04-25 16:24:52,822 [INFO] ⏸  Pausa entre categorias: 5.0s
2026-04-25 16:24:57,790 [INFO] [10/27] A processar: Knives_WW
2026-04-25 16:24:57,790 [INFO] ━━━ Categoria: Knives_WW ━━━
2026-04-25 16:24:57,790 [INFO]   [Knives_WW] start=0...
2026-04-25 16:24:58,053 [INFO]   [Knives_WW] +10 itens | total desta cat: 10/542
2026-04-25 16:25:00,103 [INFO]   [Knives_WW] start=10...
2026-04-25 16:25:00,379 [INFO]   [Knives_WW] +10 itens | total desta cat: 20/542
2026-04-25 16:25:02,813 [INFO]   [Knives_WW] start=20...
2026-04-25 16:25:03,102 [INFO]   [Knives_WW] +10 itens | total desta cat: 30/542
2026-04-25 16:25:05,230 [INFO]   [Knives_WW] start=30...
2026-04-25 16:25:05,514 [INFO]   [Knives_WW] +10 itens | total desta cat: 40/542
2026-04-25 16:25:08,254 [INFO]   [Knives_WW] start=40...
2026-04-25 16:25:08,532 [INFO]   [Knives_WW] +10 itens | total desta cat: 50/542
2026-04-25 16:25:10,119 [INFO]   [Knives_WW] start=50...
2026-04-25 16:25:10,387 [INFO]   [Knives_WW] +10 itens | total desta cat: 60/542
2026-04-25 16:25:13,101 [INFO]   [Knives_WW] start=60...
2026-04-25 16:25:13,410 [INFO]   [Knives_WW] +10 itens | total desta cat: 70/542
2026-04-25 16:25:15,717 [INFO]   [Knives_WW] start=70...
2026-04-25 16:25:16,005 [INFO]   [Knives_WW] +10 itens | total desta cat: 80/542
2026-04-25 16:25:17,698 [INFO]   [Knives_WW] start=80...
2026-04-25 16:25:17,969 [INFO]   [Knives_WW] +10 itens | total desta cat: 90/542
2026-04-25 16:25:20,353 [INFO]   [Knives_WW] start=90...
2026-04-25 16:25:20,627 [INFO]   [Knives_WW] +10 itens | total desta cat: 100/542
2026-04-25 16:25:22,395 [INFO]   [Knives_WW] start=100...
2026-04-25 16:25:22,669 [INFO]   [Knives_WW] +10 itens | total desta cat: 110/542
2026-04-25 16:25:24,242 [INFO]   [Knives_WW] start=110...
2026-04-25 16:25:24,513 [INFO]   [Knives_WW] +10 itens | total desta cat: 120/542
2026-04-25 16:25:26,999 [INFO]   [Knives_WW] start=120...
2026-04-25 16:25:27,305 [INFO]   [Knives_WW] +10 itens | total desta cat: 130/542
2026-04-25 16:25:28,900 [INFO]   [Knives_WW] start=130...
2026-04-25 16:25:29,172 [INFO]   [Knives_WW] +10 itens | total desta cat: 140/542
2026-04-25 16:25:30,761 [INFO]   [Knives_WW] start=140...
2026-04-25 16:25:31,025 [INFO]   [Knives_WW] +10 itens | total desta cat: 150/542
2026-04-25 16:25:33,777 [INFO]   [Knives_WW] start=150...
2026-04-25 16:25:34,074 [INFO]   [Knives_WW] +10 itens | total desta cat: 160/542
2026-04-25 16:25:35,575 [INFO]   [Knives_WW] start=160...
2026-04-25 16:25:35,845 [INFO]   [Knives_WW] +10 itens | total desta cat: 170/542
2026-04-25 16:25:38,739 [INFO]   [Knives_WW] start=170...
2026-04-25 16:25:39,010 [INFO]   [Knives_WW] +10 itens | total desta cat: 180/542
2026-04-25 16:25:40,593 [INFO]   [Knives_WW] start=180...
2026-04-25 16:25:40,873 [INFO]   [Knives_WW] +10 itens | total desta cat: 190/542
2026-04-25 16:25:43,861 [INFO]   [Knives_WW] start=190...
2026-04-25 16:25:44,083 [WARNING] Rate limited (429). A aguardar 60s...
2026-04-25 16:26:44,364 [INFO]   [Knives_WW] +10 itens | total desta cat: 200/542
2026-04-25 16:26:46,381 [INFO]   [Knives_WW] start=200...
2026-04-25 16:26:46,657 [INFO]   [Knives_WW] +10 itens | total desta cat: 210/542
2026-04-25 16:26:48,745 [INFO]   [Knives_WW] start=210...
2026-04-25 16:26:49,015 [INFO]   [Knives_WW] +10 itens | total desta cat: 220/542
2026-04-25 16:26:50,708 [INFO]   [Knives_WW] start=220...
2026-04-25 16:26:50,982 [INFO]   [Knives_WW] +10 itens | total desta cat: 230/542
2026-04-25 16:26:53,168 [INFO]   [Knives_WW] start=230...
2026-04-25 16:26:53,449 [INFO]   [Knives_WW] +10 itens | total desta cat: 240/542
2026-04-25 16:26:54,983 [INFO]   [Knives_WW] start=240...
2026-04-25 16:26:55,256 [INFO]   [Knives_WW] +10 itens | total desta cat: 250/542
2026-04-25 16:26:57,043 [INFO]   [Knives_WW] start=250...
2026-04-25 16:26:57,316 [INFO]   [Knives_WW] +10 itens | total desta cat: 260/542
2026-04-25 16:26:58,882 [INFO]   [Knives_WW] start=260...
2026-04-25 16:26:59,186 [INFO]   [Knives_WW] +10 itens | total desta cat: 270/542
2026-04-25 16:27:01,140 [INFO]   [Knives_WW] start=270...
2026-04-25 16:27:01,412 [INFO]   [Knives_WW] +10 itens | total desta cat: 280/542
2026-04-25 16:27:03,800 [INFO]   [Knives_WW] start=280...
2026-04-25 16:27:04,077 [INFO]   [Knives_WW] +10 itens | total desta cat: 290/542
2026-04-25 16:27:06,203 [INFO]   [Knives_WW] start=290...
2026-04-25 16:27:06,470 [INFO]   [Knives_WW] +10 itens | total desta cat: 300/542
2026-04-25 16:27:08,199 [INFO]   [Knives_WW] start=300...
2026-04-25 16:27:08,528 [INFO]   [Knives_WW] +10 itens | total desta cat: 310/542
2026-04-25 16:27:11,312 [INFO]   [Knives_WW] start=310...
2026-04-25 16:27:12,092 [INFO]   [Knives_WW] +10 itens | total desta cat: 320/542
2026-04-25 16:27:14,917 [INFO]   [Knives_WW] start=320...
2026-04-25 16:27:15,198 [INFO]   [Knives_WW] +10 itens | total desta cat: 330/542
2026-04-25 16:27:17,695 [INFO]   [Knives_WW] start=330...
2026-04-25 16:27:17,965 [INFO]   [Knives_WW] +10 itens | total desta cat: 340/542
2026-04-25 16:27:19,627 [INFO]   [Knives_WW] start=340...
2026-04-25 16:27:19,896 [INFO]   [Knives_WW] +10 itens | total desta cat: 350/542
2026-04-25 16:27:22,166 [INFO]   [Knives_WW] start=350...
2026-04-25 16:27:22,450 [INFO]   [Knives_WW] +10 itens | total desta cat: 360/542
2026-04-25 16:27:24,047 [INFO]   [Knives_WW] start=360...
2026-04-25 16:27:24,330 [INFO]   [Knives_WW] +10 itens | total desta cat: 370/542
2026-04-25 16:27:26,569 [INFO]   [Knives_WW] start=370...
2026-04-25 16:27:26,851 [INFO]   [Knives_WW] +10 itens | total desta cat: 380/542
2026-04-25 16:27:29,479 [INFO]   [Knives_WW] start=380...
2026-04-25 16:27:29,761 [INFO]   [Knives_WW] +10 itens | total desta cat: 390/542
2026-04-25 16:27:31,494 [INFO]   [Knives_WW] start=390...
2026-04-25 16:27:31,788 [INFO]   [Knives_WW] +10 itens | total desta cat: 400/542
2026-04-25 16:27:33,381 [INFO]   [Knives_WW] start=400...
2026-04-25 16:27:33,654 [INFO]   [Knives_WW] +10 itens | total desta cat: 410/542
2026-04-25 16:27:35,564 [INFO]   [Knives_WW] start=410...
2026-04-25 16:27:35,846 [INFO]   [Knives_WW] +10 itens | total desta cat: 420/542
2026-04-25 16:27:38,428 [INFO]   [Knives_WW] start=420...
2026-04-25 16:27:38,750 [INFO]   [Knives_WW] +10 itens | total desta cat: 430/542
2026-04-25 16:27:40,666 [INFO]   [Knives_WW] start=430...
2026-04-25 16:27:40,944 [INFO]   [Knives_WW] +10 itens | total desta cat: 440/542
2026-04-25 16:27:43,721 [INFO]   [Knives_WW] start=440...
2026-04-25 16:27:44,010 [INFO]   [Knives_WW] +10 itens | total desta cat: 450/542
2026-04-25 16:27:45,923 [INFO]   [Knives_WW] start=450...
2026-04-25 16:27:46,189 [INFO]   [Knives_WW] +10 itens | total desta cat: 460/542
2026-04-25 16:27:49,180 [INFO]   [Knives_WW] start=460...
2026-04-25 16:27:49,452 [INFO]   [Knives_WW] +10 itens | total desta cat: 470/542
2026-04-25 16:27:52,200 [INFO]   [Knives_WW] start=470...
2026-04-25 16:27:52,508 [INFO]   [Knives_WW] +10 itens | total desta cat: 480/542
2026-04-25 16:27:54,902 [INFO]   [Knives_WW] start=480...
2026-04-25 16:27:55,179 [INFO]   [Knives_WW] +10 itens | total desta cat: 490/542
2026-04-25 16:27:57,127 [INFO]   [Knives_WW] start=490...
2026-04-25 16:27:57,399 [INFO]   [Knives_WW] +10 itens | total desta cat: 500/542
2026-04-25 16:27:59,644 [INFO]   [Knives_WW] start=500...
2026-04-25 16:27:59,921 [INFO]   [Knives_WW] +10 itens | total desta cat: 510/542
2026-04-25 16:28:02,190 [INFO]   [Knives_WW] start=510...
2026-04-25 16:28:02,466 [INFO]   [Knives_WW] +10 itens | total desta cat: 520/542
2026-04-25 16:28:04,709 [INFO]   [Knives_WW] start=520...
2026-04-25 16:28:04,978 [INFO]   [Knives_WW] +10 itens | total desta cat: 530/542
2026-04-25 16:28:07,695 [INFO]   [Knives_WW] start=530...
2026-04-25 16:28:07,965 [INFO]   [Knives_WW] +10 itens | total desta cat: 540/542
2026-04-25 16:28:10,289 [INFO]   [Knives_WW] start=540...
2026-04-25 16:28:10,560 [INFO]   [Knives_WW] +2 itens | total desta cat: 542/542
2026-04-25 16:28:10,560 [INFO]   [Knives_WW] ✓ 542 itens recolhidos.
2026-04-25 16:28:10,929 [INFO] 💾 Guardado: 10367 itens únicos → cs2_market_prices.json + cs2_market_prices.csv
2026-04-25 16:28:10,930 [INFO] ⏸  Pausa entre categorias: 3.7s
2026-04-25 16:28:14,629 [INFO] [11/27] A processar: Knives_BS
2026-04-25 16:28:14,629 [INFO] ━━━ Categoria: Knives_BS ━━━
2026-04-25 16:28:14,630 [INFO]   [Knives_BS] start=0...
2026-04-25 16:28:14,898 [INFO]   [Knives_BS] +10 itens | total desta cat: 10/554
2026-04-25 16:28:17,770 [INFO]   [Knives_BS] start=10...
2026-04-25 16:28:18,036 [INFO]   [Knives_BS] +10 itens | total desta cat: 20/554
2026-04-25 16:28:20,776 [INFO]   [Knives_BS] start=20...
2026-04-25 16:28:21,047 [INFO]   [Knives_BS] +10 itens | total desta cat: 30/554
2026-04-25 16:28:22,925 [INFO]   [Knives_BS] start=30...
2026-04-25 16:28:23,195 [INFO]   [Knives_BS] +10 itens | total desta cat: 40/554
2026-04-25 16:28:25,673 [INFO]   [Knives_BS] start=40...
2026-04-25 16:28:25,961 [INFO]   [Knives_BS] +10 itens | total desta cat: 50/554
2026-04-25 16:28:27,630 [INFO]   [Knives_BS] start=50...
2026-04-25 16:28:27,912 [INFO]   [Knives_BS] +10 itens | total desta cat: 60/554
2026-04-25 16:28:29,436 [INFO]   [Knives_BS] start=60...
2026-04-25 16:28:29,711 [INFO]   [Knives_BS] +10 itens | total desta cat: 70/554
2026-04-25 16:28:31,954 [INFO]   [Knives_BS] start=70...
2026-04-25 16:28:32,228 [INFO]   [Knives_BS] +10 itens | total desta cat: 80/554
2026-04-25 16:28:34,611 [INFO]   [Knives_BS] start=80...
2026-04-25 16:28:34,914 [INFO]   [Knives_BS] +10 itens | total desta cat: 90/554
2026-04-25 16:28:37,410 [INFO]   [Knives_BS] start=90...
2026-04-25 16:28:37,685 [INFO]   [Knives_BS] +10 itens | total desta cat: 100/554
2026-04-25 16:28:39,605 [INFO]   [Knives_BS] start=100...
2026-04-25 16:28:39,880 [INFO]   [Knives_BS] +10 itens | total desta cat: 110/554
2026-04-25 16:28:42,441 [INFO]   [Knives_BS] start=110...
2026-04-25 16:28:42,755 [INFO]   [Knives_BS] +10 itens | total desta cat: 120/554
2026-04-25 16:28:44,529 [INFO]   [Knives_BS] start=120...
2026-04-25 16:28:44,793 [INFO]   [Knives_BS] +10 itens | total desta cat: 130/554
2026-04-25 16:28:46,695 [INFO]   [Knives_BS] start=130...
2026-04-25 16:28:46,987 [INFO]   [Knives_BS] +10 itens | total desta cat: 140/554
2026-04-25 16:28:48,756 [INFO]   [Knives_BS] start=140...
2026-04-25 16:28:49,055 [INFO]   [Knives_BS] +10 itens | total desta cat: 150/554
2026-04-25 16:28:51,377 [INFO]   [Knives_BS] start=150...
2026-04-25 16:28:51,655 [INFO]   [Knives_BS] +10 itens | total desta cat: 160/554
2026-04-25 16:28:53,478 [INFO]   [Knives_BS] start=160...
2026-04-25 16:28:53,762 [INFO]   [Knives_BS] +10 itens | total desta cat: 170/554
2026-04-25 16:28:55,401 [INFO]   [Knives_BS] start=170...
2026-04-25 16:28:55,671 [INFO]   [Knives_BS] +10 itens | total desta cat: 180/554
2026-04-25 16:28:57,254 [INFO]   [Knives_BS] start=180...
2026-04-25 16:28:57,584 [INFO]   [Knives_BS] +10 itens | total desta cat: 190/554
2026-04-25 16:28:59,330 [INFO]   [Knives_BS] start=190...
2026-04-25 16:28:59,597 [INFO]   [Knives_BS] +10 itens | total desta cat: 200/554
2026-04-25 16:29:01,921 [INFO]   [Knives_BS] start=200...
2026-04-25 16:29:02,202 [INFO]   [Knives_BS] +10 itens | total desta cat: 210/554
2026-04-25 16:29:03,798 [INFO]   [Knives_BS] start=210...
2026-04-25 16:29:04,094 [INFO]   [Knives_BS] +10 itens | total desta cat: 220/554
2026-04-25 16:29:06,863 [INFO]   [Knives_BS] start=220...
2026-04-25 16:29:07,162 [INFO]   [Knives_BS] +10 itens | total desta cat: 230/554
2026-04-25 16:29:09,310 [INFO]   [Knives_BS] start=230...
2026-04-25 16:29:09,605 [INFO]   [Knives_BS] +10 itens | total desta cat: 240/554
2026-04-25 16:29:11,944 [INFO]   [Knives_BS] start=240...
2026-04-25 16:29:12,223 [INFO]   [Knives_BS] +10 itens | total desta cat: 250/554
2026-04-25 16:29:14,966 [INFO]   [Knives_BS] start=250...
2026-04-25 16:29:15,236 [INFO]   [Knives_BS] +10 itens | total desta cat: 260/554
2026-04-25 16:29:17,752 [INFO]   [Knives_BS] start=260...
2026-04-25 16:29:18,018 [INFO]   [Knives_BS] +10 itens | total desta cat: 270/554
2026-04-25 16:29:20,882 [INFO]   [Knives_BS] start=270...
2026-04-25 16:29:21,181 [INFO]   [Knives_BS] +10 itens | total desta cat: 280/554
2026-04-25 16:29:22,982 [INFO]   [Knives_BS] start=280...
2026-04-25 16:29:23,400 [INFO]   [Knives_BS] +10 itens | total desta cat: 290/554
2026-04-25 16:29:25,532 [INFO]   [Knives_BS] start=290...
2026-04-25 16:29:25,818 [INFO]   [Knives_BS] +10 itens | total desta cat: 300/554
2026-04-25 16:29:28,537 [INFO]   [Knives_BS] start=300...
2026-04-25 16:29:28,812 [INFO]   [Knives_BS] +10 itens | total desta cat: 310/554
2026-04-25 16:29:31,391 [INFO]   [Knives_BS] start=310...
2026-04-25 16:29:31,661 [INFO]   [Knives_BS] +10 itens | total desta cat: 320/554
2026-04-25 16:29:34,534 [INFO]   [Knives_BS] start=320...
2026-04-25 16:29:34,809 [INFO]   [Knives_BS] +10 itens | total desta cat: 330/554
2026-04-25 16:29:37,668 [INFO]   [Knives_BS] start=330...
2026-04-25 16:29:37,947 [INFO]   [Knives_BS] +10 itens | total desta cat: 340/554
2026-04-25 16:29:40,861 [INFO]   [Knives_BS] start=340...
2026-04-25 16:29:41,114 [INFO]   [Knives_BS] +10 itens | total desta cat: 350/554
2026-04-25 16:29:43,402 [INFO]   [Knives_BS] start=350...
2026-04-25 16:29:43,701 [INFO]   [Knives_BS] +10 itens | total desta cat: 360/554
2026-04-25 16:29:45,208 [INFO]   [Knives_BS] start=360...
2026-04-25 16:29:45,479 [INFO]   [Knives_BS] +10 itens | total desta cat: 370/554
2026-04-25 16:29:48,315 [INFO]   [Knives_BS] start=370...
2026-04-25 16:29:48,593 [INFO]   [Knives_BS] +10 itens | total desta cat: 380/554
2026-04-25 16:29:50,332 [INFO]   [Knives_BS] start=380...
2026-04-25 16:29:50,592 [INFO]   [Knives_BS] +10 itens | total desta cat: 390/554
2026-04-25 16:29:53,024 [INFO]   [Knives_BS] start=390...
2026-04-25 16:29:53,286 [INFO]   [Knives_BS] +10 itens | total desta cat: 400/554
2026-04-25 16:29:55,887 [INFO]   [Knives_BS] start=400...
2026-04-25 16:29:56,174 [INFO]   [Knives_BS] +10 itens | total desta cat: 410/554
2026-04-25 16:29:58,078 [INFO]   [Knives_BS] start=410...
2026-04-25 16:29:58,798 [INFO]   [Knives_BS] +10 itens | total desta cat: 420/554
2026-04-25 16:30:01,005 [INFO]   [Knives_BS] start=420...
2026-04-25 16:30:01,286 [INFO]   [Knives_BS] +10 itens | total desta cat: 430/554
2026-04-25 16:30:03,826 [INFO]   [Knives_BS] start=430...
2026-04-25 16:30:04,109 [INFO]   [Knives_BS] +10 itens | total desta cat: 440/554
2026-04-25 16:30:06,460 [INFO]   [Knives_BS] start=440...
2026-04-25 16:30:06,740 [INFO]   [Knives_BS] +10 itens | total desta cat: 450/554
2026-04-25 16:30:09,602 [INFO]   [Knives_BS] start=450...
2026-04-25 16:30:09,876 [INFO]   [Knives_BS] +10 itens | total desta cat: 460/554
2026-04-25 16:30:12,664 [INFO]   [Knives_BS] start=460...
2026-04-25 16:30:12,931 [INFO]   [Knives_BS] +10 itens | total desta cat: 470/554
2026-04-25 16:30:15,056 [INFO]   [Knives_BS] start=470...
2026-04-25 16:30:15,321 [INFO]   [Knives_BS] +10 itens | total desta cat: 480/554
2026-04-25 16:30:18,132 [INFO]   [Knives_BS] start=480...
2026-04-25 16:30:18,407 [INFO]   [Knives_BS] +10 itens | total desta cat: 490/554
2026-04-25 16:30:21,125 [INFO]   [Knives_BS] start=490...
2026-04-25 16:30:21,423 [INFO]   [Knives_BS] +10 itens | total desta cat: 500/554
2026-04-25 16:30:24,121 [INFO]   [Knives_BS] start=500...
2026-04-25 16:30:24,403 [INFO]   [Knives_BS] +10 itens | total desta cat: 510/554
2026-04-25 16:30:26,739 [INFO]   [Knives_BS] start=510...
2026-04-25 16:30:27,006 [INFO]   [Knives_BS] +10 itens | total desta cat: 520/554
2026-04-25 16:30:29,809 [INFO]   [Knives_BS] start=520...
2026-04-25 16:30:30,120 [INFO]   [Knives_BS] +10 itens | total desta cat: 530/554
2026-04-25 16:30:33,014 [INFO]   [Knives_BS] start=530...
2026-04-25 16:30:33,289 [INFO]   [Knives_BS] +10 itens | total desta cat: 540/554
2026-04-25 16:30:35,478 [INFO]   [Knives_BS] start=540...
2026-04-25 16:30:35,747 [INFO]   [Knives_BS] +10 itens | total desta cat: 550/554
2026-04-25 16:30:37,276 [INFO]   [Knives_BS] start=550...
2026-04-25 16:30:37,558 [INFO]   [Knives_BS] +4 itens | total desta cat: 554/554
2026-04-25 16:30:37,559 [INFO]   [Knives_BS] ✓ 554 itens recolhidos.
2026-04-25 16:30:37,951 [INFO] 💾 Guardado: 10766 itens únicos → cs2_market_prices.json + cs2_market_prices.csv
2026-04-25 16:30:37,951 [INFO] ⏸  Pausa entre categorias: 5.4s
2026-04-25 16:30:43,329 [INFO] [12/27] A processar: Gloves_FN
2026-04-25 16:30:43,329 [INFO] ━━━ Categoria: Gloves_FN ━━━
2026-04-25 16:30:43,330 [INFO]   [Gloves_FN] start=0...
2026-04-25 16:30:43,602 [INFO]   [Gloves_FN] Sem mais resultados (total=0).
2026-04-25 16:30:43,602 [INFO]   [Gloves_FN] ✓ 0 itens recolhidos.
2026-04-25 16:30:44,052 [INFO] 💾 Guardado: 10766 itens únicos → cs2_market_prices.json + cs2_market_prices.csv
2026-04-25 16:30:44,053 [INFO] ⏸  Pausa entre categorias: 3.5s
2026-04-25 16:30:47,540 [INFO] [13/27] A processar: Gloves_MW
2026-04-25 16:30:47,540 [INFO] ━━━ Categoria: Gloves_MW ━━━
2026-04-25 16:30:47,540 [INFO]   [Gloves_MW] start=0...
2026-04-25 16:30:47,800 [INFO]   [Gloves_MW] Sem mais resultados (total=0).
2026-04-25 16:30:47,800 [INFO]   [Gloves_MW] ✓ 0 itens recolhidos.
2026-04-25 16:30:48,190 [INFO] 💾 Guardado: 10766 itens únicos → cs2_market_prices.json + cs2_market_prices.csv
2026-04-25 16:30:48,190 [INFO] ⏸  Pausa entre categorias: 3.6s
2026-04-25 16:30:51,808 [INFO] [14/27] A processar: Gloves_FT
2026-04-25 16:30:51,808 [INFO] ━━━ Categoria: Gloves_FT ━━━
2026-04-25 16:30:51,808 [INFO]   [Gloves_FT] start=0...
2026-04-25 16:30:52,073 [INFO]   [Gloves_FT] Sem mais resultados (total=0).
2026-04-25 16:30:52,073 [INFO]   [Gloves_FT] ✓ 0 itens recolhidos.
2026-04-25 16:30:52,500 [INFO] 💾 Guardado: 10766 itens únicos → cs2_market_prices.json + cs2_market_prices.csv
2026-04-25 16:30:52,501 [INFO] ⏸  Pausa entre categorias: 5.1s
2026-04-25 16:30:57,557 [INFO] [15/27] A processar: Gloves_WW
2026-04-25 16:30:57,557 [INFO] ━━━ Categoria: Gloves_WW ━━━
2026-04-25 16:30:57,557 [INFO]   [Gloves_WW] start=0...
2026-04-25 16:30:57,841 [INFO]   [Gloves_WW] Sem mais resultados (total=0).
2026-04-25 16:30:57,841 [INFO]   [Gloves_WW] ✓ 0 itens recolhidos.
2026-04-25 16:30:58,259 [INFO] 💾 Guardado: 10766 itens únicos → cs2_market_prices.json + cs2_market_prices.csv
2026-04-25 16:30:58,259 [INFO] ⏸  Pausa entre categorias: 3.0s
2026-04-25 16:31:01,289 [INFO] [16/27] A processar: Gloves_BS
2026-04-25 16:31:01,289 [INFO] ━━━ Categoria: Gloves_BS ━━━
2026-04-25 16:31:01,289 [INFO]   [Gloves_BS] start=0...
2026-04-25 16:31:01,556 [INFO]   [Gloves_BS] Sem mais resultados (total=0).
2026-04-25 16:31:01,556 [INFO]   [Gloves_BS] ✓ 0 itens recolhidos.
2026-04-25 16:31:01,947 [INFO] 💾 Guardado: 10766 itens únicos → cs2_market_prices.json + cs2_market_prices.csv
2026-04-25 16:31:01,947 [INFO] ⏸  Pausa entre categorias: 5.6s
2026-04-25 16:31:07,590 [INFO] [17/27] A processar: Stickers_High
2026-04-25 16:31:07,590 [INFO] ━━━ Categoria: Stickers_High ━━━
2026-04-25 16:31:07,590 [INFO]   [Stickers_High] start=0...
2026-04-25 16:31:07,862 [INFO]   [Stickers_High] Sem mais resultados (total=0).
2026-04-25 16:31:07,862 [INFO]   [Stickers_High] ✓ 0 itens recolhidos.
2026-04-25 16:31:08,343 [INFO] 💾 Guardado: 10766 itens únicos → cs2_market_prices.json + cs2_market_prices.csv
2026-04-25 16:31:08,343 [INFO] ⏸  Pausa entre categorias: 4.2s
2026-04-25 16:31:12,581 [INFO] [18/27] A processar: Stickers
2026-04-25 16:31:12,581 [INFO] ━━━ Categoria: Stickers ━━━
2026-04-25 16:31:12,581 [INFO]   [Stickers] start=0...
2026-04-25 16:31:12,851 [INFO]   [Stickers] Sem mais resultados (total=0).
2026-04-25 16:31:12,851 [INFO]   [Stickers] ✓ 0 itens recolhidos.
2026-04-25 16:31:13,275 [INFO] 💾 Guardado: 10766 itens únicos → cs2_market_prices.json + cs2_market_prices.csv
2026-04-25 16:31:13,275 [INFO] ⏸  Pausa entre categorias: 3.2s
2026-04-25 16:31:16,484 [INFO] [19/27] A processar: Cases
2026-04-25 16:31:16,484 [INFO] ━━━ Categoria: Cases ━━━
2026-04-25 16:31:16,484 [INFO]   [Cases] start=0...
2026-04-25 16:31:16,722 [INFO]   [Cases] +10 itens | total desta cat: 10/456
2026-04-25 16:31:18,750 [INFO]   [Cases] start=10...
2026-04-25 16:31:18,953 [WARNING] Rate limited (429). A aguardar 60s...
2026-04-25 16:32:19,581 [INFO]   [Cases] +10 itens | total desta cat: 20/456
2026-04-25 16:32:22,312 [INFO]   [Cases] start=20...
2026-04-25 16:32:22,595 [INFO]   [Cases] +10 itens | total desta cat: 30/456
2026-04-25 16:32:25,349 [INFO]   [Cases] start=30...
2026-04-25 16:32:25,612 [INFO]   [Cases] +10 itens | total desta cat: 40/456
2026-04-25 16:32:28,398 [INFO]   [Cases] start=40...
2026-04-25 16:32:28,665 [INFO]   [Cases] +10 itens | total desta cat: 50/456
2026-04-25 16:32:31,584 [INFO]   [Cases] start=50...
2026-04-25 16:32:31,875 [INFO]   [Cases] +10 itens | total desta cat: 60/456
2026-04-25 16:32:33,469 [INFO]   [Cases] start=60...
2026-04-25 16:32:33,741 [INFO]   [Cases] +10 itens | total desta cat: 70/456
2026-04-25 16:32:35,436 [INFO]   [Cases] start=70...
2026-04-25 16:32:35,719 [INFO]   [Cases] +10 itens | total desta cat: 80/456
2026-04-25 16:32:38,228 [INFO]   [Cases] start=80...
2026-04-25 16:32:38,520 [INFO]   [Cases] +10 itens | total desta cat: 90/456
2026-04-25 16:32:40,199 [INFO]   [Cases] start=90...
2026-04-25 16:32:40,491 [INFO]   [Cases] +10 itens | total desta cat: 100/456
2026-04-25 16:32:43,182 [INFO]   [Cases] start=100...
2026-04-25 16:32:43,461 [INFO]   [Cases] +10 itens | total desta cat: 110/456
2026-04-25 16:32:45,426 [INFO]   [Cases] start=110...
2026-04-25 16:32:45,696 [INFO]   [Cases] +10 itens | total desta cat: 120/456
2026-04-25 16:32:48,140 [INFO]   [Cases] start=120...
2026-04-25 16:32:48,434 [INFO]   [Cases] +10 itens | total desta cat: 130/456
2026-04-25 16:32:50,553 [INFO]   [Cases] start=130...
2026-04-25 16:32:50,892 [INFO]   [Cases] +10 itens | total desta cat: 140/456
2026-04-25 16:32:52,943 [INFO]   [Cases] start=140...
2026-04-25 16:32:53,209 [INFO]   [Cases] +10 itens | total desta cat: 150/456
2026-04-25 16:32:55,298 [INFO]   [Cases] start=150...
2026-04-25 16:32:55,585 [INFO]   [Cases] +10 itens | total desta cat: 160/456
2026-04-25 16:32:57,161 [INFO]   [Cases] start=160...
2026-04-25 16:32:57,450 [INFO]   [Cases] +10 itens | total desta cat: 170/456
2026-04-25 16:32:59,919 [INFO]   [Cases] start=170...
2026-04-25 16:33:00,310 [INFO]   [Cases] +10 itens | total desta cat: 180/456
2026-04-25 16:33:03,099 [INFO]   [Cases] start=180...
2026-04-25 16:33:03,386 [INFO]   [Cases] +10 itens | total desta cat: 190/456
2026-04-25 16:33:06,169 [INFO]   [Cases] start=190...
2026-04-25 16:33:06,524 [INFO]   [Cases] +10 itens | total desta cat: 200/456
2026-04-25 16:33:08,086 [INFO]   [Cases] start=200...
2026-04-25 16:33:08,370 [INFO]   [Cases] +10 itens | total desta cat: 210/456
2026-04-25 16:33:10,924 [INFO]   [Cases] start=210...
2026-04-25 16:33:11,199 [INFO]   [Cases] +10 itens | total desta cat: 220/456
2026-04-25 16:33:14,061 [INFO]   [Cases] start=220...
2026-04-25 16:33:14,334 [INFO]   [Cases] +10 itens | total desta cat: 230/456
2026-04-25 16:33:16,255 [INFO]   [Cases] start=230...
2026-04-25 16:33:16,532 [INFO]   [Cases] +10 itens | total desta cat: 240/456
2026-04-25 16:33:18,901 [INFO]   [Cases] start=240...
2026-04-25 16:33:19,227 [INFO]   [Cases] +10 itens | total desta cat: 250/456
2026-04-25 16:33:22,005 [INFO]   [Cases] start=250...
2026-04-25 16:33:22,270 [INFO]   [Cases] +10 itens | total desta cat: 260/456
2026-04-25 16:33:24,910 [INFO]   [Cases] start=260...
2026-04-25 16:33:25,263 [INFO]   [Cases] +10 itens | total desta cat: 270/456
2026-04-25 16:33:27,148 [INFO]   [Cases] start=270...
2026-04-25 16:33:27,417 [INFO]   [Cases] +10 itens | total desta cat: 280/456
2026-04-25 16:33:29,598 [INFO]   [Cases] start=280...
2026-04-25 16:33:29,864 [INFO]   [Cases] +10 itens | total desta cat: 290/456
2026-04-25 16:33:32,739 [INFO]   [Cases] start=290...
2026-04-25 16:33:33,021 [INFO]   [Cases] +10 itens | total desta cat: 300/456
2026-04-25 16:33:35,675 [INFO]   [Cases] start=300...
2026-04-25 16:33:35,975 [INFO]   [Cases] +10 itens | total desta cat: 310/456
2026-04-25 16:33:38,646 [INFO]   [Cases] start=310...
2026-04-25 16:33:38,920 [INFO]   [Cases] +10 itens | total desta cat: 320/456
2026-04-25 16:33:41,891 [INFO]   [Cases] start=320...
2026-04-25 16:33:42,181 [INFO]   [Cases] +10 itens | total desta cat: 330/456
2026-04-25 16:33:43,718 [INFO]   [Cases] start=330...
2026-04-25 16:33:44,037 [INFO]   [Cases] +10 itens | total desta cat: 340/456
2026-04-25 16:33:46,653 [INFO]   [Cases] start=340...
2026-04-25 16:33:46,928 [INFO]   [Cases] +10 itens | total desta cat: 350/456
2026-04-25 16:33:49,077 [INFO]   [Cases] start=350...
2026-04-25 16:33:49,362 [INFO]   [Cases] +10 itens | total desta cat: 360/456
2026-04-25 16:33:52,319 [INFO]   [Cases] start=360...
2026-04-25 16:33:52,581 [INFO]   [Cases] +10 itens | total desta cat: 370/456
2026-04-25 16:33:55,581 [INFO]   [Cases] start=370...
2026-04-25 16:33:55,853 [INFO]   [Cases] +10 itens | total desta cat: 380/456
2026-04-25 16:33:57,621 [INFO]   [Cases] start=380...
2026-04-25 16:33:57,907 [INFO]   [Cases] +10 itens | total desta cat: 390/456
2026-04-25 16:34:00,601 [INFO]   [Cases] start=390...
2026-04-25 16:34:00,880 [INFO]   [Cases] +10 itens | total desta cat: 400/456
2026-04-25 16:34:03,773 [INFO]   [Cases] start=400...
2026-04-25 16:34:04,041 [INFO]   [Cases] +10 itens | total desta cat: 410/456
2026-04-25 16:34:06,918 [INFO]   [Cases] start=410...
2026-04-25 16:34:07,213 [INFO]   [Cases] +10 itens | total desta cat: 420/456
2026-04-25 16:34:08,923 [INFO]   [Cases] start=420...
2026-04-25 16:34:09,212 [INFO]   [Cases] +10 itens | total desta cat: 430/456
2026-04-25 16:34:12,211 [INFO]   [Cases] start=430...
2026-04-25 16:34:12,496 [INFO]   [Cases] +10 itens | total desta cat: 440/456
2026-04-25 16:34:14,711 [INFO]   [Cases] start=440...
2026-04-25 16:34:14,976 [INFO]   [Cases] +10 itens | total desta cat: 450/456
2026-04-25 16:34:16,637 [INFO]   [Cases] start=450...
2026-04-25 16:34:16,915 [INFO]   [Cases] +6 itens | total desta cat: 456/456
2026-04-25 16:34:16,915 [INFO]   [Cases] ✓ 456 itens recolhidos.
2026-04-25 16:34:17,443 [INFO] 💾 Guardado: 11130 itens únicos → cs2_market_prices.json + cs2_market_prices.csv
2026-04-25 16:34:17,443 [INFO] ⏸  Pausa entre categorias: 4.9s
2026-04-25 16:34:22,350 [INFO] [20/27] A processar: Keys
2026-04-25 16:34:22,350 [INFO] ━━━ Categoria: Keys ━━━
2026-04-25 16:34:22,350 [INFO]   [Keys] start=0...
2026-04-25 16:34:22,637 [INFO]   [Keys] Sem mais resultados (total=0).
2026-04-25 16:34:22,638 [INFO]   [Keys] ✓ 0 itens recolhidos.
2026-04-25 16:34:23,058 [INFO] 💾 Guardado: 11130 itens únicos → cs2_market_prices.json + cs2_market_prices.csv
2026-04-25 16:34:23,058 [INFO] ⏸  Pausa entre categorias: 5.2s
2026-04-25 16:34:28,302 [INFO] [21/27] A processar: Agents
2026-04-25 16:34:28,302 [INFO] ━━━ Categoria: Agents ━━━
2026-04-25 16:34:28,302 [INFO]   [Agents] start=0...
2026-04-25 16:34:28,575 [INFO]   [Agents] Sem mais resultados (total=0).
2026-04-25 16:34:28,576 [INFO]   [Agents] ✓ 0 itens recolhidos.
2026-04-25 16:34:29,049 [INFO] 💾 Guardado: 11130 itens únicos → cs2_market_prices.json + cs2_market_prices.csv
2026-04-25 16:34:29,049 [INFO] ⏸  Pausa entre categorias: 4.6s
2026-04-25 16:34:33,684 [INFO] [22/27] A processar: Patches
2026-04-25 16:34:33,684 [INFO] ━━━ Categoria: Patches ━━━
2026-04-25 16:34:33,684 [INFO]   [Patches] start=0...
2026-04-25 16:34:33,957 [INFO]   [Patches] Sem mais resultados (total=0).
2026-04-25 16:34:33,958 [INFO]   [Patches] ✓ 0 itens recolhidos.
2026-04-25 16:34:34,368 [INFO] 💾 Guardado: 11130 itens únicos → cs2_market_prices.json + cs2_market_prices.csv
2026-04-25 16:34:34,369 [INFO] ⏸  Pausa entre categorias: 4.3s
2026-04-25 16:34:38,689 [INFO] [23/27] A processar: Graffiti
2026-04-25 16:34:38,689 [INFO] ━━━ Categoria: Graffiti ━━━
2026-04-25 16:34:38,689 [INFO]   [Graffiti] start=0...
2026-04-25 16:34:38,976 [INFO]   [Graffiti] +10 itens | total desta cat: 10/1812
2026-04-25 16:34:41,433 [INFO]   [Graffiti] start=10...
2026-04-25 16:34:41,711 [INFO]   [Graffiti] +10 itens | total desta cat: 20/1812
2026-04-25 16:34:44,297 [INFO]   [Graffiti] start=20...
2026-04-25 16:34:44,582 [INFO]   [Graffiti] +10 itens | total desta cat: 30/1812
2026-04-25 16:34:46,599 [INFO]   [Graffiti] start=30...
2026-04-25 16:34:46,885 [INFO]   [Graffiti] +10 itens | total desta cat: 40/1812
2026-04-25 16:34:48,900 [INFO]   [Graffiti] start=40...
2026-04-25 16:34:49,177 [INFO]   [Graffiti] +10 itens | total desta cat: 50/1812
2026-04-25 16:34:51,068 [INFO]   [Graffiti] start=50...
2026-04-25 16:34:51,336 [INFO]   [Graffiti] +10 itens | total desta cat: 60/1812
2026-04-25 16:34:53,264 [INFO]   [Graffiti] start=60...
2026-04-25 16:34:53,527 [INFO]   [Graffiti] +10 itens | total desta cat: 70/1812
2026-04-25 16:34:56,016 [INFO]   [Graffiti] start=70...
2026-04-25 16:34:56,303 [INFO]   [Graffiti] +10 itens | total desta cat: 80/1812
2026-04-25 16:34:59,054 [INFO]   [Graffiti] start=80...
2026-04-25 16:34:59,349 [INFO]   [Graffiti] +10 itens | total desta cat: 90/1812
2026-04-25 16:35:02,295 [INFO]   [Graffiti] start=90...
2026-04-25 16:35:02,564 [INFO]   [Graffiti] +10 itens | total desta cat: 100/1812
2026-04-25 16:35:05,108 [INFO]   [Graffiti] start=100...
2026-04-25 16:35:05,377 [INFO]   [Graffiti] +10 itens | total desta cat: 110/1812
2026-04-25 16:35:07,192 [INFO]   [Graffiti] start=110...
2026-04-25 16:35:07,459 [INFO]   [Graffiti] +10 itens | total desta cat: 120/1812
2026-04-25 16:35:09,759 [INFO]   [Graffiti] start=120...
2026-04-25 16:35:10,025 [INFO]   [Graffiti] +10 itens | total desta cat: 130/1812
2026-04-25 16:35:11,817 [INFO]   [Graffiti] start=130...
2026-04-25 16:35:12,244 [INFO]   [Graffiti] +10 itens | total desta cat: 140/1812
2026-04-25 16:35:14,294 [INFO]   [Graffiti] start=140...
2026-04-25 16:35:14,599 [INFO]   [Graffiti] +10 itens | total desta cat: 150/1812
2026-04-25 16:35:16,164 [INFO]   [Graffiti] start=150...
2026-04-25 16:35:16,452 [INFO]   [Graffiti] +10 itens | total desta cat: 160/1812
2026-04-25 16:35:18,924 [INFO]   [Graffiti] start=160...
2026-04-25 16:35:19,197 [INFO]   [Graffiti] +10 itens | total desta cat: 170/1812
2026-04-25 16:35:21,972 [INFO]   [Graffiti] start=170...
2026-04-25 16:35:22,239 [INFO]   [Graffiti] +10 itens | total desta cat: 180/1812
2026-04-25 16:35:24,708 [INFO]   [Graffiti] start=180...
2026-04-25 16:35:24,982 [INFO]   [Graffiti] +10 itens | total desta cat: 190/1812
2026-04-25 16:35:26,992 [INFO]   [Graffiti] start=190...
2026-04-25 16:35:27,287 [INFO]   [Graffiti] +10 itens | total desta cat: 200/1812
2026-04-25 16:35:28,849 [INFO]   [Graffiti] start=200...
2026-04-25 16:35:29,135 [INFO]   [Graffiti] +10 itens | total desta cat: 210/1812
2026-04-25 16:35:30,942 [INFO]   [Graffiti] start=210...
2026-04-25 16:35:31,210 [INFO]   [Graffiti] +10 itens | total desta cat: 220/1812
2026-04-25 16:35:33,713 [INFO]   [Graffiti] start=220...
2026-04-25 16:35:33,993 [INFO]   [Graffiti] +10 itens | total desta cat: 230/1812
2026-04-25 16:35:35,657 [INFO]   [Graffiti] start=230...
2026-04-25 16:35:35,963 [INFO]   [Graffiti] +10 itens | total desta cat: 240/1812
2026-04-25 16:35:38,265 [INFO]   [Graffiti] start=240...
2026-04-25 16:35:38,808 [INFO]   [Graffiti] +10 itens | total desta cat: 250/1812
2026-04-25 16:35:40,645 [INFO]   [Graffiti] start=250...
2026-04-25 16:35:41,552 [INFO]   [Graffiti] +10 itens | total desta cat: 260/1812
2026-04-25 16:35:43,500 [INFO]   [Graffiti] start=260...
2026-04-25 16:35:44,440 [INFO]   [Graffiti] +10 itens | total desta cat: 270/1812
2026-04-25 16:35:47,128 [INFO]   [Graffiti] start=270...
2026-04-25 16:35:47,466 [INFO]   [Graffiti] +10 itens | total desta cat: 280/1812
2026-04-25 16:35:49,438 [INFO]   [Graffiti] start=280...
2026-04-25 16:35:49,707 [INFO]   [Graffiti] +10 itens | total desta cat: 290/1812
2026-04-25 16:35:51,439 [INFO]   [Graffiti] start=290...
2026-04-25 16:35:51,704 [INFO]   [Graffiti] +10 itens | total desta cat: 300/1812
2026-04-25 16:35:53,737 [INFO]   [Graffiti] start=300...
2026-04-25 16:35:54,000 [INFO]   [Graffiti] +10 itens | total desta cat: 310/1812
2026-04-25 16:35:56,201 [INFO]   [Graffiti] start=310...
2026-04-25 16:35:56,469 [INFO]   [Graffiti] +10 itens | total desta cat: 320/1812
2026-04-25 16:35:58,261 [INFO]   [Graffiti] start=320...
2026-04-25 16:35:58,541 [INFO]   [Graffiti] +10 itens | total desta cat: 330/1812
2026-04-25 16:36:01,403 [INFO]   [Graffiti] start=330...
2026-04-25 16:36:01,712 [INFO]   [Graffiti] +10 itens | total desta cat: 340/1812
2026-04-25 16:36:03,495 [INFO]   [Graffiti] start=340...
2026-04-25 16:36:03,768 [INFO]   [Graffiti] +10 itens | total desta cat: 350/1812
2026-04-25 16:36:06,197 [INFO]   [Graffiti] start=350...
2026-04-25 16:36:06,480 [INFO]   [Graffiti] +10 itens | total desta cat: 360/1812
2026-04-25 16:36:08,612 [INFO]   [Graffiti] start=360...
2026-04-25 16:36:08,910 [INFO]   [Graffiti] +10 itens | total desta cat: 370/1812
2026-04-25 16:36:11,244 [INFO]   [Graffiti] start=370...
2026-04-25 16:36:11,527 [INFO]   [Graffiti] +10 itens | total desta cat: 380/1812
2026-04-25 16:36:13,117 [INFO]   [Graffiti] start=380...
2026-04-25 16:36:13,396 [INFO]   [Graffiti] +10 itens | total desta cat: 390/1812
2026-04-25 16:36:16,227 [INFO]   [Graffiti] start=390...
2026-04-25 16:36:16,494 [INFO]   [Graffiti] +10 itens | total desta cat: 400/1812
2026-04-25 16:36:19,261 [INFO]   [Graffiti] start=400...
2026-04-25 16:36:19,538 [INFO]   [Graffiti] +10 itens | total desta cat: 410/1812
2026-04-25 16:36:22,126 [INFO]   [Graffiti] start=410...
2026-04-25 16:36:22,395 [INFO]   [Graffiti] +10 itens | total desta cat: 420/1812
2026-04-25 16:36:25,194 [INFO]   [Graffiti] start=420...
2026-04-25 16:36:25,447 [INFO]   [Graffiti] +10 itens | total desta cat: 430/1812
2026-04-25 16:36:27,967 [INFO]   [Graffiti] start=430...
2026-04-25 16:36:28,265 [INFO]   [Graffiti] +10 itens | total desta cat: 440/1812
2026-04-25 16:36:30,236 [INFO]   [Graffiti] start=440...
2026-04-25 16:36:30,507 [INFO]   [Graffiti] +10 itens | total desta cat: 450/1812
2026-04-25 16:36:32,237 [INFO]   [Graffiti] start=450...
2026-04-25 16:36:32,518 [INFO]   [Graffiti] +10 itens | total desta cat: 460/1812
2026-04-25 16:36:35,504 [INFO]   [Graffiti] start=460...
2026-04-25 16:36:35,773 [INFO]   [Graffiti] +10 itens | total desta cat: 470/1812
2026-04-25 16:36:38,414 [INFO]   [Graffiti] start=470...
2026-04-25 16:36:38,687 [INFO]   [Graffiti] +10 itens | total desta cat: 480/1812
2026-04-25 16:36:40,995 [INFO]   [Graffiti] start=480...
2026-04-25 16:36:41,271 [INFO]   [Graffiti] +10 itens | total desta cat: 490/1812
2026-04-25 16:36:43,390 [INFO]   [Graffiti] start=490...
2026-04-25 16:36:43,664 [INFO]   [Graffiti] +10 itens | total desta cat: 500/1812
2026-04-25 16:36:46,023 [INFO]   [Graffiti] start=500...
2026-04-25 16:36:46,294 [INFO]   [Graffiti] +10 itens | total desta cat: 510/1812
2026-04-25 16:36:49,034 [INFO]   [Graffiti] start=510...
2026-04-25 16:36:49,333 [INFO]   [Graffiti] +10 itens | total desta cat: 520/1812
2026-04-25 16:36:51,637 [INFO]   [Graffiti] start=520...
2026-04-25 16:36:51,850 [WARNING] Rate limited (429). A aguardar 60s...
2026-04-25 16:37:52,503 [INFO]   [Graffiti] +10 itens | total desta cat: 530/1812
2026-04-25 16:37:54,263 [INFO]   [Graffiti] start=530...
2026-04-25 16:37:54,539 [INFO]   [Graffiti] +10 itens | total desta cat: 540/1812
2026-04-25 16:37:57,196 [INFO]   [Graffiti] start=540...
2026-04-25 16:37:57,494 [INFO]   [Graffiti] +10 itens | total desta cat: 550/1812
2026-04-25 16:38:00,229 [INFO]   [Graffiti] start=550...
2026-04-25 16:38:00,521 [INFO]   [Graffiti] +10 itens | total desta cat: 560/1812
2026-04-25 16:38:02,591 [INFO]   [Graffiti] start=560...
2026-04-25 16:38:02,877 [INFO]   [Graffiti] +10 itens | total desta cat: 570/1812
2026-04-25 16:38:05,734 [INFO]   [Graffiti] start=570...
2026-04-25 16:38:06,030 [INFO]   [Graffiti] +10 itens | total desta cat: 580/1812
2026-04-25 16:38:08,416 [INFO]   [Graffiti] start=580...
2026-04-25 16:38:08,688 [INFO]   [Graffiti] +10 itens | total desta cat: 590/1812
2026-04-25 16:38:11,445 [INFO]   [Graffiti] start=590...
2026-04-25 16:38:11,742 [INFO]   [Graffiti] +10 itens | total desta cat: 600/1812
2026-04-25 16:38:14,150 [INFO]   [Graffiti] start=600...
2026-04-25 16:38:14,437 [INFO]   [Graffiti] +10 itens | total desta cat: 610/1812
2026-04-25 16:38:16,585 [INFO]   [Graffiti] start=610...
2026-04-25 16:38:16,870 [INFO]   [Graffiti] +10 itens | total desta cat: 620/1812
2026-04-25 16:38:18,556 [INFO]   [Graffiti] start=620...
2026-04-25 16:38:18,874 [INFO]   [Graffiti] +10 itens | total desta cat: 630/1812
2026-04-25 16:38:20,825 [INFO]   [Graffiti] start=630...
2026-04-25 16:38:21,131 [INFO]   [Graffiti] +10 itens | total desta cat: 640/1812
2026-04-25 16:38:23,164 [INFO]   [Graffiti] start=640...
2026-04-25 16:38:23,436 [INFO]   [Graffiti] +10 itens | total desta cat: 650/1812
2026-04-25 16:38:26,191 [INFO]   [Graffiti] start=650...
2026-04-25 16:38:26,460 [INFO]   [Graffiti] +10 itens | total desta cat: 660/1812
2026-04-25 16:38:29,375 [INFO]   [Graffiti] start=660...
2026-04-25 16:38:29,683 [INFO]   [Graffiti] +10 itens | total desta cat: 670/1812
2026-04-25 16:38:31,451 [INFO]   [Graffiti] start=670...
2026-04-25 16:38:31,730 [INFO]   [Graffiti] +10 itens | total desta cat: 680/1812
2026-04-25 16:38:34,138 [INFO]   [Graffiti] start=680...
2026-04-25 16:38:34,430 [INFO]   [Graffiti] +10 itens | total desta cat: 690/1812
2026-04-25 16:38:36,835 [INFO]   [Graffiti] start=690...
2026-04-25 16:38:37,118 [INFO]   [Graffiti] +10 itens | total desta cat: 700/1812
2026-04-25 16:38:39,561 [INFO]   [Graffiti] start=700...
2026-04-25 16:38:39,843 [INFO]   [Graffiti] +10 itens | total desta cat: 710/1812
2026-04-25 16:38:42,743 [INFO]   [Graffiti] start=710...
2026-04-25 16:38:43,012 [INFO]   [Graffiti] +10 itens | total desta cat: 720/1812
2026-04-25 16:38:44,672 [INFO]   [Graffiti] start=720...
2026-04-25 16:38:44,987 [INFO]   [Graffiti] +10 itens | total desta cat: 730/1812
2026-04-25 16:38:47,828 [INFO]   [Graffiti] start=730...
2026-04-25 16:38:48,107 [INFO]   [Graffiti] +10 itens | total desta cat: 740/1812
2026-04-25 16:38:50,123 [INFO]   [Graffiti] start=740...
2026-04-25 16:38:50,462 [INFO]   [Graffiti] +10 itens | total desta cat: 750/1812
2026-04-25 16:38:53,189 [INFO]   [Graffiti] start=750...
2026-04-25 16:38:53,490 [INFO]   [Graffiti] +10 itens | total desta cat: 760/1812
2026-04-25 16:38:56,367 [INFO]   [Graffiti] start=760...
2026-04-25 16:38:56,665 [INFO]   [Graffiti] +10 itens | total desta cat: 770/1812
2026-04-25 16:38:58,318 [INFO]   [Graffiti] start=770...
2026-04-25 16:38:58,598 [INFO]   [Graffiti] +10 itens | total desta cat: 780/1812
2026-04-25 16:39:01,272 [INFO]   [Graffiti] start=780...
2026-04-25 16:39:01,568 [INFO]   [Graffiti] +10 itens | total desta cat: 790/1812
2026-04-25 16:39:03,984 [INFO]   [Graffiti] start=790...
2026-04-25 16:39:04,266 [INFO]   [Graffiti] +10 itens | total desta cat: 800/1812
2026-04-25 16:39:06,511 [INFO]   [Graffiti] start=800...
2026-04-25 16:39:06,785 [INFO]   [Graffiti] +10 itens | total desta cat: 810/1812
2026-04-25 16:39:08,878 [INFO]   [Graffiti] start=810...
2026-04-25 16:39:09,157 [INFO]   [Graffiti] +10 itens | total desta cat: 820/1812
2026-04-25 16:39:11,018 [INFO]   [Graffiti] start=820...
2026-04-25 16:39:11,294 [INFO]   [Graffiti] +10 itens | total desta cat: 830/1812
2026-04-25 16:39:13,175 [INFO]   [Graffiti] start=830...
2026-04-25 16:39:13,458 [INFO]   [Graffiti] +10 itens | total desta cat: 840/1812
2026-04-25 16:39:15,739 [INFO]   [Graffiti] start=840...
2026-04-25 16:39:16,022 [INFO]   [Graffiti] +10 itens | total desta cat: 850/1812
2026-04-25 16:39:18,670 [INFO]   [Graffiti] start=850...
2026-04-25 16:39:18,941 [INFO]   [Graffiti] +10 itens | total desta cat: 860/1812
2026-04-25 16:39:21,092 [INFO]   [Graffiti] start=860...
2026-04-25 16:39:21,372 [INFO]   [Graffiti] +10 itens | total desta cat: 870/1812
2026-04-25 16:39:23,891 [INFO]   [Graffiti] start=870...
2026-04-25 16:39:24,165 [INFO]   [Graffiti] +10 itens | total desta cat: 880/1812
2026-04-25 16:39:26,511 [INFO]   [Graffiti] start=880...
2026-04-25 16:39:26,785 [INFO]   [Graffiti] +10 itens | total desta cat: 890/1812
2026-04-25 16:39:29,031 [INFO]   [Graffiti] start=890...
2026-04-25 16:39:29,322 [INFO]   [Graffiti] +10 itens | total desta cat: 900/1812
2026-04-25 16:39:32,167 [INFO]   [Graffiti] start=900...
2026-04-25 16:39:32,469 [INFO]   [Graffiti] +10 itens | total desta cat: 910/1812
2026-04-25 16:39:34,755 [INFO]   [Graffiti] start=910...
2026-04-25 16:39:35,045 [INFO]   [Graffiti] +10 itens | total desta cat: 920/1812
2026-04-25 16:39:37,911 [INFO]   [Graffiti] start=920...
2026-04-25 16:39:38,188 [INFO]   [Graffiti] +10 itens | total desta cat: 930/1812
2026-04-25 16:39:40,177 [INFO]   [Graffiti] start=930...
2026-04-25 16:39:40,453 [INFO]   [Graffiti] +10 itens | total desta cat: 940/1812
2026-04-25 16:39:41,984 [INFO]   [Graffiti] start=940...
2026-04-25 16:39:42,288 [INFO]   [Graffiti] +10 itens | total desta cat: 950/1812
2026-04-25 16:39:44,932 [INFO]   [Graffiti] start=950...
2026-04-25 16:39:45,247 [INFO]   [Graffiti] +10 itens | total desta cat: 960/1812
2026-04-25 16:39:48,082 [INFO]   [Graffiti] start=960...
2026-04-25 16:39:48,370 [INFO]   [Graffiti] +10 itens | total desta cat: 970/1812
2026-04-25 16:39:51,052 [INFO]   [Graffiti] start=970...
2026-04-25 16:39:51,329 [INFO]   [Graffiti] +10 itens | total desta cat: 980/1812
2026-04-25 16:39:53,024 [INFO]   [Graffiti] start=980...
2026-04-25 16:39:53,339 [INFO]   [Graffiti] +10 itens | total desta cat: 990/1812
2026-04-25 16:39:55,907 [INFO]   [Graffiti] start=990...
2026-04-25 16:39:56,191 [INFO]   [Graffiti] +10 itens | total desta cat: 1000/1812
2026-04-25 16:39:58,975 [INFO]   [Graffiti] start=1000...
2026-04-25 16:39:59,266 [INFO]   [Graffiti] +10 itens | total desta cat: 1010/1812
2026-04-25 16:40:01,083 [INFO]   [Graffiti] start=1010...
2026-04-25 16:40:01,353 [INFO]   [Graffiti] +10 itens | total desta cat: 1020/1812
2026-04-25 16:40:04,188 [INFO]   [Graffiti] start=1020...
2026-04-25 16:40:04,460 [INFO]   [Graffiti] +10 itens | total desta cat: 1030/1812
2026-04-25 16:40:06,770 [INFO]   [Graffiti] start=1030...
2026-04-25 16:40:07,068 [INFO]   [Graffiti] +10 itens | total desta cat: 1040/1812
2026-04-25 16:40:08,839 [INFO]   [Graffiti] start=1040...
2026-04-25 16:40:09,136 [INFO]   [Graffiti] +10 itens | total desta cat: 1050/1812
2026-04-25 16:40:11,684 [INFO]   [Graffiti] start=1050...
2026-04-25 16:40:11,956 [INFO]   [Graffiti] +10 itens | total desta cat: 1060/1812
2026-04-25 16:40:14,392 [INFO]   [Graffiti] start=1060...
2026-04-25 16:40:14,669 [INFO]   [Graffiti] +10 itens | total desta cat: 1070/1812
2026-04-25 16:40:17,101 [INFO]   [Graffiti] start=1070...
2026-04-25 16:40:17,373 [INFO]   [Graffiti] +10 itens | total desta cat: 1080/1812
2026-04-25 16:40:19,436 [INFO]   [Graffiti] start=1080...
2026-04-25 16:40:19,735 [INFO]   [Graffiti] +10 itens | total desta cat: 1090/1812
2026-04-25 16:40:21,539 [INFO]   [Graffiti] start=1090...
2026-04-25 16:40:21,824 [INFO]   [Graffiti] +10 itens | total desta cat: 1100/1812
2026-04-25 16:40:23,859 [INFO]   [Graffiti] start=1100...
2026-04-25 16:40:24,119 [INFO]   [Graffiti] +10 itens | total desta cat: 1110/1812
2026-04-25 16:40:26,378 [INFO]   [Graffiti] start=1110...
2026-04-25 16:40:26,677 [INFO]   [Graffiti] +10 itens | total desta cat: 1120/1812
2026-04-25 16:40:28,576 [INFO]   [Graffiti] start=1120...
2026-04-25 16:40:28,844 [INFO]   [Graffiti] +10 itens | total desta cat: 1130/1812
2026-04-25 16:40:30,584 [INFO]   [Graffiti] start=1130...
2026-04-25 16:40:30,865 [INFO]   [Graffiti] +10 itens | total desta cat: 1140/1812
2026-04-25 16:40:32,999 [INFO]   [Graffiti] start=1140...
2026-04-25 16:40:33,268 [INFO]   [Graffiti] +10 itens | total desta cat: 1150/1812
2026-04-25 16:40:36,123 [INFO]   [Graffiti] start=1150...
2026-04-25 16:40:36,415 [INFO]   [Graffiti] +10 itens | total desta cat: 1160/1812
2026-04-25 16:40:37,948 [INFO]   [Graffiti] start=1160...
2026-04-25 16:40:38,229 [INFO]   [Graffiti] +10 itens | total desta cat: 1170/1812
2026-04-25 16:40:40,613 [INFO]   [Graffiti] start=1170...
2026-04-25 16:40:40,874 [INFO]   [Graffiti] +10 itens | total desta cat: 1180/1812
2026-04-25 16:40:43,440 [INFO]   [Graffiti] start=1180...
2026-04-25 16:40:43,783 [INFO]   [Graffiti] +10 itens | total desta cat: 1190/1812
2026-04-25 16:40:46,437 [INFO]   [Graffiti] start=1190...
2026-04-25 16:40:46,709 [INFO]   [Graffiti] +10 itens | total desta cat: 1200/1812
2026-04-25 16:40:48,455 [INFO]   [Graffiti] start=1200...
2026-04-25 16:40:48,734 [INFO]   [Graffiti] +10 itens | total desta cat: 1210/1812
2026-04-25 16:40:50,639 [INFO]   [Graffiti] start=1210...
2026-04-25 16:40:50,950 [INFO]   [Graffiti] +10 itens | total desta cat: 1220/1812
2026-04-25 16:40:52,509 [INFO]   [Graffiti] start=1220...
2026-04-25 16:40:52,808 [INFO]   [Graffiti] +10 itens | total desta cat: 1230/1812
2026-04-25 16:40:54,411 [INFO]   [Graffiti] start=1230...
2026-04-25 16:40:54,718 [INFO]   [Graffiti] +10 itens | total desta cat: 1240/1812
2026-04-25 16:40:57,458 [INFO]   [Graffiti] start=1240...
2026-04-25 16:40:57,721 [INFO]   [Graffiti] +10 itens | total desta cat: 1250/1812
2026-04-25 16:41:00,214 [INFO]   [Graffiti] start=1250...
2026-04-25 16:41:00,500 [INFO]   [Graffiti] +10 itens | total desta cat: 1260/1812
2026-04-25 16:41:03,098 [INFO]   [Graffiti] start=1260...
2026-04-25 16:41:03,400 [INFO]   [Graffiti] +10 itens | total desta cat: 1270/1812
2026-04-25 16:41:06,329 [INFO]   [Graffiti] start=1270...
2026-04-25 16:41:06,619 [INFO]   [Graffiti] +10 itens | total desta cat: 1280/1812
2026-04-25 16:41:08,816 [INFO]   [Graffiti] start=1280...
2026-04-25 16:41:09,116 [INFO]   [Graffiti] +10 itens | total desta cat: 1290/1812
2026-04-25 16:41:11,830 [INFO]   [Graffiti] start=1290...
2026-04-25 16:41:12,102 [INFO]   [Graffiti] +10 itens | total desta cat: 1300/1812
2026-04-25 16:41:13,639 [INFO]   [Graffiti] start=1300...
2026-04-25 16:41:13,938 [INFO]   [Graffiti] +10 itens | total desta cat: 1310/1812
2026-04-25 16:41:16,529 [INFO]   [Graffiti] start=1310...
2026-04-25 16:41:16,824 [INFO]   [Graffiti] +10 itens | total desta cat: 1320/1812
2026-04-25 16:41:19,323 [INFO]   [Graffiti] start=1320...
2026-04-25 16:41:19,665 [INFO]   [Graffiti] +10 itens | total desta cat: 1330/1812
2026-04-25 16:41:21,572 [INFO]   [Graffiti] start=1330...
2026-04-25 16:41:21,858 [INFO]   [Graffiti] +10 itens | total desta cat: 1340/1812
2026-04-25 16:41:24,352 [INFO]   [Graffiti] start=1340...
2026-04-25 16:41:24,630 [INFO]   [Graffiti] +10 itens | total desta cat: 1350/1812
2026-04-25 16:41:27,008 [INFO]   [Graffiti] start=1350...
2026-04-25 16:41:27,287 [INFO]   [Graffiti] +10 itens | total desta cat: 1360/1812
2026-04-25 16:41:29,325 [INFO]   [Graffiti] start=1360...
2026-04-25 16:41:29,606 [INFO]   [Graffiti] +10 itens | total desta cat: 1370/1812
2026-04-25 16:41:31,465 [INFO]   [Graffiti] start=1370...
2026-04-25 16:41:31,775 [INFO]   [Graffiti] +10 itens | total desta cat: 1380/1812
2026-04-25 16:41:33,851 [INFO]   [Graffiti] start=1380...
2026-04-25 16:41:34,150 [INFO]   [Graffiti] +10 itens | total desta cat: 1390/1812
2026-04-25 16:41:36,749 [INFO]   [Graffiti] start=1390...
2026-04-25 16:41:37,056 [INFO]   [Graffiti] +10 itens | total desta cat: 1400/1812
2026-04-25 16:41:39,909 [INFO]   [Graffiti] start=1400...
2026-04-25 16:41:40,201 [INFO]   [Graffiti] +10 itens | total desta cat: 1410/1812
2026-04-25 16:41:41,735 [INFO]   [Graffiti] start=1410...
2026-04-25 16:41:42,025 [INFO]   [Graffiti] +10 itens | total desta cat: 1420/1812
2026-04-25 16:41:44,538 [INFO]   [Graffiti] start=1420...
2026-04-25 16:41:44,822 [INFO]   [Graffiti] +10 itens | total desta cat: 1430/1812
2026-04-25 16:41:47,295 [INFO]   [Graffiti] start=1430...
2026-04-25 16:41:47,589 [INFO]   [Graffiti] +10 itens | total desta cat: 1440/1812
2026-04-25 16:41:49,696 [INFO]   [Graffiti] start=1440...
2026-04-25 16:41:50,005 [INFO]   [Graffiti] +10 itens | total desta cat: 1450/1812
2026-04-25 16:41:52,530 [INFO]   [Graffiti] start=1450...
2026-04-25 16:41:52,904 [INFO]   [Graffiti] +10 itens | total desta cat: 1460/1812
2026-04-25 16:41:54,887 [INFO]   [Graffiti] start=1460...
2026-04-25 16:41:56,324 [INFO]   [Graffiti] +10 itens | total desta cat: 1470/1812
2026-04-25 16:41:57,921 [INFO]   [Graffiti] start=1470...
2026-04-25 16:41:58,203 [INFO]   [Graffiti] +10 itens | total desta cat: 1480/1812
2026-04-25 16:42:00,046 [INFO]   [Graffiti] start=1480...
2026-04-25 16:42:00,327 [INFO]   [Graffiti] +10 itens | total desta cat: 1490/1812
2026-04-25 16:42:02,987 [INFO]   [Graffiti] start=1490...
2026-04-25 16:42:03,281 [INFO]   [Graffiti] +10 itens | total desta cat: 1500/1812
2026-04-25 16:42:05,175 [INFO]   [Graffiti] start=1500...
2026-04-25 16:42:05,457 [INFO]   [Graffiti] +10 itens | total desta cat: 1510/1812
2026-04-25 16:42:07,606 [INFO]   [Graffiti] start=1510...
2026-04-25 16:42:07,888 [INFO]   [Graffiti] +10 itens | total desta cat: 1520/1812
2026-04-25 16:42:10,885 [INFO]   [Graffiti] start=1520...
2026-04-25 16:42:11,109 [WARNING] Rate limited (429). A aguardar 60s...
2026-04-25 16:43:11,727 [INFO]   [Graffiti] +10 itens | total desta cat: 1530/1812
2026-04-25 16:43:14,442 [INFO]   [Graffiti] start=1530...
2026-04-25 16:43:14,705 [INFO]   [Graffiti] +10 itens | total desta cat: 1540/1812
2026-04-25 16:43:17,700 [INFO]   [Graffiti] start=1540...
2026-04-25 16:43:17,991 [INFO]   [Graffiti] +10 itens | total desta cat: 1550/1812
2026-04-25 16:43:20,308 [INFO]   [Graffiti] start=1550...
2026-04-25 16:43:20,584 [INFO]   [Graffiti] +10 itens | total desta cat: 1560/1812
2026-04-25 16:43:22,615 [INFO]   [Graffiti] start=1560...
2026-04-25 16:43:22,895 [INFO]   [Graffiti] +10 itens | total desta cat: 1570/1812
2026-04-25 16:43:24,724 [INFO]   [Graffiti] start=1570...
2026-04-25 16:43:24,995 [INFO]   [Graffiti] +10 itens | total desta cat: 1580/1812
2026-04-25 16:43:26,949 [INFO]   [Graffiti] start=1580...
2026-04-25 16:43:27,289 [INFO]   [Graffiti] +10 itens | total desta cat: 1590/1812
2026-04-25 16:43:29,209 [INFO]   [Graffiti] start=1590...
2026-04-25 16:43:29,487 [INFO]   [Graffiti] +10 itens | total desta cat: 1600/1812
2026-04-25 16:43:32,312 [INFO]   [Graffiti] start=1600...
2026-04-25 16:43:32,603 [INFO]   [Graffiti] +10 itens | total desta cat: 1610/1812
2026-04-25 16:43:34,547 [INFO]   [Graffiti] start=1610...
2026-04-25 16:43:34,894 [INFO]   [Graffiti] +10 itens | total desta cat: 1620/1812
2026-04-25 16:43:37,670 [INFO]   [Graffiti] start=1620...
2026-04-25 16:43:37,963 [INFO]   [Graffiti] +10 itens | total desta cat: 1630/1812
2026-04-25 16:43:39,578 [INFO]   [Graffiti] start=1630...
2026-04-25 16:43:39,854 [INFO]   [Graffiti] +10 itens | total desta cat: 1640/1812
2026-04-25 16:43:42,725 [INFO]   [Graffiti] start=1640...
2026-04-25 16:43:42,997 [INFO]   [Graffiti] +10 itens | total desta cat: 1650/1812
2026-04-25 16:43:45,963 [INFO]   [Graffiti] start=1650...
2026-04-25 16:43:46,247 [INFO]   [Graffiti] +10 itens | total desta cat: 1660/1812
2026-04-25 16:43:49,128 [INFO]   [Graffiti] start=1660...
2026-04-25 16:43:49,401 [INFO]   [Graffiti] +10 itens | total desta cat: 1670/1812
2026-04-25 16:43:51,391 [INFO]   [Graffiti] start=1670...
2026-04-25 16:43:51,655 [INFO]   [Graffiti] +10 itens | total desta cat: 1680/1812
2026-04-25 16:43:53,940 [INFO]   [Graffiti] start=1680...
2026-04-25 16:43:54,224 [INFO]   [Graffiti] +10 itens | total desta cat: 1690/1812
2026-04-25 16:43:56,298 [INFO]   [Graffiti] start=1690...
2026-04-25 16:43:56,582 [INFO]   [Graffiti] +10 itens | total desta cat: 1700/1812
2026-04-25 16:43:58,778 [INFO]   [Graffiti] start=1700...
2026-04-25 16:43:59,050 [INFO]   [Graffiti] +10 itens | total desta cat: 1710/1812
2026-04-25 16:44:02,030 [INFO]   [Graffiti] start=1710...
2026-04-25 16:44:02,304 [INFO]   [Graffiti] +10 itens | total desta cat: 1720/1812
2026-04-25 16:44:03,942 [INFO]   [Graffiti] start=1720...
2026-04-25 16:44:04,222 [INFO]   [Graffiti] +10 itens | total desta cat: 1730/1812
2026-04-25 16:44:07,195 [INFO]   [Graffiti] start=1730...
2026-04-25 16:44:07,467 [INFO]   [Graffiti] +10 itens | total desta cat: 1740/1812
2026-04-25 16:44:09,581 [INFO]   [Graffiti] start=1740...
2026-04-25 16:44:09,853 [INFO]   [Graffiti] +10 itens | total desta cat: 1750/1812
2026-04-25 16:44:12,471 [INFO]   [Graffiti] start=1750...
2026-04-25 16:44:12,782 [INFO]   [Graffiti] +10 itens | total desta cat: 1760/1812
2026-04-25 16:44:15,627 [INFO]   [Graffiti] start=1760...
2026-04-25 16:44:15,890 [INFO]   [Graffiti] +10 itens | total desta cat: 1770/1812
2026-04-25 16:44:17,729 [INFO]   [Graffiti] start=1770...
2026-04-25 16:44:18,100 [INFO]   [Graffiti] +10 itens | total desta cat: 1780/1812
2026-04-25 16:44:20,569 [INFO]   [Graffiti] start=1780...
2026-04-25 16:44:20,863 [INFO]   [Graffiti] +10 itens | total desta cat: 1790/1812
2026-04-25 16:44:22,969 [INFO]   [Graffiti] start=1790...
2026-04-25 16:44:23,242 [INFO]   [Graffiti] +10 itens | total desta cat: 1800/1812
2026-04-25 16:44:25,596 [INFO]   [Graffiti] start=1800...
2026-04-25 16:44:25,927 [INFO]   [Graffiti] +10 itens | total desta cat: 1810/1812
2026-04-25 16:44:27,894 [INFO]   [Graffiti] start=1810...
2026-04-25 16:44:28,167 [INFO]   [Graffiti] +2 itens | total desta cat: 1812/1812
2026-04-25 16:44:28,167 [INFO]   [Graffiti] ✓ 1812 itens recolhidos.
2026-04-25 16:44:28,607 [INFO] 💾 Guardado: 12524 itens únicos → cs2_market_prices.json + cs2_market_prices.csv
2026-04-25 16:44:28,608 [INFO] ⏸  Pausa entre categorias: 3.7s
2026-04-25 16:44:32,351 [INFO] [24/27] A processar: MusicKits
2026-04-25 16:44:32,351 [INFO] ━━━ Categoria: MusicKits ━━━
2026-04-25 16:44:32,351 [INFO]   [MusicKits] start=0...
2026-04-25 16:44:32,605 [INFO]   [MusicKits] +10 itens | total desta cat: 10/171
2026-04-25 16:44:35,368 [INFO]   [MusicKits] start=10...
2026-04-25 16:44:35,769 [INFO]   [MusicKits] +10 itens | total desta cat: 20/171
2026-04-25 16:44:38,360 [INFO]   [MusicKits] start=20...
2026-04-25 16:44:38,656 [INFO]   [MusicKits] +10 itens | total desta cat: 30/171
2026-04-25 16:44:41,520 [INFO]   [MusicKits] start=30...
2026-04-25 16:44:41,819 [INFO]   [MusicKits] +10 itens | total desta cat: 40/171
2026-04-25 16:44:44,051 [INFO]   [MusicKits] start=40...
2026-04-25 16:44:44,345 [INFO]   [MusicKits] +10 itens | total desta cat: 50/171
2026-04-25 16:44:45,961 [INFO]   [MusicKits] start=50...
2026-04-25 16:44:46,255 [INFO]   [MusicKits] +10 itens | total desta cat: 60/171
2026-04-25 16:44:49,082 [INFO]   [MusicKits] start=60...
2026-04-25 16:44:49,354 [INFO]   [MusicKits] +10 itens | total desta cat: 70/171
2026-04-25 16:44:51,373 [INFO]   [MusicKits] start=70...
2026-04-25 16:44:51,659 [INFO]   [MusicKits] +10 itens | total desta cat: 80/171
2026-04-25 16:44:53,182 [INFO]   [MusicKits] start=80...
2026-04-25 16:44:53,462 [INFO]   [MusicKits] +10 itens | total desta cat: 90/171
2026-04-25 16:44:56,161 [INFO]   [MusicKits] start=90...
2026-04-25 16:44:56,456 [INFO]   [MusicKits] +10 itens | total desta cat: 100/171
2026-04-25 16:44:59,236 [INFO]   [MusicKits] start=100...
2026-04-25 16:44:59,556 [INFO]   [MusicKits] +10 itens | total desta cat: 110/171
2026-04-25 16:45:01,863 [INFO]   [MusicKits] start=110...
2026-04-25 16:45:02,128 [INFO]   [MusicKits] +10 itens | total desta cat: 120/171
2026-04-25 16:45:04,309 [INFO]   [MusicKits] start=120...
2026-04-25 16:45:04,594 [INFO]   [MusicKits] +10 itens | total desta cat: 130/171
2026-04-25 16:45:06,297 [INFO]   [MusicKits] start=130...
2026-04-25 16:45:06,573 [INFO]   [MusicKits] +10 itens | total desta cat: 140/171
2026-04-25 16:45:08,867 [INFO]   [MusicKits] start=140...
2026-04-25 16:45:09,142 [INFO]   [MusicKits] +10 itens | total desta cat: 150/171
2026-04-25 16:45:11,106 [INFO]   [MusicKits] start=150...
2026-04-25 16:45:11,418 [INFO]   [MusicKits] +10 itens | total desta cat: 160/171
2026-04-25 16:45:14,142 [INFO]   [MusicKits] start=160...
2026-04-25 16:45:14,423 [INFO]   [MusicKits] +10 itens | total desta cat: 170/171
2026-04-25 16:45:16,115 [INFO]   [MusicKits] start=170...
2026-04-25 16:45:16,416 [INFO]   [MusicKits] +1 itens | total desta cat: 171/171
2026-04-25 16:45:16,417 [INFO]   [MusicKits] ✓ 171 itens recolhidos.
2026-04-25 16:45:16,872 [INFO] 💾 Guardado: 12676 itens únicos → cs2_market_prices.json + cs2_market_prices.csv
2026-04-25 16:45:16,872 [INFO] ⏸  Pausa entre categorias: 3.9s
2026-04-25 16:45:20,785 [INFO] [25/27] A processar: Collectibles
2026-04-25 16:45:20,785 [INFO] ━━━ Categoria: Collectibles ━━━
2026-04-25 16:45:20,786 [INFO]   [Collectibles] start=0...
2026-04-25 16:45:21,113 [INFO]   [Collectibles] +10 itens | total desta cat: 10/45
2026-04-25 16:45:23,468 [INFO]   [Collectibles] start=10...
2026-04-25 16:45:23,728 [INFO]   [Collectibles] +10 itens | total desta cat: 20/45
2026-04-25 16:45:25,602 [INFO]   [Collectibles] start=20...
2026-04-25 16:45:25,864 [INFO]   [Collectibles] +10 itens | total desta cat: 30/45
2026-04-25 16:45:28,296 [INFO]   [Collectibles] start=30...
2026-04-25 16:45:28,576 [INFO]   [Collectibles] +10 itens | total desta cat: 40/45
2026-04-25 16:45:30,814 [INFO]   [Collectibles] start=40...
2026-04-25 16:45:31,087 [INFO]   [Collectibles] +5 itens | total desta cat: 45/45
2026-04-25 16:45:31,087 [INFO]   [Collectibles] ✓ 45 itens recolhidos.
2026-04-25 16:45:31,624 [INFO] 💾 Guardado: 12718 itens únicos → cs2_market_prices.json + cs2_market_prices.csv
2026-04-25 16:45:31,625 [INFO] ⏸  Pausa entre categorias: 3.7s
2026-04-25 16:45:35,357 [INFO] [26/27] A processar: Gifts
2026-04-25 16:45:35,357 [INFO] ━━━ Categoria: Gifts ━━━
2026-04-25 16:45:35,357 [INFO]   [Gifts] start=0...
2026-04-25 16:45:35,629 [INFO]   [Gifts] Sem mais resultados (total=0).
2026-04-25 16:45:35,629 [INFO]   [Gifts] ✓ 0 itens recolhidos.
2026-04-25 16:45:36,104 [INFO] 💾 Guardado: 12718 itens únicos → cs2_market_prices.json + cs2_market_prices.csv
2026-04-25 16:45:36,104 [INFO] ⏸  Pausa entre categorias: 3.8s
2026-04-25 16:45:39,889 [INFO] [27/27] A processar: Tools
2026-04-25 16:45:39,889 [INFO] ━━━ Categoria: Tools ━━━
2026-04-25 16:45:39,889 [INFO]   [Tools] start=0...
2026-04-25 16:45:40,167 [INFO]   [Tools] +1 itens | total desta cat: 1/1
2026-04-25 16:45:40,167 [INFO]   [Tools] ✓ 1 itens recolhidos.
2026-04-25 16:45:40,611 [INFO] 💾 Guardado: 12719 itens únicos → cs2_market_prices.json + cs2_market_prices.csv
2026-04-25 16:45:40,611 [INFO] ✅ Scraping completo! 12719 itens únicos recolhidos.
2026-04-25 16:45:40,844 [INFO] 💾 Guardado: 12719 itens únicos → cs2_market_prices.json + cs2_market_prices.csv
2026-04-25 16:45:40,847 [INFO] Ficheiro de progresso removido.
